Global RMG Settings:
   database.directory   = /home/boyuan-yu/anaconda3/envs/rmg_env/share/rmgdatabase (from /home/boyuan-yu/anaconda3/envs/rmg_env/lib/python3.7/site-packages/rmgpy/rmgrc)
   test_data.directory  = /home/boyuan-yu/anaconda3/envs/rmg_env/lib/python3.7/site-packages/rmgpy/test_data (Default, relative to RMG-Py source code)
RMG execution initiated at Mon May 12 11:12:53 2025

#########################################################
# RMG-Py - Reaction Mechanism Generator in Python       #
# Version: 3.1.0                                        #
# Authors: RMG Developers (rmg_dev@mit.edu)             #
# P.I.s:   William H. Green (whgreen@mit.edu)           #
#          Richard H. West (r.west@neu.edu)             #
# Website: http://reactionmechanismgenerator.github.io/ #
#########################################################

Reading input file "/home/boyuan-yu/Documents/USC/research/rmg/nDodecane/input.py"...
# Data sources
database(
    thermoLibraries = ['primaryThermoLibrary', 'FFCM1(-)'],
    reactionLibraries = [],
    seedMechanisms = ['FFCM1(-)'],
    # seedMechanisms = [],
    kineticsDepositories = ['training'],
    kineticsFamilies = 'default',
    kineticsEstimator = 'rate rules',
)

generatedSpeciesConstraints(
    allowed=['input species','seed mechanisms','reaction libraries'],
    # maximumCarbonAtoms=10,
    # maximumOxygenAtoms=2,
    # maximumNitrogenAtoms=2,
    # maximumSiliconAtoms=2,
    # maximumSulfurAtoms=2,
    # maximumHeavyAtoms=10,
    # maximumSurfaceSites=2,
    #         maximumSurfaceBondOrder=4,
    # maximumRadicalElectrons=2,
    # maximumSingletCarbenes=1,
    # maximumCarbeneRadicals=0,
    # maximumIsotopicAtoms=2,
    # allowSingletO2 = False,
    # speciesCuttingThreshold=20,
)


# List of species
species(
    label='C12H24',
    reactive=True,
    structure=adjacencyList(
        """
        1  C u0 p0 c0 {2,S} {7,S} {13,S} {14,S}
        2  C u0 p0 c0 {1,S} {3,S} {15,S} {16,S}
        3  C u0 p0 c0 {2,S} {4,S} {17,S} {18,S}
        4  C u0 p0 c0 {3,S} {5,S} {19,S} {20,S}
        5  C u0 p0 c0 {4,S} {6,S} {21,S} {22,S}
        6  C u0 p0 c0 {5,S} {9,S} {23,S} {24,S}
        7  C u0 p0 c0 {1,S} {8,S} {27,S} {28,S}
        8  C u0 p0 c0 {7,S} {10,S} {29,S} {30,S}
        9  C u0 p0 c0 {6,S} {11,S} {25,S} {26,S}
        10 C u0 p0 c0 {8,S} {12,S} {31,S} {32,S}
        11 C u0 p0 c0 {9,S} {33,S} {34,S} {35,S}
        12 C u0 p0 c0 {10,S} {36,S} {37,S} {38,S}
        13 H u0 p0 c0 {1,S}
        14 H u0 p0 c0 {1,S}
        15 H u0 p0 c0 {2,S}
        16 H u0 p0 c0 {2,S}
        17 H u0 p0 c0 {3,S}
        18 H u0 p0 c0 {3,S}
        19 H u0 p0 c0 {4,S}
        20 H u0 p0 c0 {4,S}
        21 H u0 p0 c0 {5,S}
        22 H u0 p0 c0 {5,S}
        23 H u0 p0 c0 {6,S}
        24 H u0 p0 c0 {6,S}
        25 H u0 p0 c0 {9,S}
        26 H u0 p0 c0 {9,S}
        27 H u0 p0 c0 {7,S}
        28 H u0 p0 c0 {7,S}
        29 H u0 p0 c0 {8,S}
        30 H u0 p0 c0 {8,S}
        31 H u0 p0 c0 {10,S}
        32 H u0 p0 c0 {10,S}
        33 H u0 p0 c0 {11,S}
        34 H u0 p0 c0 {11,S}
        35 H u0 p0 c0 {11,S}
        36 H u0 p0 c0 {12,S}
        37 H u0 p0 c0 {12,S}
        38 H u0 p0 c0 {12,S}

        """),
)

species(
    label='O2',
    reactive=True,
    structure=adjacencyList(
        """
        multiplicity 3
        1 O u1 p2 c0 {2,S}
        2 O u1 p2 c0 {1,S}

        """),
)


# Reaction systems
simpleReactor(
    temperature=(1350,'K'),
    pressure=(1.0,'bar'),
    initialMoleFractions={
        "C12H24": 0.05263,
        "O2": 0.94737,
    },
    terminationConversion={
        'C12H24': 0.9,
    },
    terminationTime=(1e6,'s'),
)

simulator(  # tune parameters
    atol=1e-16,
    rtol=1e-8,
)

model(  # tune parameters
    toleranceKeepInEdge=0.0,
    toleranceMoveToCore=0.1,
    toleranceInterruptSimulation=0.1,
    maximumEdgeSpecies=100000,
    filterReactions=True,
)

options(
    units='si',
    generateOutputHTML=True,
    generatePlots=False,
    saveEdgeSpecies=True,
    saveSimulationProfiles=True,
)

Warning: Generate Output HTML option was turned on. Note that this will slow down model generation.
Warning: Edge species saving was turned on. This will slow down model generation for large simulations.

Loading transport library from OneDMinN2.py in /home/boyuan-yu/anaconda3/envs/rmg_env/share/rmgdatabase/transport/libraries...
Loading transport library from GRI-Mech.py in /home/boyuan-yu/anaconda3/envs/rmg_env/share/rmgdatabase/transport/libraries...
Loading transport library from NOx2018.py in /home/boyuan-yu/anaconda3/envs/rmg_env/share/rmgdatabase/transport/libraries...
Loading transport library from PrimaryTransportLibrary.py in /home/boyuan-yu/anaconda3/envs/rmg_env/share/rmgdatabase/transport/libraries...
Loading transport group database from /home/boyuan-yu/anaconda3/envs/rmg_env/share/rmgdatabase/transport/groups...
Loading kinetics library FFCM1(-) from /home/boyuan-yu/anaconda3/envs/rmg_env/share/rmgdatabase/kinetics/libraries/FFCM1(-)/reactions.py...
Loading frequencies group database from /home/boyuan-yu/anaconda3/envs/rmg_env/share/rmgdatabase/statmech/groups...
Loading Platts additivity group database from /home/boyuan-yu/anaconda3/envs/rmg_env/share/rmgdatabase/solvation/groups...
Loading thermodynamics library from primaryThermoLibrary.py in /home/boyuan-yu/anaconda3/envs/rmg_env/share/rmgdatabase/thermo/libraries...
Loading thermodynamics library from FFCM1(-).py in /home/boyuan-yu/anaconda3/envs/rmg_env/share/rmgdatabase/thermo/libraries...
Loading thermodynamics group database from /home/boyuan-yu/anaconda3/envs/rmg_env/share/rmgdatabase/thermo/groups...
Adding rate rules from training set in kinetics families...
Filling in rate rules in kinetics families by averaging...
Adding seed mechanism FFCM1(-) to model core...

Summary of Model Enlargement
---------------------------------
Added 35 new core species
    H(3)
    O(4)
    OH(5)
    H2(6)
    H2O(7)
    Ar(8)
    He(9)
    HO2(10)
    H2O2(11)
    CO(12)
    CO2(13)
    HCO(14)
    C(T)(15)
    CH(16)
    CH2(T)(17)
    CH3(18)
    CH2O(19)
    HCCO(20)
    C2H(21)
    C2H2(22)
    H2CC(23)
    CH2(S)(24)
    N2(25)
    CH3OH(26)
    CH3O(27)
    CH2CO(28)
    C2H3(29)
    C2H4(30)
    CH4(31)
    C2H6(32)
    C2H5(33)
    CH2OH(34)
    CH3CO(35)
    CH2CHO(36)
    CH3CHO(37)
Created 0 new edge species
Added 259 new core reactions
    O2(2) + H(3) <=> O(4) + OH(5)
    O(4) + H2(6) <=> H(3) + OH(5)
    OH(5) + H2(6) <=> H(3) + H2O(7)
    OH(5) + OH(5) <=> O(4) + H2O(7)
    H2(6) <=> H(3) + H(3)
    Ar(8) + H2(6) <=> Ar(8) + H(3) + H(3)
    He(9) + H2(6) <=> He(9) + H(3) + H(3)
    O(4) + O(4) <=> O2(2)
    Ar(8) + O(4) + O(4) <=> Ar(8) + O2(2)
    He(9) + O(4) + O(4) <=> He(9) + O2(2)
    O(4) + H(3) <=> OH(5)
    H2O(7) <=> H(3) + OH(5)
    H2O(7) + H2O(7) <=> H(3) + OH(5) + H2O(7)
    O2(2) + H(3) <=> HO2(10)
    H(3) + HO2(10) <=> O2(2) + H2(6)
    H(3) + HO2(10) <=> OH(5) + OH(5)
    H(3) + HO2(10) <=> O(4) + H2O(7)
    O(4) + HO2(10) <=> O2(2) + OH(5)
    OH(5) + HO2(10) <=> O2(2) + H2O(7)
    HO2(10) + HO2(10) <=> O2(2) + H2O2(11)
    H2O2(11) <=> OH(5) + OH(5)
    H(3) + H2O2(11) <=> OH(5) + H2O(7)
    H(3) + H2O2(11) <=> HO2(10) + H2(6)
    O(4) + H2O2(11) <=> OH(5) + HO2(10)
    OH(5) + H2O2(11) <=> HO2(10) + H2O(7)
    O(4) + CO(12) <=> CO2(13)
    O2(2) + CO(12) <=> O(4) + CO2(13)
    OH(5) + CO(12) <=> H(3) + CO2(13)
    HO2(10) + CO(12) <=> OH(5) + CO2(13)
    HCO(14) <=> H(3) + CO(12)
    H(3) + HCO(14) <=> H2(6) + CO(12)
    O(4) + HCO(14) <=> OH(5) + CO(12)
    O(4) + HCO(14) <=> H(3) + CO2(13)
    OH(5) + HCO(14) <=> H2O(7) + CO(12)
    O2(2) + HCO(14) <=> HO2(10) + CO(12)
    OH(5) + C(T)(15) <=> H(3) + CO(12)
    O2(2) + C(T)(15) <=> O(4) + CO(12)
    H(3) + CH(16) <=> H2(6) + C(T)(15)
    O(4) + CH(16) <=> H(3) + CO(12)
    OH(5) + CH(16) <=> H(3) + HCO(14)
    H2(6) + CH(16) <=> H(3) + CH2(T)(17)
    H2(6) + CH(16) <=> CH3(18)
    H2O(7) + CH(16) <=> H(3) + CH2O(19)
    O2(2) + CH(16) <=> O(4) + HCO(14)
    O2(2) + CH(16) <=> H(3) + CO2(13)
    O2(2) + CH(16) <=> OH(5) + CO(12)
    O2(2) + CH(16) <=> O(4) + H(3) + CO(12)
    CO(12) + CH(16) <=> HCCO(20)
    CO2(13) + CH(16) <=> CO(12) + HCO(14)
    H(3) + CH2(T)(17) <=> CH3(18)
    O(4) + CH2(T)(17) <=> H(3) + H(3) + CO(12)
    OH(5) + CH2(T)(17) <=> H(3) + CH2O(19)
    OH(5) + CH2(T)(17) <=> H2O(7) + CH(16)
    HO2(10) + CH2(T)(17) <=> OH(5) + CH2O(19)
    H2(6) + CH2(T)(17) <=> H(3) + CH3(18)
    O2(2) + CH2(T)(17) <=> H(3) + OH(5) + CO(12)
    O2(2) + CH2(T)(17) <=> H(3) + H(3) + CO2(13)
    O2(2) + CH2(T)(17) <=> O(4) + CH2O(19)
    O2(2) + CH2(T)(17) <=> H2(6) + CO2(13)
    O2(2) + CH2(T)(17) <=> H2O(7) + CO(12)
    C(T)(15) + CH2(T)(17) <=> H(3) + C2H(21)
    CH(16) + CH2(T)(17) <=> H(3) + C2H2(22)
    CH2(T)(17) + CH2(T)(17) <=> H(3) + H(3) + C2H2(22)
    CH2(T)(17) + CH2(T)(17) <=> H2(6) + H2CC(23)
    N2(25) + CH2(S)(24) <=> N2(25) + CH2(T)(17)
    Ar(8) + CH2(S)(24) <=> Ar(8) + CH2(T)(17)
    He(9) + CH2(S)(24) <=> He(9) + CH2(T)(17)
    H(3) + CH2(S)(24) <=> H2(6) + CH(16)
    O(4) + CH2(S)(24) <=> H(3) + H(3) + CO(12)
    OH(5) + CH2(S)(24) <=> H(3) + CH2O(19)
    H2(6) + CH2(S)(24) <=> H(3) + CH3(18)
    O2(2) + CH2(S)(24) <=> O2(2) + CH2(T)(17)
    H2O(7) + CH2(S)(24) <=> CH3OH(26)
    H2O(7) + CH2(S)(24) <=> H2O(7) + CH2(T)(17)
    H2O(7) + CH2(S)(24) <=> H2(6) + CH2O(19)
    H2O2(11) + CH2(S)(24) <=> OH(5) + CH3O(27)
    CO(12) + CH2(S)(24) <=> CO(12) + CH2(T)(17)
    CO2(13) + CH2(S)(24) <=> CO2(13) + CH2(T)(17)
    CO2(13) + CH2(S)(24) <=> CO(12) + CH2O(19)
    H(3) + HCO(14) <=> CH2O(19)
    CH2O(19) <=> H2(6) + CO(12)
    H(3) + CH2O(19) <=> H2(6) + HCO(14)
    O(4) + CH2O(19) <=> OH(5) + HCO(14)
    OH(5) + CH2O(19) <=> H2O(7) + HCO(14)
    O2(2) + CH2O(19) <=> HO2(10) + HCO(14)
    HO2(10) + CH2O(19) <=> H2O2(11) + HCO(14)
    CH(16) + CH2O(19) <=> H(3) + CH2CO(28)
    CH2(T)(17) + CH2O(19) <=> HCO(14) + CH3(18)
    CH2(S)(24) + CH2O(19) <=> HCO(14) + CH3(18)
    CH2O(19) + C2H(21) <=> HCO(14) + C2H2(22)
    CH2O(19) + C2H3(29) <=> HCO(14) + C2H4(30)
    H(3) + CH3(18) <=> CH4(31)
    O(4) + CH3(18) <=> H(3) + CH2O(19)
    O(4) + CH3(18) <=> H(3) + H2(6) + CO(12)
    OH(5) + CH3(18) <=> CH3OH(26)
    OH(5) + CH3(18) <=> H2O(7) + CH2(T)(17)
    OH(5) + CH3(18) <=> H2O(7) + CH2(S)(24)
    OH(5) + CH3(18) <=> H2(6) + CH2O(19)
    HO2(10) + CH3(18) <=> O2(2) + CH4(31)
    HO2(10) + CH3(18) <=> OH(5) + CH3O(27)
    O2(2) + CH3(18) <=> O(4) + CH3O(27)
    O2(2) + CH3(18) <=> OH(5) + CH2O(19)
    C(T)(15) + CH3(18) <=> H(3) + C2H2(22)
    CH(16) + CH3(18) <=> H(3) + C2H3(29)
    CH2(T)(17) + CH3(18) <=> H(3) + C2H4(30)
    CH2(S)(24) + CH3(18) <=> H(3) + C2H4(30)
    CH3(18) + CH3(18) <=> C2H6(32)
    CH3(18) + CH3(18) <=> H(3) + C2H5(33)
    HCO(14) + CH3(18) <=> CO(12) + CH4(31)
    CH2O(19) + CH3(18) <=> HCO(14) + CH4(31)
    CH3O(27) <=> H(3) + CH2O(19)
    H(3) + CH3O(27) <=> CH3OH(26)
    H(3) + CH3O(27) <=> H(3) + CH2OH(34)
    H(3) + CH3O(27) <=> H2(6) + CH2O(19)
    H(3) + CH3O(27) <=> OH(5) + CH3(18)
    H(3) + CH3O(27) <=> H2O(7) + CH2(S)(24)
    O(4) + CH3O(27) <=> OH(5) + CH2O(19)
    OH(5) + CH3O(27) <=> H2O(7) + CH2O(19)
    O2(2) + CH3O(27) <=> HO2(10) + CH2O(19)
    CH3(18) + CH3O(27) <=> CH2O(19) + CH4(31)
    CO(12) + CH3O(27) <=> CO2(13) + CH3(18)
    CH2OH(34) <=> H(3) + CH2O(19)
    H(3) + CH2OH(34) <=> CH3OH(26)
    H(3) + CH2OH(34) <=> H2(6) + CH2O(19)
    H(3) + CH2OH(34) <=> OH(5) + CH3(18)
    H(3) + CH2OH(34) <=> H2O(7) + CH2(S)(24)
    O(4) + CH2OH(34) <=> OH(5) + CH2O(19)
    OH(5) + CH2OH(34) <=> H2O(7) + CH2O(19)
    O2(2) + CH2OH(34) <=> HO2(10) + CH2O(19)
    CH3(18) + CH2OH(34) <=> CH2O(19) + CH4(31)
    H(3) + CH4(31) <=> H2(6) + CH3(18)
    O(4) + CH4(31) <=> OH(5) + CH3(18)
    OH(5) + CH4(31) <=> H2O(7) + CH3(18)
    HO2(10) + CH4(31) <=> H2O2(11) + CH3(18)
    CH(16) + CH4(31) <=> H(3) + C2H4(30)
    CH2(T)(17) + CH4(31) <=> CH3(18) + CH3(18)
    CH2(S)(24) + CH4(31) <=> CH3(18) + CH3(18)
    CH4(31) + C2H(21) <=> CH3(18) + C2H2(22)
    H(3) + CH3OH(26) <=> H2(6) + CH2OH(34)
    H(3) + CH3OH(26) <=> H2(6) + CH3O(27)
    O(4) + CH3OH(26) <=> OH(5) + CH2OH(34)
    O(4) + CH3OH(26) <=> OH(5) + CH3O(27)
    OH(5) + CH3OH(26) <=> H2O(7) + CH2OH(34)
    OH(5) + CH3OH(26) <=> H2O(7) + CH3O(27)
    O2(2) + CH3OH(26) <=> HO2(10) + CH2OH(34)
    HO2(10) + CH3OH(26) <=> H2O2(11) + CH2OH(34)
    HO2(10) + CH3OH(26) <=> H2O2(11) + CH3O(27)
    CH(16) + CH3OH(26) <=> CH2O(19) + CH3(18)
    CH2(T)(17) + CH3OH(26) <=> CH3(18) + CH2OH(34)
    CH2(T)(17) + CH3OH(26) <=> CH3(18) + CH3O(27)
    CH2(S)(24) + CH3OH(26) <=> CH3(18) + CH3O(27)
    CH2(S)(24) + CH3OH(26) <=> CH3(18) + CH2OH(34)
    CH3(18) + CH3OH(26) <=> CH2OH(34) + CH4(31)
    CH3(18) + CH3OH(26) <=> CH3O(27) + CH4(31)
    CH3OH(26) + C2H(21) <=> CH2OH(34) + C2H2(22)
    CH3OH(26) + C2H(21) <=> CH3O(27) + C2H2(22)
    CH3OH(26) + C2H3(29) <=> CH2OH(34) + C2H4(30)
    CH3OH(26) + C2H3(29) <=> CH3O(27) + C2H4(30)
    H(3) + C2H(21) <=> C2H2(22)
    O(4) + C2H(21) <=> CO(12) + CH(16)
    OH(5) + C2H(21) <=> H(3) + HCCO(20)
    H2(6) + C2H(21) <=> H(3) + C2H2(22)
    O2(2) + C2H(21) <=> CO(12) + HCO(14)
    H(3) + HCCO(20) <=> CO(12) + CH2(S)(24)
    O(4) + HCCO(20) <=> H(3) + CO(12) + CO(12)
    O(4) + HCCO(20) <=> CO2(13) + CH(16)
    O2(2) + HCCO(20) <=> OH(5) + CO(12) + CO(12)
    CH(16) + HCCO(20) <=> CO(12) + C2H2(22)
    CH2(T)(17) + HCCO(20) <=> CO(12) + C2H3(29)
    HCCO(20) + HCCO(20) <=> CO(12) + CO(12) + C2H2(22)
    C2H2(22) <=> H2CC(23)
    H(3) + C2H2(22) <=> C2H3(29)
    O(4) + C2H2(22) <=> H(3) + HCCO(20)
    O(4) + C2H2(22) <=> CO(12) + CH2(T)(17)
    OH(5) + C2H2(22) <=> H(3) + CH2CO(28)
    OH(5) + C2H2(22) <=> H2O(7) + C2H(21)
    OH(5) + C2H2(22) <=> CO(12) + CH3(18)
    H(3) + H2CC(23) <=> H(3) + C2H2(22)
    OH(5) + H2CC(23) <=> H(3) + CH2CO(28)
    O2(2) + H2CC(23) <=> HCO(14) + HCO(14)
    CO(12) + CH2(T)(17) <=> CH2CO(28)
    H(3) + CH2CO(28) <=> H2(6) + HCCO(20)
    H(3) + CH2CO(28) <=> CO(12) + CH3(18)
    O(4) + CH2CO(28) <=> OH(5) + HCCO(20)
    O(4) + CH2CO(28) <=> CO2(13) + CH2(T)(17)
    O(4) + CH2CO(28) <=> HCO(14) + HCO(14)
    O(4) + CH2CO(28) <=> CO(12) + CH2O(19)
    OH(5) + CH2CO(28) <=> H2O(7) + HCCO(20)
    OH(5) + CH2CO(28) <=> CO2(13) + CH3(18)
    OH(5) + CH2CO(28) <=> CO(12) + CH2OH(34)
    CH(16) + CH2CO(28) <=> CO(12) + C2H3(29)
    H(3) + C2H3(29) <=> C2H4(30)
    H(3) + C2H3(29) <=> H2(6) + C2H2(22)
    H(3) + C2H3(29) <=> H2(6) + H2CC(23)
    O(4) + C2H3(29) <=> H(3) + CH2CO(28)
    OH(5) + C2H3(29) <=> H2O(7) + C2H2(22)
    OH(5) + C2H3(29) <=> HCO(14) + CH3(18)
    OH(5) + C2H3(29) <=> H(3) + CH3CO(35)
    O2(2) + C2H3(29) <=> HCO(14) + CH2O(19)
    O2(2) + C2H3(29) <=> O(4) + CH2CHO(36)
    O2(2) + C2H3(29) <=> HO2(10) + C2H2(22)
    CH3(18) + C2H3(29) <=> CH4(31) + C2H2(22)
    CH2CHO(36) <=> H(3) + CH2CO(28)
    CH2CHO(36) <=> CO(12) + CH3(18)
    H(3) + CH2CHO(36) <=> HCO(14) + CH3(18)
    H(3) + CH2CHO(36) <=> H2(6) + CH2CO(28)
    H(3) + CH2CHO(36) <=> H(3) + CH3CO(35)
    O(4) + CH2CHO(36) <=> H(3) + CO2(13) + CH2(T)(17)
    OH(5) + CH2CHO(36) <=> H2O(7) + CH2CO(28)
    OH(5) + CH2CHO(36) <=> HCO(14) + CH2OH(34)
    O2(2) + CH2CHO(36) <=> OH(5) + CO(12) + CH2O(19)
    CH3CO(35) <=> CO(12) + CH3(18)
    H(3) + CH3CO(35) <=> CH3CHO(37)
    H(3) + CH3CO(35) <=> HCO(14) + CH3(18)
    O(4) + CH3CO(35) <=> OH(5) + CH2CO(28)
    O(4) + CH3CO(35) <=> CO2(13) + CH3(18)
    OH(5) + CH3CO(35) <=> H2O(7) + CH2CO(28)
    OH(5) + CH3CO(35) <=> OH(5) + CO(12) + CH3(18)
    HO2(10) + CH3CO(35) <=> OH(5) + CO2(13) + CH3(18)
    O2(2) + CH3CO(35) <=> HO2(10) + CH2CO(28)
    CH3(18) + CH3CO(35) <=> CH4(31) + CH2CO(28)
    CH3CHO(37) <=> CO(12) + CH4(31)
    CH3CHO(37) <=> HCO(14) + CH3(18)
    H(3) + CH3CHO(37) <=> H2(6) + CH2CHO(36)
    H(3) + CH3CHO(37) <=> H2(6) + CH3CO(35)
    O(4) + CH3CHO(37) <=> OH(5) + CH2CHO(36)
    O(4) + CH3CHO(37) <=> OH(5) + CH3CO(35)
    OH(5) + CH3CHO(37) <=> H2O(7) + CH3CO(35)
    O2(2) + CH3CHO(37) <=> HO2(10) + CH3CO(35)
    HO2(10) + CH3CHO(37) <=> H2O2(11) + CH3CO(35)
    CH3(18) + CH3CHO(37) <=> CH4(31) + CH3CO(35)
    C2H4(30) <=> H2(6) + H2CC(23)
    H(3) + C2H4(30) <=> C2H5(33)
    H(3) + C2H4(30) <=> H2(6) + C2H3(29)
    O(4) + C2H4(30) <=> HCO(14) + CH3(18)
    O(4) + C2H4(30) <=> H(3) + CH2CHO(36)
    O(4) + C2H4(30) <=> CH2(T)(17) + CH2O(19)
    OH(5) + C2H4(30) <=> H2O(7) + C2H3(29)
    OH(5) + C2H4(30) <=> CH2O(19) + CH3(18)
    OH(5) + C2H4(30) <=> H(3) + CH3CHO(37)
    CH3(18) + C2H4(30) <=> CH4(31) + C2H3(29)
    O2(2) + C2H4(30) <=> HO2(10) + C2H3(29)
    H(3) + C2H5(33) <=> C2H6(32)
    H(3) + C2H5(33) <=> H2(6) + C2H4(30)
    O(4) + C2H5(33) <=> CH2O(19) + CH3(18)
    O(4) + C2H5(33) <=> H(3) + CH3CHO(37)
    O(4) + C2H5(33) <=> OH(5) + C2H4(30)
    O2(2) + C2H5(33) <=> HO2(10) + C2H4(30)
    CH3(18) + C2H5(33) <=> CH4(31) + C2H4(30)
    CH2O(19) + C2H5(33) <=> HCO(14) + C2H6(32)
    CH3OH(26) + C2H5(33) <=> CH2OH(34) + C2H6(32)
    H(3) + C2H6(32) <=> H2(6) + C2H5(33)
    O(4) + C2H6(32) <=> OH(5) + C2H5(33)
    OH(5) + C2H6(32) <=> H2O(7) + C2H5(33)
    CH(16) + C2H6(32) <=> CH3(18) + C2H4(30)
    CH2(S)(24) + C2H6(32) <=> CH3(18) + C2H5(33)
    CH3(18) + C2H6(32) <=> CH4(31) + C2H5(33)
    O2(2) + C2H6(32) <=> HO2(10) + C2H5(33)
    HO2(10) + C2H6(32) <=> H2O2(11) + C2H5(33)
Created 0 new edge reactions

After model enlargement:
    The model core has 35 species and 259 reactions
    The model edge has 2 species and 0 reactions

NOT generating reactions for unreactive species Ne

Summary of Model Enlargement
---------------------------------
Added 1 new core species
    Ne
Created 0 new edge species
Added 0 new core reactions
Created 0 new edge reactions

After model enlargement:
    The model core has 36 species and 259 reactions
    The model edge has 2 species and 0 reactions


Adding species C12H24(1) to model core

Summary of Model Enlargement
---------------------------------
Added 1 new core species
    C12H24(1)
Created 0 new edge species
Added 0 new core reactions
Created 0 new edge reactions

After model enlargement:
    The model core has 37 species and 259 reactions
    The model edge has 1 species and 0 reactions


Adding species O2(2) to model core

Summary of Model Enlargement
---------------------------------
Added 1 new core species
    O2(2)
Created 0 new edge species
Added 0 new core reactions
Created 0 new edge reactions

After model enlargement:
    The model core has 38 species and 259 reactions
    The model edge has 0 species and 0 reactions


Initialization complete. Starting model generation.

Generating initial reactions for reaction system 1...
For reaction generation 1 process is used.
Generating thermo for new species...
Generating kinetics for new reactions...

Summary of Secondary Model Edge Enlargement
---------------------------------
Added 0 new core species
Created 16 new edge species
    CCCCCCCCCCC(38)
    [CH2]CCCC(39)
    [CH2]CCCCCC(40)
    [CH2]CCC(41)
    [CH2]CCCCCCC(42)
    CCCC[CH]CCCCCCC(43)
    [CH2]CCCCC(44)
    CCCCC[CH]CCCCCC(45)
    [CH2]CC(47)
    [CH2]CCCCCCCC(46)
    CCC[CH]CCCCCCCC(48)
    [CH2]CCCCCCCCC(49)
    CC[CH]CCCCCCCCC(50)
    [CH2]CCCCCCCCCC(51)
    C[CH]CCCCCCCCCC(52)
    [CH2]CCCCCCCCCCC(53)
Added 0 new core reactions
Created 20 new edge reactions
    CH2(S)(24) + CCCCCCCCCCC(38) <=> C12H24(1)
    CH2(S)(24) + CCCCCCCCCCC(38) <=> C12H24(1)
    [CH2]CCCC(39) + [CH2]CCCCCC(40) <=> C12H24(1)
    [CH2]CCC(41) + [CH2]CCCCCCC(42) <=> C12H24(1)
    H(3) + CCCC[CH]CCCCCCC(43) <=> C12H24(1)
    [CH2]CCCCC(44) + [CH2]CCCCC(44) <=> C12H24(1)
    H(3) + CCCCC[CH]CCCCCC(45) <=> C12H24(1)
    [CH2]CC(47) + [CH2]CCCCCCCC(46) <=> C12H24(1)
    H(3) + CCC[CH]CCCCCCCC(48) <=> C12H24(1)
    C2H5(33) + [CH2]CCCCCCCCC(49) <=> C12H24(1)
    H(3) + CC[CH]CCCCCCCCC(50) <=> C12H24(1)
    CH3(18) + [CH2]CCCCCCCCCC(51) <=> C12H24(1)
    H(3) + C[CH]CCCCCCCCCC(52) <=> C12H24(1)
    H(3) + [CH2]CCCCCCCCCCC(53) <=> C12H24(1)
    HO2(10) + CCCC[CH]CCCCCCC(43) <=> O2(2) + C12H24(1)
    HO2(10) + CCCCC[CH]CCCCCC(45) <=> O2(2) + C12H24(1)
    HO2(10) + CCC[CH]CCCCCCCC(48) <=> O2(2) + C12H24(1)
    HO2(10) + CC[CH]CCCCCCCCC(50) <=> O2(2) + C12H24(1)
    HO2(10) + C[CH]CCCCCCCCCC(52) <=> O2(2) + C12H24(1)
    HO2(10) + [CH2]CCCCCCCCCCC(53) <=> O2(2) + C12H24(1)

After model enlargement:
    The model core has 38 species and 259 reactions
    The model edge has 16 species and 20 reactions


Completed initial enlarge edge step.

Saving current model core to Chemkin file...
Chemkin file contains 266 reactions.
Saving annotated version of Chemkin file...
Chemkin file contains 266 reactions.
Saving current model core and edge to Chemkin file...
Chemkin file contains 286 reactions.
Saving annotated version of Chemkin file...
Chemkin file contains 286 reactions.
Saving current model core to HTML file...
Saving current model edge to HTML file...
Updating RMG execution statistics...
    Execution time (DD:HH:MM:SS): 00:00:00:22
    Memory used: 759.53 MB

Making seed mechanism...
Beginning model generation stage 1...

Making seed mechanism...
Conducting simulation of reaction system 1...
At time 0.0000e+00 s, species CCCCCCCCCCC(38) at 532531.9230422516 exceeded the minimum rate for simulation interruption of 0.1
At time 0.0000e+00 s, species [CH2]CCCC(39) at 27747778748.59549 exceeded the minimum rate for simulation interruption of 0.1
At time 0.0000e+00 s, species [CH2]CCCCCC(40) at 27747778748.59549 exceeded the minimum rate for simulation interruption of 0.1
At time 0.0000e+00 s, species [CH2]CCC(41) at 27834140170.65906 exceeded the minimum rate for simulation interruption of 0.1
At time 0.0000e+00 s, species [CH2]CCCCCCC(42) at 27834140170.65906 exceeded the minimum rate for simulation interruption of 0.1
At time 0.0000e+00 s, species CCCC[CH]CCCCCCC(43) at 24767705.981315497 exceeded the minimum rate for simulation interruption of 0.1
At time 0.0000e+00 s, species [CH2]CCCCC(44) at 27772525852.451557 exceeded the minimum rate for simulation interruption of 0.1
At time 0.0000e+00 s, species CCCCC[CH]CCCCCC(45) at 24767705.981315497 exceeded the minimum rate for simulation interruption of 0.1
At time 0.0000e+00 s, species [CH2]CC(47) at 27929279504.283833 exceeded the minimum rate for simulation interruption of 0.1
At time 0.0000e+00 s, species [CH2]CCCCCCCC(46) at 27929279504.283833 exceeded the minimum rate for simulation interruption of 0.1
At time 0.0000e+00 s, species CCC[CH]CCCCCCCC(48) at 24767705.981315497 exceeded the minimum rate for simulation interruption of 0.1
At time 0.0000e+00 s, species [CH2]CCCCCCCCC(49) at 12425178908.924046 exceeded the minimum rate for simulation interruption of 0.1
At time 0.0000e+00 s, species CC[CH]CCCCCCCCC(50) at 24767705.981315497 exceeded the minimum rate for simulation interruption of 0.1
At time 0.0000e+00 s, species [CH2]CCCCCCCCCC(51) at 4275746839.550277 exceeded the minimum rate for simulation interruption of 0.1
At time 0.0000e+00 s, species C[CH]CCCCCCCCCC(52) at 31453378.298754968 exceeded the minimum rate for simulation interruption of 0.1
At time 0.0000e+00 s, species [CH2]CCCCCCCCCCC(53) at 30290992.478779797 exceeded the minimum rate for simulation interruption of 0.1
Exceeded max number of objects...removing excess objects
Reached max number of objects...preparing to terminate
At time 0.0000e+00 s, species [CH2]CCCCCCCC(46) at rate ratio 27929279504.283833 exceeded the minimum rate for moving to model core of 0.1
terminating simulation due to interrupt...


Adding species [CH2]CCCCCCCC(46) to model core

Summary of Model Enlargement
---------------------------------
Added 1 new core species
    [CH2]CCCCCCCC(46)
Created 0 new edge species
Added 0 new core reactions
Created 0 new edge reactions

After model enlargement:
    The model core has 39 species and 259 reactions
    The model edge has 15 species and 20 reactions


At time 1.0000e+06 s, reached target termination time.
    C12H24(1) conversion: 0         

For reaction generation 1 process is used.
Generating thermo for new species...
Species [C]#C[O] renamed C2O based on thermo library name
Species [CH]1CO1 renamed C2H3O based on thermo library name
Species C=CO renamed C2H3OH based on thermo library name
Species O=[C]O renamed HOCO based on thermo library name
Species CO[O] renamed CH3O2 based on thermo library name
Species C#CO renamed HCCOH based on thermo library name
Species C[CH]O renamed CH3CHOH based on thermo library name
Species CC[O] renamed CH3CH2O based on thermo library name
Generating kinetics for new reactions...
For reaction HCCO(20) <=> [C]1=CO1(55), Ea raised from 228.1 to 228.8 kJ/mol to match endothermicity of reaction.
For reaction O(4) + CH2O(19) <=> [CH2]O[O](73), Ea raised from 80.1 to 82.9 kJ/mol to match endothermicity of reaction.
For reaction O(4) + CH2CO(28) <=> C=[C]O[O](75), Ea raised from 163.1 to 167.4 kJ/mol to match endothermicity of reaction.
For reaction O2(2) + OH(5) <=> [O]OO(79), Ea raised from 16.4 to 20.8 kJ/mol to match endothermicity of reaction.
For reaction O2(2) + HO2(10) <=> [O]OOO(80), Ea raised from 76.4 to 82.7 kJ/mol to match endothermicity of reaction.
For reaction O2(2) + CO2(13) <=> [O]OO[C]=O(104), Ea raised from 401.6 to 406.3 kJ/mol to match endothermicity of reaction.
For reaction O2(2) + CO2(13) <=> [O]OC([O])=O(105), Ea raised from 217.9 to 222.6 kJ/mol to match endothermicity of reaction.
For reaction O2(2) + CH2O(19) <=> [CH2]OO[O](109), Ea raised from 357.7 to 362.3 kJ/mol to match endothermicity of reaction.
For reaction O2(2) + CH2O(19) <=> [O]CO[O](110), Ea raised from 163.1 to 167.6 kJ/mol to match endothermicity of reaction.
For reaction O2(2) + HCCO(20) <=> [O][C]=CO[O](113), Ea raised from 31.7 to 35.4 kJ/mol to match endothermicity of reaction.
For reaction O2(2) + HCCO(20) <=> [CH]=C([O])O[O](114), Ea raised from 33.0 to 38.8 kJ/mol to match endothermicity of reaction.
For reaction O2(2) + HCCO(20) <=> C#COO[O](115), Ea raised from 214.9 to 219.3 kJ/mol to match endothermicity of reaction.
For reaction O2(2) + HCCO(20) <=> [CH]=[C]OO[O](116), Ea raised from 469.8 to 474.6 kJ/mol to match endothermicity of reaction.
For reaction O2(2) + C2H2(22) <=> HO2(10) + C2H(21), Ea raised from 311.8 to 350.6 kJ/mol to match endothermicity of reaction.
For reaction O2(2) + C2H2(22) <=> [CH]=CO[O](119), Ea raised from 143.5 to 147.8 kJ/mol to match endothermicity of reaction.
For reaction O2(2) + CH3O(27) <=> COO[O](120), Ea raised from 33.4 to 38.6 kJ/mol to match endothermicity of reaction.
For reaction O2(2) + CH2CO(28) <=> C=[C]OO[O](121), Ea raised from 449.4 to 455.0 kJ/mol to match endothermicity of reaction.
For reaction O2(2) + CH2CO(28) <=> [O]OC[C]=O(122), Ea raised from 120.0 to 124.5 kJ/mol to match endothermicity of reaction.
For reaction O2(2) + C2H4(30) <=> [CH2]CO[O](124), Ea raised from 132.2 to 147.5 kJ/mol to match endothermicity of reaction.
For reaction O2(2) + CH2CHO(36) <=> [CH2][CH]OO[O](128), Ea raised from 409.0 to 411.7 kJ/mol to match endothermicity of reaction.
For reaction O2(2) + CH2CHO(36) <=> [CH2]C([O])O[O](129), Ea raised from 211.6 to 213.8 kJ/mol to match endothermicity of reaction.
For reaction O2(2) + CH2CHO(36) <=> [O][CH]CO[O](131), Ea raised from 219.7 to 220.5 kJ/mol to match endothermicity of reaction.
For reaction O2(2) + CH2CHO(36) <=> C=COO[O](132), Ea raised from 148.7 to 153.2 kJ/mol to match endothermicity of reaction.
For reaction O2(2) + CH3CHO(37) <=> C[CH]OO[O](135), Ea raised from 373.9 to 377.8 kJ/mol to match endothermicity of reaction.
For reaction O2(2) + CH3CHO(37) <=> CC([O])O[O](136), Ea raised from 176.5 to 179.8 kJ/mol to match endothermicity of reaction.

Summary of Secondary Model Edge Enlargement
---------------------------------
Added 0 new core species
Created 83 new edge species
    [C]=O(54)
    [C]1=CO1(55)
    C2O(56)
    [C]#CO(57)
    [C]#[C](58)
    [CH2][O](59)
    [CH]=C[O](60)
    [CH]C=O(61)
    [C]=C(62)
    [CH]=[CH](63)
    [CH]C(64)
    [CH]C(65)
    [CH2][CH2](66)
    C2H3O(67)
    [CH2][C]=O(68)
    C=[C]O(69)
    [CH]=CO(70)
    [CH2]C[O](71)
    C2H3OH(72)
    [CH2]O[O](73)
    [O]C[O](74)
    C=[C]O[O](75)
    [O]C[C]=O(76)
    C=C([O])[O](77)
    [O]O[O](78)
    [O]OO(79)
    [O]OOO(80)
    CCCCCCCC(C=O)CCCC(81)
    CCCCCCC(C=O)CCCCC(82)
    CCCCCCCCC(C=O)CCC(83)
    CCCCCCCCCC(C=O)CC(84)
    CCCCCCCCCCC(C)C=O(85)
    CCCCCCCCCCCCC=O(86)
    CCCCCCCCCCCC(C)=O(87)
    CCCCCCCC(CCCC)OC=O(88)
    CCCCCCC(CCCCC)OC=O(89)
    CCCCCCCCC(CCC)OC=O(90)
    CCCCCCCCCC(CC)OC=O(91)
    CCCCCCCCCCC(C)OC=O(92)
    CCCCCCCCCCCCOC=O(93)
    CCCCCCCCCCCC(=O)OC(94)
    CCCCCCCC(CCCC)C(=O)O(95)
    CCCCCCC(CCCCC)C(=O)O(96)
    CCCCCCCCC(CCC)C(=O)O(97)
    CCCCCCCCCC(CC)C(=O)O(98)
    CCCCCCCCCCC(C)C(=O)O(99)
    CCCCCCCCCCCCC(=O)O(100)
    CCCCCCCCCCCOC(C)=O(101)
    HOCO(102)
    [O]C=O(103)
    [O]OO[C]=O(104)
    [O]OC([O])=O(105)
    [O]OC=O(106)
    [CH](107)
    CH3O2(108)
    [CH2]OO[O](109)
    [O]CO[O](110)
    HCCOH(111)
    [CH]=[C]O(112)
    [O][C]=CO[O](113)
    [CH]=C([O])O[O](114)
    C#COO[O](115)
    [CH]=[C]OO[O](116)
    [O]OC=C=O(117)
    C#CO[O](118)
    [CH]=CO[O](119)
    COO[O](120)
    C=[C]OO[O](121)
    [O]OC[C]=O(122)
    C=C([O])O[O](123)
    [CH2]CO[O](124)
    CCO[O](125)
    [CH2][CH]O(126)
    C[CH][O](127)
    [CH2][CH]OO[O](128)
    [CH2]C([O])O[O](129)
    [O]OCC=O(130)
    [O][CH]CO[O](131)
    C=COO[O](132)
    CH3CHOH(133)
    CH3CH2O(134)
    C[CH]OO[O](135)
    CC([O])O[O](136)
Added 21 new core reactions
    O(4) + OH(5) <=> HO2(10)
    H(3) + HO2(10) <=> H2O2(11)
    H(3) + C(T)(15) <=> CH(16)
    O(4) + C2H(21) <=> HCCO(20)
    H(3) + CH(16) <=> CH2(S)(24)
    O(4) + CH3(18) <=> CH3O(27)
    CH2OH(34) <=> CH3O(27)
    H(3) + HCCO(20) <=> CH2CO(28)
    H2(6) + CH2(S)(24) <=> CH4(31)
    CH2(T)(17) + CH3(18) <=> C2H5(33)
    HCO(14) + CH2(T)(17) <=> CH2CHO(36)
    CH2CHO(36) <=> CH3CO(35)
    O(4) + C2H3(29) <=> CH2CHO(36)
    H(3) + CH2CHO(36) <=> CH3CHO(37)
    OH(5) + C2H(21) <=> O(4) + C2H2(22)
    O(4) + C2H4(30) <=> OH(5) + C2H3(29)
    HO2(10) + CH2(T)(17) <=> O2(2) + CH3(18)
    O2(2) + C2H2(22) <=> HO2(10) + C2H(21)
    HO2(10) + HCCO(20) <=> O2(2) + CH2CO(28)
    O2(2) + CH2CHO(36) <=> HO2(10) + CH2CO(28)
    HO2(10) + CH2CHO(36) <=> O2(2) + CH3CHO(37)
Created 257 new edge reactions
    H(3) + [C]=O(54) <=> HCO(14)
    HCCO(20) <=> [C]1=CO1(55)
    H(3) + C2O(56) <=> HCCO(20)
    [C]#CO(57) <=> HCCO(20)
    H(3) + [C]#[C](58) <=> C2H(21)
    H(3) + [CH2][O](59) <=> CH3O(27)
    [CH]=C[O](60) <=> CH2CO(28)
    [CH]C=O(61) <=> CH2CO(28)
    H(3) + [C]=C(62) <=> C2H3(29)
    H(3) + [CH]=[CH](63) <=> C2H3(29)
    [CH]C(64) <=> C2H4(30)
    H(3) + [CH]C(65) <=> C2H5(33)
    H(3) + [CH2][CH2](66) <=> C2H5(33)
    H(3) + [CH]=C[O](60) <=> CH2CHO(36)
    CH2CHO(36) <=> C2H3O(67)
    H(3) + [CH2][C]=O(68) <=> CH2CHO(36)
    C=[C]O(69) <=> CH2CHO(36)
    [CH]=CO(70) <=> CH2CHO(36)
    [CH2]C[O](71) <=> CH3CHO(37)
    C2H3OH(72) <=> CH3CHO(37)
    H(3) + C12H24(1) <=> H2(6) + CCCC[CH]CCCCCCC(43)
    H(3) + C12H24(1) <=> H2(6) + CCCCC[CH]CCCCCC(45)
    H(3) + C12H24(1) <=> H2(6) + CCC[CH]CCCCCCCC(48)
    H(3) + C12H24(1) <=> H2(6) + CC[CH]CCCCCCCCC(50)
    H(3) + C12H24(1) <=> H2(6) + C[CH]CCCCCCCCCC(52)
    H(3) + C12H24(1) <=> H2(6) + [CH2]CCCCCCCCCCC(53)
    O(4) + CH2O(19) <=> [CH2]O[O](73)
    O(4) + CH2O(19) <=> [O]C[O](74)
    O(4) + C2H2(22) <=> [CH]=C[O](60)
    O(4) + CH2CO(28) <=> C=[C]O[O](75)
    O(4) + CH2CO(28) <=> [O]C[C]=O(76)
    O(4) + CH2CO(28) <=> C=C([O])[O](77)
    O(4) + C2H4(30) <=> [CH2]C[O](71)
    O(4) + C12H24(1) <=> OH(5) + CCCC[CH]CCCCCCC(43)
    O(4) + C12H24(1) <=> OH(5) + CCCCC[CH]CCCCCC(45)
    O(4) + C12H24(1) <=> OH(5) + CCC[CH]CCCCCCCC(48)
    O(4) + C12H24(1) <=> OH(5) + CC[CH]CCCCCCCCC(50)
    O(4) + C12H24(1) <=> OH(5) + C[CH]CCCCCCCCCC(52)
    O(4) + C12H24(1) <=> OH(5) + [CH2]CCCCCCCCCCC(53)
    O(4) + O2(2) <=> [O]O[O](78)
    OH(5) + C12H24(1) <=> H2O(7) + CCCC[CH]CCCCCCC(43)
    OH(5) + C12H24(1) <=> H2O(7) + CCCCC[CH]CCCCCC(45)
    OH(5) + C12H24(1) <=> H2O(7) + CCC[CH]CCCCCCCC(48)
    OH(5) + C12H24(1) <=> H2O(7) + CC[CH]CCCCCCCCC(50)
    OH(5) + C12H24(1) <=> H2O(7) + C[CH]CCCCCCCCCC(52)
    OH(5) + C12H24(1) <=> H2O(7) + [CH2]CCCCCCCCCCC(53)
    O2(2) + OH(5) <=> [O]OO(79)
    H2O2(11) + CCCC[CH]CCCCCCC(43) <=> HO2(10) + C12H24(1)
    H2O2(11) + CCCCC[CH]CCCCCC(45) <=> HO2(10) + C12H24(1)
    H2O2(11) + CCC[CH]CCCCCCCC(48) <=> HO2(10) + C12H24(1)
    H2O2(11) + CC[CH]CCCCCCCCC(50) <=> HO2(10) + C12H24(1)
    H2O2(11) + C[CH]CCCCCCCCCC(52) <=> HO2(10) + C12H24(1)
    H2O2(11) + [CH2]CCCCCCCCCCC(53) <=> HO2(10) + C12H24(1)
    O2(2) + HO2(10) <=> [O]OOO(80)
    CO(12) + C12H24(1) <=> CCCCCCCC(C=O)CCCC(81)
    CO(12) + C12H24(1) <=> CCCCCCC(C=O)CCCCC(82)
    CO(12) + C12H24(1) <=> CCCCCCCCC(C=O)CCC(83)
    CO(12) + C12H24(1) <=> CCCCCCCCCC(C=O)CC(84)
    CO(12) + C12H24(1) <=> CCCCCCCCCCC(C)C=O(85)
    CO(12) + C12H24(1) <=> CCCCCCCCCCCCC=O(86)
    CO(12) + C12H24(1) <=> CCCCCCCCCCCC(C)=O(87)
    HCO(14) + CCCC[CH]CCCCCCC(43) <=> CO(12) + C12H24(1)
    HCO(14) + CCCCC[CH]CCCCCC(45) <=> CO(12) + C12H24(1)
    HCO(14) + CCC[CH]CCCCCCCC(48) <=> CO(12) + C12H24(1)
    HCO(14) + CC[CH]CCCCCCCCC(50) <=> CO(12) + C12H24(1)
    HCO(14) + C[CH]CCCCCCCCCC(52) <=> CO(12) + C12H24(1)
    HCO(14) + [CH2]CCCCCCCCCCC(53) <=> CO(12) + C12H24(1)
    CO2(13) + C12H24(1) <=> CCCCCCCC(CCCC)OC=O(88)
    CO2(13) + C12H24(1) <=> CCCCCCC(CCCCC)OC=O(89)
    CO2(13) + C12H24(1) <=> CCCCCCCCC(CCC)OC=O(90)
    CO2(13) + C12H24(1) <=> CCCCCCCCCC(CC)OC=O(91)
    CO2(13) + C12H24(1) <=> CCCCCCCCCCC(C)OC=O(92)
    CO2(13) + C12H24(1) <=> CCCCCCCCCCCCOC=O(93)
    CO2(13) + C12H24(1) <=> CCCCCCCCCCCC(=O)OC(94)
    CO2(13) + C12H24(1) <=> CCCCCCCC(CCCC)C(=O)O(95)
    CO2(13) + C12H24(1) <=> CCCCCCC(CCCCC)C(=O)O(96)
    CO2(13) + C12H24(1) <=> CCCCCCCCC(CCC)C(=O)O(97)
    CO2(13) + C12H24(1) <=> CCCCCCCCCC(CC)C(=O)O(98)
    CO2(13) + C12H24(1) <=> CCCCCCCCCCC(C)C(=O)O(99)
    CO2(13) + C12H24(1) <=> CCCCCCCCCCCCC(=O)O(100)
    CO2(13) + C12H24(1) <=> CCCCCCCCCCCOC(C)=O(101)
    HOCO(102) + CCCC[CH]CCCCCCC(43) <=> CO2(13) + C12H24(1)
    HOCO(102) + CCCCC[CH]CCCCCC(45) <=> CO2(13) + C12H24(1)
    HOCO(102) + CCC[CH]CCCCCCCC(48) <=> CO2(13) + C12H24(1)
    HOCO(102) + CC[CH]CCCCCCCCC(50) <=> CO2(13) + C12H24(1)
    HOCO(102) + C[CH]CCCCCCCCCC(52) <=> CO2(13) + C12H24(1)
    HOCO(102) + [CH2]CCCCCCCCCCC(53) <=> CO2(13) + C12H24(1)
    [O]C=O(103) + CCCC[CH]CCCCCCC(43) <=> CO2(13) + C12H24(1)
    [O]C=O(103) + CCCCC[CH]CCCCCC(45) <=> CO2(13) + C12H24(1)
    [O]C=O(103) + CCC[CH]CCCCCCCC(48) <=> CO2(13) + C12H24(1)
    [O]C=O(103) + CC[CH]CCCCCCCCC(50) <=> CO2(13) + C12H24(1)
    [O]C=O(103) + C[CH]CCCCCCCCCC(52) <=> CO2(13) + C12H24(1)
    [O]C=O(103) + [CH2]CCCCCCCCCCC(53) <=> CO2(13) + C12H24(1)
    O2(2) + CO2(13) <=> [O]OO[C]=O(104)
    O2(2) + CO2(13) <=> [O]OC([O])=O(105)
    HO2(10) + [C]=O(54) <=> O2(2) + HCO(14)
    O2(2) + HCO(14) <=> [O]OC=O(106)
    CH2(T)(17) + C12H24(1) <=> CH3(18) + CCCC[CH]CCCCCCC(43)
    CH2(T)(17) + C12H24(1) <=> CH3(18) + CCCCC[CH]CCCCCC(45)
    CH2(T)(17) + C12H24(1) <=> CH3(18) + CCC[CH]CCCCCCCC(48)
    CH2(T)(17) + C12H24(1) <=> CH3(18) + CC[CH]CCCCCCCCC(50)
    CH2(T)(17) + C12H24(1) <=> CH3(18) + C[CH]CCCCCCCCCC(52)
    CH2(T)(17) + C12H24(1) <=> CH3(18) + [CH2]CCCCCCCCCCC(53)
    O2(2) + CH2(T)(17) <=> [CH2]O[O](73)
    HO2(10) + [CH](107) <=> O2(2) + CH2(T)(17)
    CH3(18) + C12H24(1) <=> CH4(31) + CCCC[CH]CCCCCCC(43)
    CH3(18) + C12H24(1) <=> CH4(31) + CCCCC[CH]CCCCCC(45)
    CH3(18) + C12H24(1) <=> CH4(31) + CCC[CH]CCCCCCCC(48)
    CH3(18) + C12H24(1) <=> CH4(31) + CC[CH]CCCCCCCCC(50)
    CH3(18) + C12H24(1) <=> CH4(31) + C[CH]CCCCCCCCCC(52)
    CH3(18) + C12H24(1) <=> CH4(31) + [CH2]CCCCCCCCCCC(53)
    CH3O2(108) <=> O2(2) + CH3(18)
    CH2OH(34) + CCCC[CH]CCCCCCC(43) <=> CH2O(19) + C12H24(1)
    CH2OH(34) + CCCCC[CH]CCCCCC(45) <=> CH2O(19) + C12H24(1)
    CH2OH(34) + CCC[CH]CCCCCCCC(48) <=> CH2O(19) + C12H24(1)
    CH2OH(34) + CC[CH]CCCCCCCCC(50) <=> CH2O(19) + C12H24(1)
    CH2OH(34) + C[CH]CCCCCCCCCC(52) <=> CH2O(19) + C12H24(1)
    CH2OH(34) + [CH2]CCCCCCCCCCC(53) <=> CH2O(19) + C12H24(1)
    CH3O(27) + CCCC[CH]CCCCCCC(43) <=> CH2O(19) + C12H24(1)
    CH3O(27) + CCCCC[CH]CCCCCC(45) <=> CH2O(19) + C12H24(1)
    CH3O(27) + CCC[CH]CCCCCCCC(48) <=> CH2O(19) + C12H24(1)
    CH3O(27) + CC[CH]CCCCCCCCC(50) <=> CH2O(19) + C12H24(1)
    CH3O(27) + C[CH]CCCCCCCCCC(52) <=> CH2O(19) + C12H24(1)
    CH3O(27) + [CH2]CCCCCCCCCCC(53) <=> CH2O(19) + C12H24(1)
    O2(2) + CH2O(19) <=> [CH2]OO[O](109)
    O2(2) + CH2O(19) <=> [O]CO[O](110)
    [CH2][C]=O(68) + CCCC[CH]CCCCCCC(43) <=> HCCO(20) + C12H24(1)
    [CH2][C]=O(68) + CCCCC[CH]CCCCCC(45) <=> HCCO(20) + C12H24(1)
    [CH2][C]=O(68) + CCC[CH]CCCCCCCC(48) <=> HCCO(20) + C12H24(1)
    [CH2][C]=O(68) + CC[CH]CCCCCCCCC(50) <=> HCCO(20) + C12H24(1)
    [CH2][C]=O(68) + C[CH]CCCCCCCCCC(52) <=> HCCO(20) + C12H24(1)
    [CH2][C]=O(68) + [CH2]CCCCCCCCCCC(53) <=> HCCO(20) + C12H24(1)
    [CH]=C[O](60) + CCCC[CH]CCCCCCC(43) <=> HCCO(20) + C12H24(1)
    [CH]=C[O](60) + CCCCC[CH]CCCCCC(45) <=> HCCO(20) + C12H24(1)
    [CH]=C[O](60) + CCC[CH]CCCCCCCC(48) <=> HCCO(20) + C12H24(1)
    [CH]=C[O](60) + CC[CH]CCCCCCCCC(50) <=> HCCO(20) + C12H24(1)
    [CH]=C[O](60) + C[CH]CCCCCCCCCC(52) <=> HCCO(20) + C12H24(1)
    [CH]=C[O](60) + [CH2]CCCCCCCCCCC(53) <=> HCCO(20) + C12H24(1)
    HCCOH(111) + CCCC[CH]CCCCCCC(43) <=> HCCO(20) + C12H24(1)
    HCCOH(111) + CCCCC[CH]CCCCCC(45) <=> HCCO(20) + C12H24(1)
    HCCOH(111) + CCC[CH]CCCCCCCC(48) <=> HCCO(20) + C12H24(1)
    HCCOH(111) + CC[CH]CCCCCCCCC(50) <=> HCCO(20) + C12H24(1)
    HCCOH(111) + C[CH]CCCCCCCCCC(52) <=> HCCO(20) + C12H24(1)
    HCCOH(111) + [CH2]CCCCCCCCCCC(53) <=> HCCO(20) + C12H24(1)
    [CH]=[C]O(112) + CCCC[CH]CCCCCCC(43) <=> HCCO(20) + C12H24(1)
    [CH]=[C]O(112) + CCCCC[CH]CCCCCC(45) <=> HCCO(20) + C12H24(1)
    [CH]=[C]O(112) + CCC[CH]CCCCCCCC(48) <=> HCCO(20) + C12H24(1)
    [CH]=[C]O(112) + CC[CH]CCCCCCCCC(50) <=> HCCO(20) + C12H24(1)
    [CH]=[C]O(112) + C[CH]CCCCCCCCCC(52) <=> HCCO(20) + C12H24(1)
    [CH]=[C]O(112) + [CH2]CCCCCCCCCCC(53) <=> HCCO(20) + C12H24(1)
    HCCO(20) + C12H24(1) <=> CH2CO(28) + CCCC[CH]CCCCCCC(43)
    HCCO(20) + C12H24(1) <=> CH2CO(28) + CCCCC[CH]CCCCCC(45)
    HCCO(20) + C12H24(1) <=> CH2CO(28) + CCC[CH]CCCCCCCC(48)
    HCCO(20) + C12H24(1) <=> CH2CO(28) + CC[CH]CCCCCCCCC(50)
    HCCO(20) + C12H24(1) <=> CH2CO(28) + C[CH]CCCCCCCCCC(52)
    HCCO(20) + C12H24(1) <=> CH2CO(28) + [CH2]CCCCCCCCCCC(53)
    O2(2) + HCCO(20) <=> HO2(10) + C2O(56)
    O2(2) + HCCO(20) <=> [O][C]=CO[O](113)
    O2(2) + HCCO(20) <=> [CH]=C([O])O[O](114)
    O2(2) + HCCO(20) <=> C#COO[O](115)
    O2(2) + HCCO(20) <=> [CH]=[C]OO[O](116)
    O2(2) + HCCO(20) <=> [O]OC=C=O(117)
    O2(2) + C2H(21) <=> C#CO[O](118)
    C2H3(29) + CCCC[CH]CCCCCCC(43) <=> C2H2(22) + C12H24(1)
    C2H3(29) + CCCCC[CH]CCCCCC(45) <=> C2H2(22) + C12H24(1)
    C2H3(29) + CCC[CH]CCCCCCCC(48) <=> C2H2(22) + C12H24(1)
    C2H3(29) + CC[CH]CCCCCCCCC(50) <=> C2H2(22) + C12H24(1)
    C2H3(29) + C[CH]CCCCCCCCCC(52) <=> C2H2(22) + C12H24(1)
    C2H3(29) + [CH2]CCCCCCCCCCC(53) <=> C2H2(22) + C12H24(1)
    O2(2) + C2H2(22) <=> [CH]=CO[O](119)
    O2(2) + CH3O(27) <=> COO[O](120)
    C=[C]O(69) + CCCC[CH]CCCCCCC(43) <=> CH2CO(28) + C12H24(1)
    C=[C]O(69) + CCCCC[CH]CCCCCC(45) <=> CH2CO(28) + C12H24(1)
    C=[C]O(69) + CCC[CH]CCCCCCCC(48) <=> CH2CO(28) + C12H24(1)
    C=[C]O(69) + CC[CH]CCCCCCCCC(50) <=> CH2CO(28) + C12H24(1)
    C=[C]O(69) + C[CH]CCCCCCCCCC(52) <=> CH2CO(28) + C12H24(1)
    C=[C]O(69) + [CH2]CCCCCCCCCCC(53) <=> CH2CO(28) + C12H24(1)
    CH3CO(35) + CCCC[CH]CCCCCCC(43) <=> CH2CO(28) + C12H24(1)
    CH3CO(35) + CCCCC[CH]CCCCCC(45) <=> CH2CO(28) + C12H24(1)
    CH3CO(35) + CCC[CH]CCCCCCCC(48) <=> CH2CO(28) + C12H24(1)
    CH3CO(35) + CC[CH]CCCCCCCCC(50) <=> CH2CO(28) + C12H24(1)
    CH3CO(35) + C[CH]CCCCCCCCCC(52) <=> CH2CO(28) + C12H24(1)
    CH3CO(35) + [CH2]CCCCCCCCCCC(53) <=> CH2CO(28) + C12H24(1)
    CH2CHO(36) + CCCC[CH]CCCCCCC(43) <=> CH2CO(28) + C12H24(1)
    CH2CHO(36) + CCCCC[CH]CCCCCC(45) <=> CH2CO(28) + C12H24(1)
    CH2CHO(36) + CCC[CH]CCCCCCCC(48) <=> CH2CO(28) + C12H24(1)
    CH2CHO(36) + CC[CH]CCCCCCCCC(50) <=> CH2CO(28) + C12H24(1)
    CH2CHO(36) + C[CH]CCCCCCCCCC(52) <=> CH2CO(28) + C12H24(1)
    CH2CHO(36) + [CH2]CCCCCCCCCCC(53) <=> CH2CO(28) + C12H24(1)
    O2(2) + CH2CO(28) <=> C=[C]OO[O](121)
    O2(2) + CH2CO(28) <=> [O]OC[C]=O(122)
    O2(2) + CH2CO(28) <=> C=C([O])O[O](123)
    C2H5(33) + CCCC[CH]CCCCCCC(43) <=> C2H4(30) + C12H24(1)
    C2H5(33) + CCCCC[CH]CCCCCC(45) <=> C2H4(30) + C12H24(1)
    C2H5(33) + CCC[CH]CCCCCCCC(48) <=> C2H4(30) + C12H24(1)
    C2H5(33) + CC[CH]CCCCCCCCC(50) <=> C2H4(30) + C12H24(1)
    C2H5(33) + C[CH]CCCCCCCCCC(52) <=> C2H4(30) + C12H24(1)
    C2H5(33) + [CH2]CCCCCCCCCCC(53) <=> C2H4(30) + C12H24(1)
    O2(2) + C2H4(30) <=> [CH2]CO[O](124)
    C2H5(33) + C12H24(1) <=> C2H6(32) + CCCC[CH]CCCCCCC(43)
    C2H5(33) + C12H24(1) <=> C2H6(32) + CCCCC[CH]CCCCCC(45)
    C2H5(33) + C12H24(1) <=> C2H6(32) + CCC[CH]CCCCCCCC(48)
    C2H5(33) + C12H24(1) <=> C2H6(32) + CC[CH]CCCCCCCCC(50)
    C2H5(33) + C12H24(1) <=> C2H6(32) + C[CH]CCCCCCCCCC(52)
    C2H5(33) + C12H24(1) <=> C2H6(32) + [CH2]CCCCCCCCCCC(53)
    HO2(10) + [CH]C(65) <=> O2(2) + C2H5(33)
    CCO[O](125) <=> O2(2) + C2H5(33)
    [CH2][CH]O(126) + CCCC[CH]CCCCCCC(43) <=> CH2CHO(36) + C12H24(1)
    [CH2][CH]O(126) + CCCCC[CH]CCCCCC(45) <=> CH2CHO(36) + C12H24(1)
    [CH2][CH]O(126) + CCC[CH]CCCCCCCC(48) <=> CH2CHO(36) + C12H24(1)
    [CH2][CH]O(126) + CC[CH]CCCCCCCCC(50) <=> CH2CHO(36) + C12H24(1)
    [CH2][CH]O(126) + C[CH]CCCCCCCCCC(52) <=> CH2CHO(36) + C12H24(1)
    [CH2][CH]O(126) + [CH2]CCCCCCCCCCC(53) <=> CH2CHO(36) + C12H24(1)
    [CH2]C[O](71) + CCCC[CH]CCCCCCC(43) <=> CH2CHO(36) + C12H24(1)
    [CH2]C[O](71) + CCCCC[CH]CCCCCC(45) <=> CH2CHO(36) + C12H24(1)
    [CH2]C[O](71) + CCC[CH]CCCCCCCC(48) <=> CH2CHO(36) + C12H24(1)
    [CH2]C[O](71) + CC[CH]CCCCCCCCC(50) <=> CH2CHO(36) + C12H24(1)
    [CH2]C[O](71) + C[CH]CCCCCCCCCC(52) <=> CH2CHO(36) + C12H24(1)
    [CH2]C[O](71) + [CH2]CCCCCCCCCCC(53) <=> CH2CHO(36) + C12H24(1)
    CH3CHO(37) + CCCC[CH]CCCCCCC(43) <=> CH2CHO(36) + C12H24(1)
    CH3CHO(37) + CCCCC[CH]CCCCCC(45) <=> CH2CHO(36) + C12H24(1)
    CH3CHO(37) + CCC[CH]CCCCCCCC(48) <=> CH2CHO(36) + C12H24(1)
    CH3CHO(37) + CC[CH]CCCCCCCCC(50) <=> CH2CHO(36) + C12H24(1)
    CH3CHO(37) + C[CH]CCCCCCCCCC(52) <=> CH2CHO(36) + C12H24(1)
    CH3CHO(37) + [CH2]CCCCCCCCCCC(53) <=> CH2CHO(36) + C12H24(1)
    C[CH][O](127) + CCCC[CH]CCCCCCC(43) <=> CH2CHO(36) + C12H24(1)
    C[CH][O](127) + CCCCC[CH]CCCCCC(45) <=> CH2CHO(36) + C12H24(1)
    C[CH][O](127) + CCC[CH]CCCCCCCC(48) <=> CH2CHO(36) + C12H24(1)
    C[CH][O](127) + CC[CH]CCCCCCCCC(50) <=> CH2CHO(36) + C12H24(1)
    C[CH][O](127) + C[CH]CCCCCCCCCC(52) <=> CH2CHO(36) + C12H24(1)
    C[CH][O](127) + [CH2]CCCCCCCCCCC(53) <=> CH2CHO(36) + C12H24(1)
    C2H3OH(72) + CCCC[CH]CCCCCCC(43) <=> CH2CHO(36) + C12H24(1)
    C2H3OH(72) + CCCCC[CH]CCCCCC(45) <=> CH2CHO(36) + C12H24(1)
    C2H3OH(72) + CCC[CH]CCCCCCCC(48) <=> CH2CHO(36) + C12H24(1)
    C2H3OH(72) + CC[CH]CCCCCCCCC(50) <=> CH2CHO(36) + C12H24(1)
    C2H3OH(72) + C[CH]CCCCCCCCCC(52) <=> CH2CHO(36) + C12H24(1)
    C2H3OH(72) + [CH2]CCCCCCCCCCC(53) <=> CH2CHO(36) + C12H24(1)
    HO2(10) + [CH]=C[O](60) <=> O2(2) + CH2CHO(36)
    O2(2) + CH2CHO(36) <=> [CH2][CH]OO[O](128)
    O2(2) + CH2CHO(36) <=> [CH2]C([O])O[O](129)
    O2(2) + CH2CHO(36) <=> [O]OCC=O(130)
    O2(2) + CH2CHO(36) <=> [O][CH]CO[O](131)
    O2(2) + CH2CHO(36) <=> C=COO[O](132)
    CH3CHOH(133) + CCCC[CH]CCCCCCC(43) <=> CH3CHO(37) + C12H24(1)
    CH3CHOH(133) + CCCCC[CH]CCCCCC(45) <=> CH3CHO(37) + C12H24(1)
    CH3CHOH(133) + CCC[CH]CCCCCCCC(48) <=> CH3CHO(37) + C12H24(1)
    CH3CHOH(133) + CC[CH]CCCCCCCCC(50) <=> CH3CHO(37) + C12H24(1)
    CH3CHOH(133) + C[CH]CCCCCCCCCC(52) <=> CH3CHO(37) + C12H24(1)
    CH3CHOH(133) + [CH2]CCCCCCCCCCC(53) <=> CH3CHO(37) + C12H24(1)
    CH3CH2O(134) + CCCC[CH]CCCCCCC(43) <=> CH3CHO(37) + C12H24(1)
    CH3CH2O(134) + CCCCC[CH]CCCCCC(45) <=> CH3CHO(37) + C12H24(1)
    CH3CH2O(134) + CCC[CH]CCCCCCCC(48) <=> CH3CHO(37) + C12H24(1)
    CH3CH2O(134) + CC[CH]CCCCCCCCC(50) <=> CH3CHO(37) + C12H24(1)
    CH3CH2O(134) + C[CH]CCCCCCCCCC(52) <=> CH3CHO(37) + C12H24(1)
    CH3CH2O(134) + [CH2]CCCCCCCCCCC(53) <=> CH3CHO(37) + C12H24(1)
    O2(2) + CH3CHO(37) <=> C[CH]OO[O](135)
    O2(2) + CH3CHO(37) <=> CC([O])O[O](136)

After model enlargement:
    The model core has 39 species and 280 reactions
    The model edge has 98 species and 277 reactions


Saving current model core to Chemkin file...
Chemkin file contains 287 reactions.
Saving annotated version of Chemkin file...
Chemkin file contains 287 reactions.
Saving current model core and edge to Chemkin file...
Chemkin file contains 564 reactions.
Saving annotated version of Chemkin file...
Chemkin file contains 564 reactions.
Saving current model core to HTML file...
Saving current model edge to HTML file...
Updating RMG execution statistics...
    Execution time (DD:HH:MM:SS): 00:00:00:26
    Memory used: 795.85 MB

Making seed mechanism...
Conducting simulation of reaction system 1...
At time 0.0000e+00 s, species CCCCCCCCCCC(38) at 532531.9230422516 exceeded the minimum rate for simulation interruption of 0.1
At time 0.0000e+00 s, species [CH2]CCCC(39) at 27747778748.59549 exceeded the minimum rate for simulation interruption of 0.1
At time 0.0000e+00 s, species [CH2]CCCCCC(40) at 27747778748.59549 exceeded the minimum rate for simulation interruption of 0.1
At time 0.0000e+00 s, species [CH2]CCC(41) at 27834140170.65906 exceeded the minimum rate for simulation interruption of 0.1
At time 0.0000e+00 s, species [CH2]CCCCCCC(42) at 27834140170.65906 exceeded the minimum rate for simulation interruption of 0.1
At time 0.0000e+00 s, species CCCC[CH]CCCCCCC(43) at 24767705.981315497 exceeded the minimum rate for simulation interruption of 0.1
At time 0.0000e+00 s, species [CH2]CCCCC(44) at 27772525852.451557 exceeded the minimum rate for simulation interruption of 0.1
At time 0.0000e+00 s, species CCCCC[CH]CCCCCC(45) at 24767705.981315497 exceeded the minimum rate for simulation interruption of 0.1
At time 0.0000e+00 s, species [CH2]CC(47) at 27929279504.283833 exceeded the minimum rate for simulation interruption of 0.1
At time 0.0000e+00 s, species CCC[CH]CCCCCCCC(48) at 24767705.981315497 exceeded the minimum rate for simulation interruption of 0.1
At time 0.0000e+00 s, species [CH2]CCCCCCCCC(49) at 12425178908.924046 exceeded the minimum rate for simulation interruption of 0.1
At time 0.0000e+00 s, species CC[CH]CCCCCCCCC(50) at 24767705.981315497 exceeded the minimum rate for simulation interruption of 0.1
At time 0.0000e+00 s, species [CH2]CCCCCCCCCC(51) at 4275746839.550277 exceeded the minimum rate for simulation interruption of 0.1
At time 0.0000e+00 s, species C[CH]CCCCCCCCCC(52) at 31453378.298754968 exceeded the minimum rate for simulation interruption of 0.1
At time 0.0000e+00 s, species [CH2]CCCCCCCCCCC(53) at 30290992.478779797 exceeded the minimum rate for simulation interruption of 0.1
Exceeded max number of objects...removing excess objects
Reached max number of objects...preparing to terminate
At time 0.0000e+00 s, species [CH2]CC(47) at rate ratio 27929279504.283833 exceeded the minimum rate for moving to model core of 0.1
terminating simulation due to interrupt...


Adding species [CH2]CC(47) to model core

Summary of Model Enlargement
---------------------------------
Added 1 new core species
    [CH2]CC(47)
Created 0 new edge species
Moved 1 reactions from edge to core
    [CH2]CC(47) + [CH2]CCCCCCCC(46) <=> C12H24(1)
Added 0 new core reactions
Created 0 new edge reactions

After model enlargement:
    The model core has 40 species and 281 reactions
    The model edge has 97 species and 276 reactions


At time 1.0000e+06 s, reached target termination time.
    C12H24(1) conversion: 0.02758   

For reaction generation 1 process is used.
Generating thermo for new species...
Generating kinetics for new reactions...
For reaction CO2(13) + [CH2]CCCCCCCC(46) <=> CCCCCCCCCO[C]=O(199), Ea raised from 81.2 to 84.7 kJ/mol to match endothermicity of reaction.
For reaction CO2(13) + [CH2]CC(47) <=> CCCO[C]=O(207), Ea raised from 81.2 to 84.7 kJ/mol to match endothermicity of reaction.

Summary of Secondary Model Edge Enlargement
---------------------------------
Added 0 new core species
Created 82 new edge species
    [CH]CCCCCCCC(137)
    C=CCCCCCCC(138)
    [CH2]CCCC[CH2](139)
    [CH2]CCCCC[CH2](140)
    [CH2]CCCCC[CH]CC(141)
    [CH2]CCC[CH2](142)
    [CH2]CCCC[CH]CCC(143)
    [CH2]CC[CH2](144)
    [CH2]CCC[CH]CCCC(145)
    [CH2]C[CH2](146)
    [CH2]CC[CH]CCCCC(147)
    [CH2]C[CH]CCCCCC(148)
    [CH2]CCCCCC[CH2](149)
    [CH2]CCCCCC[CH]C(150)
    [CH2][CH]CCCCCCC(151)
    [CH2]CCCCCCC[CH2](152)
    C[CH]CCCCCCC(153)
    CC[CH]CCCCCC(154)
    CCC[CH]CCCCC(155)
    CCCC[CH]CCCC(156)
    [CH]CC(157)
    C=CC(158)
    [CH2][CH]C(159)
    C[CH]C(160)
    CCCCCCCCC[O](161)
    CCC[O](162)
    CCCCCCCCC(163)
    CCCCCCCCCO(164)
    CCC(165)
    CCCO(166)
    [CH2]CCCCCC(C=O)CC(167)
    [CH2]CCCCC(C=O)CCC(168)
    [CH2]CCCC(C=O)CCCC(169)
    [CH2]CCC(C=O)CCCCC(170)
    [CH2]CC(C=O)CCCCCC(171)
    [CH2]CCCCCCC(C)C=O(172)
    [CH2]C(C=O)CCCCCCC(173)
    [CH2]CCCCCCCCC=O(174)
    [CH2]CCCCCCCC(C)=O(175)
    CCCCCCCCC[C]=O(176)
    [CH2]C(C)C=O(177)
    [CH2]CCC=O(178)
    [CH2]CC(C)=O(179)
    CCC[C]=O(180)
    [CH2]CCCCCC(CC)OC=O(181)
    [CH2]CCCCC(CCC)OC=O(182)
    [CH2]CCCC(CCCC)OC=O(183)
    [CH2]CCC(CCCCC)OC=O(184)
    [CH2]CC(CCCCCC)OC=O(185)
    [CH2]CCCCCCC(C)OC=O(186)
    [CH2]C(CCCCCCC)OC=O(187)
    [CH2]CCCCCCCCOC=O(188)
    [CH2]CCCCCCCC(=O)OC(189)
    [CH2]CCCCCC(CC)C(=O)O(190)
    [CH2]CCCCC(CCC)C(=O)O(191)
    [CH2]CCCC(CCCC)C(=O)O(192)
    [CH2]CCC(CCCCC)C(=O)O(193)
    [CH2]CC(CCCCCC)C(=O)O(194)
    [CH2]CCCCCCC(C)C(=O)O(195)
    [CH2]C(CCCCCCC)C(=O)O(196)
    [CH2]CCCCCCCCC(=O)O(197)
    [CH2]CCCCCCCOC(C)=O(198)
    CCCCCCCCCO[C]=O(199)
    CCCCCCCCCC([O])=O(200)
    [CH2]C(C)OC=O(201)
    [CH2]CCOC=O(202)
    [CH2]CC(=O)OC(203)
    [CH2]C(C)C(=O)O(204)
    [CH2]CCC(=O)O(205)
    [CH2]COC(C)=O(206)
    CCCO[C]=O(207)
    CCCC([O])=O(208)
    [CH2]OCCCCCCCCC(209)
    CCCCCCCCCC[O](210)
    [CH2]OCCC(211)
    CCCC[O](212)
    [CH]=CCCCCCCCCC(213)
    [CH]=CCCC(214)
    CCCCCCCCCO[O](215)
    CCCO[O](216)
    CCCCCCCCCCCCCCCCCC(217)
    CCCCCC(218)
Added 4 new core reactions
    H(3) + CH2CO(28) <=> CH3CO(35)
    CH2(S)(24) + C2H5(33) <=> [CH2]CC(47)
    CH2(T)(17) + C2H5(33) <=> [CH2]CC(47)
    CH3(18) + C2H4(30) <=> [CH2]CC(47)
Created 260 new edge reactions
    [C]=O(54) + CH3(18) <=> CH3CO(35)
    H(3) + [CH2][C]=O(68) <=> CH3CO(35)
    CH2(S)(24) + [CH2]CCCCCCC(42) <=> [CH2]CCCCCCCC(46)
    CH2(S)(24) + [CH2]CCCCCCC(42) <=> [CH2]CCCCCCCC(46)
    CH2(T)(17) + [CH2]CCCCCCC(42) <=> [CH2]CCCCCCCC(46)
    H(3) + [CH]CCCCCCCC(137) <=> [CH2]CCCCCCCC(46)
    H(3) + C=CCCCCCCC(138) <=> [CH2]CCCCCCCC(46)
    C2H4(30) + [CH2]CCCCCC(40) <=> [CH2]CCCCCCCC(46)
    [CH2]CC(47) + [CH2]CCCC[CH2](139) <=> [CH2]CCCCCCCC(46)
    C2H5(33) + [CH2]CCCCC[CH2](140) <=> [CH2]CCCCCCCC(46)
    H(3) + [CH2]CCCCC[CH]CC(141) <=> [CH2]CCCCCCCC(46)
    [CH2]CCC(41) + [CH2]CCC[CH2](142) <=> [CH2]CCCCCCCC(46)
    H(3) + [CH2]CCCC[CH]CCC(143) <=> [CH2]CCCCCCCC(46)
    [CH2]CC[CH2](144) + [CH2]CCCC(39) <=> [CH2]CCCCCCCC(46)
    H(3) + [CH2]CCC[CH]CCCC(145) <=> [CH2]CCCCCCCC(46)
    [CH2]C[CH2](146) + [CH2]CCCCC(44) <=> [CH2]CCCCCCCC(46)
    H(3) + [CH2]CC[CH]CCCCC(147) <=> [CH2]CCCCCCCC(46)
    [CH2][CH2](66) + [CH2]CCCCCC(40) <=> [CH2]CCCCCCCC(46)
    H(3) + [CH2]C[CH]CCCCCC(148) <=> [CH2]CCCCCCCC(46)
    CH3(18) + [CH2]CCCCCC[CH2](149) <=> [CH2]CCCCCCCC(46)
    H(3) + [CH2]CCCCCC[CH]C(150) <=> [CH2]CCCCCCCC(46)
    H(3) + [CH2][CH]CCCCCCC(151) <=> [CH2]CCCCCCCC(46)
    H(3) + [CH2]CCCCCCC[CH2](152) <=> [CH2]CCCCCCCC(46)
    [CH2]CCCCCCCC(46) <=> C[CH]CCCCCCC(153)
    [CH2]CCCCCCCC(46) <=> CC[CH]CCCCCC(154)
    [CH2]CCCCCCCC(46) <=> CCC[CH]CCCCC(155)
    [CH2]CCCCCCCC(46) <=> CCCC[CH]CCCC(156)
    [CH2]CCCCCCCC(46) <=> CCC[CH]CCCCC(155)
    CC[CH]CCCCCC(154) <=> [CH2]CCCCCCCC(46)
    C[CH]CCCCCCC(153) <=> [CH2]CCCCCCCC(46)
    H(3) + [CH]CC(157) <=> [CH2]CC(47)
    H(3) + C=CC(158) <=> [CH2]CC(47)
    CH3(18) + [CH2][CH2](66) <=> [CH2]CC(47)
    H(3) + [CH2][CH]C(159) <=> [CH2]CC(47)
    H(3) + [CH2]C[CH2](146) <=> [CH2]CC(47)
    C[CH]C(160) <=> [CH2]CC(47)
    O(4) + [CH2]CCCCCCCC(46) <=> CCCCCCCCC[O](161)
    O(4) + [CH2]CCCCCCCC(46) <=> OH(5) + C=CCCCCCCC(138)
    OH(5) + [CH]CCCCCCCC(137) <=> O(4) + [CH2]CCCCCCCC(46)
    O(4) + [CH2]CCCCCCCC(46) <=> OH(5) + [CH2]CCCCC[CH]CC(141)
    O(4) + [CH2]CCCCCCCC(46) <=> OH(5) + [CH2]CCCC[CH]CCC(143)
    O(4) + [CH2]CCCCCCCC(46) <=> OH(5) + [CH2]CCC[CH]CCCC(145)
    O(4) + [CH2]CCCCCCCC(46) <=> OH(5) + [CH2]CC[CH]CCCCC(147)
    O(4) + [CH2]CCCCCCCC(46) <=> OH(5) + [CH2]C[CH]CCCCCC(148)
    O(4) + [CH2]CCCCCCCC(46) <=> OH(5) + [CH2]CCCCCC[CH]C(150)
    O(4) + [CH2]CCCCCCCC(46) <=> OH(5) + [CH2]CCCCCCC[CH2](152)
    O(4) + [CH2]CC(47) <=> CCC[O](162)
    O(4) + [CH2]CC(47) <=> OH(5) + C=CC(158)
    OH(5) + [CH]CC(157) <=> O(4) + [CH2]CC(47)
    O(4) + [CH2]CC(47) <=> OH(5) + [CH2]C[CH2](146)
    OH(5) + [CH2]CCCCCCCC(46) <=> H2O(7) + C=CCCCCCCC(138)
    O(4) + CCCCCCCCC(163) <=> OH(5) + [CH2]CCCCCCCC(46)
    OH(5) + [CH2]CCCCCCCC(46) <=> H2O(7) + [CH]CCCCCCCC(137)
    OH(5) + [CH2]CCCCCCCC(46) <=> H2O(7) + [CH2]CCCCC[CH]CC(141)
    OH(5) + [CH2]CCCCCCCC(46) <=> H2O(7) + [CH2]CCCC[CH]CCC(143)
    OH(5) + [CH2]CCCCCCCC(46) <=> H2O(7) + [CH2]CCC[CH]CCCC(145)
    OH(5) + [CH2]CCCCCCCC(46) <=> H2O(7) + [CH2]CC[CH]CCCCC(147)
    OH(5) + [CH2]CCCCCCCC(46) <=> H2O(7) + [CH2]C[CH]CCCCCC(148)
    OH(5) + [CH2]CCCCCCCC(46) <=> H2O(7) + [CH2]CCCCCC[CH]C(150)
    OH(5) + [CH2]CCCCCCCC(46) <=> H2O(7) + [CH2]CCCCCCC[CH2](152)
    OH(5) + [CH2]CCCCCCCC(46) <=> CCCCCCCCCO(164)
    OH(5) + [CH2]CC(47) <=> H2O(7) + C=CC(158)
    O(4) + CCC(165) <=> OH(5) + [CH2]CC(47)
    OH(5) + [CH2]CC(47) <=> H2O(7) + [CH]CC(157)
    OH(5) + [CH2]CC(47) <=> H2O(7) + [CH2]C[CH2](146)
    OH(5) + [CH2]CC(47) <=> CCCO(166)
    H(3) + CCCCCCCCC(163) <=> H2(6) + [CH2]CCCCCCCC(46)
    H(3) + CCC(165) <=> H2(6) + [CH2]CC(47)
    CO(12) + [CH2]CCCCCCCC(46) <=> [CH2]CCCCCC(C=O)CC(167)
    CO(12) + [CH2]CCCCCCCC(46) <=> [CH2]CCCCC(C=O)CCC(168)
    CO(12) + [CH2]CCCCCCCC(46) <=> [CH2]CCCC(C=O)CCCC(169)
    CO(12) + [CH2]CCCCCCCC(46) <=> [CH2]CCC(C=O)CCCCC(170)
    CO(12) + [CH2]CCCCCCCC(46) <=> [CH2]CC(C=O)CCCCCC(171)
    CO(12) + [CH2]CCCCCCCC(46) <=> [CH2]CCCCCCC(C)C=O(172)
    CO(12) + [CH2]CCCCCCCC(46) <=> [CH2]C(C=O)CCCCCCC(173)
    CO(12) + [CH2]CCCCCCCC(46) <=> [CH2]CCCCCCCCC=O(174)
    CO(12) + [CH2]CCCCCCCC(46) <=> [CH2]CCCCCCCC(C)=O(175)
    HCO(14) + [CH]CCCCCCCC(137) <=> CO(12) + [CH2]CCCCCCCC(46)
    HCO(14) + [CH2]CCCCC[CH]CC(141) <=> CO(12) + [CH2]CCCCCCCC(46)
    HCO(14) + [CH2]CCCC[CH]CCC(143) <=> CO(12) + [CH2]CCCCCCCC(46)
    HCO(14) + [CH2]CCC[CH]CCCC(145) <=> CO(12) + [CH2]CCCCCCCC(46)
    HCO(14) + [CH2]CC[CH]CCCCC(147) <=> CO(12) + [CH2]CCCCCCCC(46)
    HCO(14) + [CH2]C[CH]CCCCCC(148) <=> CO(12) + [CH2]CCCCCCCC(46)
    HCO(14) + [CH2]CCCCCC[CH]C(150) <=> CO(12) + [CH2]CCCCCCCC(46)
    HCO(14) + [CH2][CH]CCCCCCC(151) <=> CO(12) + [CH2]CCCCCCCC(46)
    HCO(14) + [CH2]CCCCCCC[CH2](152) <=> CO(12) + [CH2]CCCCCCCC(46)
    CO(12) + [CH2]CCCCCCCC(46) <=> CCCCCCCCC[C]=O(176)
    CO(12) + [CH2]CC(47) <=> [CH2]C(C)C=O(177)
    CO(12) + [CH2]CC(47) <=> [CH2]CCC=O(178)
    CO(12) + [CH2]CC(47) <=> [CH2]CC(C)=O(179)
    HCO(14) + [CH]CC(157) <=> CO(12) + [CH2]CC(47)
    HCO(14) + [CH2][CH]C(159) <=> CO(12) + [CH2]CC(47)
    HCO(14) + [CH2]C[CH2](146) <=> CO(12) + [CH2]CC(47)
    CO(12) + [CH2]CC(47) <=> CCC[C]=O(180)
    CO2(13) + [CH2]CCCCCCCC(46) <=> [CH2]CCCCCC(CC)OC=O(181)
    CO2(13) + [CH2]CCCCCCCC(46) <=> [CH2]CCCCC(CCC)OC=O(182)
    CO2(13) + [CH2]CCCCCCCC(46) <=> [CH2]CCCC(CCCC)OC=O(183)
    CO2(13) + [CH2]CCCCCCCC(46) <=> [CH2]CCC(CCCCC)OC=O(184)
    CO2(13) + [CH2]CCCCCCCC(46) <=> [CH2]CC(CCCCCC)OC=O(185)
    CO2(13) + [CH2]CCCCCCCC(46) <=> [CH2]CCCCCCC(C)OC=O(186)
    CO2(13) + [CH2]CCCCCCCC(46) <=> [CH2]C(CCCCCCC)OC=O(187)
    CO2(13) + [CH2]CCCCCCCC(46) <=> [CH2]CCCCCCCCOC=O(188)
    CO2(13) + [CH2]CCCCCCCC(46) <=> [CH2]CCCCCCCC(=O)OC(189)
    CO2(13) + [CH2]CCCCCCCC(46) <=> [CH2]CCCCCC(CC)C(=O)O(190)
    CO2(13) + [CH2]CCCCCCCC(46) <=> [CH2]CCCCC(CCC)C(=O)O(191)
    CO2(13) + [CH2]CCCCCCCC(46) <=> [CH2]CCCC(CCCC)C(=O)O(192)
    CO2(13) + [CH2]CCCCCCCC(46) <=> [CH2]CCC(CCCCC)C(=O)O(193)
    CO2(13) + [CH2]CCCCCCCC(46) <=> [CH2]CC(CCCCCC)C(=O)O(194)
    CO2(13) + [CH2]CCCCCCCC(46) <=> [CH2]CCCCCCC(C)C(=O)O(195)
    CO2(13) + [CH2]CCCCCCCC(46) <=> [CH2]C(CCCCCCC)C(=O)O(196)
    CO2(13) + [CH2]CCCCCCCC(46) <=> [CH2]CCCCCCCCC(=O)O(197)
    CO2(13) + [CH2]CCCCCCCC(46) <=> [CH2]CCCCCCCOC(C)=O(198)
    HOCO(102) + [CH]CCCCCCCC(137) <=> CO2(13) + [CH2]CCCCCCCC(46)
    HOCO(102) + [CH2]CCCCCC[CH]C(150) <=> CO2(13) + [CH2]CCCCCCCC(46)
    HOCO(102) + [CH2]CCCCC[CH]CC(141) <=> CO2(13) + [CH2]CCCCCCCC(46)
    HOCO(102) + [CH2]CCCC[CH]CCC(143) <=> CO2(13) + [CH2]CCCCCCCC(46)
    HOCO(102) + [CH2]CCC[CH]CCCC(145) <=> CO2(13) + [CH2]CCCCCCCC(46)
    HOCO(102) + [CH2]CC[CH]CCCCC(147) <=> CO2(13) + [CH2]CCCCCCCC(46)
    HOCO(102) + [CH2]C[CH]CCCCCC(148) <=> CO2(13) + [CH2]CCCCCCCC(46)
    HOCO(102) + [CH2][CH]CCCCCCC(151) <=> CO2(13) + [CH2]CCCCCCCC(46)
    HOCO(102) + [CH2]CCCCCCC[CH2](152) <=> CO2(13) + [CH2]CCCCCCCC(46)
    [O]C=O(103) + [CH]CCCCCCCC(137) <=> CO2(13) + [CH2]CCCCCCCC(46)
    [O]C=O(103) + [CH2]CCCCCC[CH]C(150) <=> CO2(13) + [CH2]CCCCCCCC(46)
    [O]C=O(103) + [CH2]CCCCC[CH]CC(141) <=> CO2(13) + [CH2]CCCCCCCC(46)
    [O]C=O(103) + [CH2]CCCC[CH]CCC(143) <=> CO2(13) + [CH2]CCCCCCCC(46)
    [O]C=O(103) + [CH2]CCC[CH]CCCC(145) <=> CO2(13) + [CH2]CCCCCCCC(46)
    [O]C=O(103) + [CH2]CC[CH]CCCCC(147) <=> CO2(13) + [CH2]CCCCCCCC(46)
    [O]C=O(103) + [CH2]C[CH]CCCCCC(148) <=> CO2(13) + [CH2]CCCCCCCC(46)
    [O]C=O(103) + [CH2][CH]CCCCCCC(151) <=> CO2(13) + [CH2]CCCCCCCC(46)
    [O]C=O(103) + [CH2]CCCCCCC[CH2](152) <=> CO2(13) + [CH2]CCCCCCCC(46)
    CO2(13) + [CH2]CCCCCCCC(46) <=> CCCCCCCCCO[C]=O(199)
    CO2(13) + [CH2]CCCCCCCC(46) <=> CCCCCCCCCC([O])=O(200)
    CO2(13) + [CH2]CC(47) <=> [CH2]C(C)OC=O(201)
    CO2(13) + [CH2]CC(47) <=> [CH2]CCOC=O(202)
    CO2(13) + [CH2]CC(47) <=> [CH2]CC(=O)OC(203)
    CO2(13) + [CH2]CC(47) <=> [CH2]C(C)C(=O)O(204)
    CO2(13) + [CH2]CC(47) <=> [CH2]CCC(=O)O(205)
    CO2(13) + [CH2]CC(47) <=> [CH2]COC(C)=O(206)
    HOCO(102) + [CH]CC(157) <=> CO2(13) + [CH2]CC(47)
    HOCO(102) + [CH2][CH]C(159) <=> CO2(13) + [CH2]CC(47)
    HOCO(102) + [CH2]C[CH2](146) <=> CO2(13) + [CH2]CC(47)
    [O]C=O(103) + [CH]CC(157) <=> CO2(13) + [CH2]CC(47)
    [O]C=O(103) + [CH2][CH]C(159) <=> CO2(13) + [CH2]CC(47)
    [O]C=O(103) + [CH2]C[CH2](146) <=> CO2(13) + [CH2]CC(47)
    CO2(13) + [CH2]CC(47) <=> CCCO[C]=O(207)
    CO2(13) + [CH2]CC(47) <=> CCCC([O])=O(208)
    CH2OH(34) + [CH]CCCCCCCC(137) <=> CH2O(19) + [CH2]CCCCCCCC(46)
    CH2OH(34) + [CH2]CCCCCC[CH]C(150) <=> CH2O(19) + [CH2]CCCCCCCC(46)
    CH2OH(34) + [CH2]CCCCC[CH]CC(141) <=> CH2O(19) + [CH2]CCCCCCCC(46)
    CH2OH(34) + [CH2]CCCC[CH]CCC(143) <=> CH2O(19) + [CH2]CCCCCCCC(46)
    CH2OH(34) + [CH2]CCC[CH]CCCC(145) <=> CH2O(19) + [CH2]CCCCCCCC(46)
    CH2OH(34) + [CH2]CC[CH]CCCCC(147) <=> CH2O(19) + [CH2]CCCCCCCC(46)
    CH2OH(34) + [CH2]C[CH]CCCCCC(148) <=> CH2O(19) + [CH2]CCCCCCCC(46)
    CH2OH(34) + [CH2][CH]CCCCCCC(151) <=> CH2O(19) + [CH2]CCCCCCCC(46)
    CH2OH(34) + [CH2]CCCCCCC[CH2](152) <=> CH2O(19) + [CH2]CCCCCCCC(46)
    CH3O(27) + [CH]CCCCCCCC(137) <=> CH2O(19) + [CH2]CCCCCCCC(46)
    CH3O(27) + [CH2]CCCCCC[CH]C(150) <=> CH2O(19) + [CH2]CCCCCCCC(46)
    CH3O(27) + [CH2]CCCCC[CH]CC(141) <=> CH2O(19) + [CH2]CCCCCCCC(46)
    CH3O(27) + [CH2]CCCC[CH]CCC(143) <=> CH2O(19) + [CH2]CCCCCCCC(46)
    CH3O(27) + [CH2]CCC[CH]CCCC(145) <=> CH2O(19) + [CH2]CCCCCCCC(46)
    CH3O(27) + [CH2]CC[CH]CCCCC(147) <=> CH2O(19) + [CH2]CCCCCCCC(46)
    CH3O(27) + [CH2]C[CH]CCCCCC(148) <=> CH2O(19) + [CH2]CCCCCCCC(46)
    CH3O(27) + [CH2][CH]CCCCCCC(151) <=> CH2O(19) + [CH2]CCCCCCCC(46)
    CH3O(27) + [CH2]CCCCCCC[CH2](152) <=> CH2O(19) + [CH2]CCCCCCCC(46)
    CH2O(19) + [CH2]CCCCCCCC(46) <=> HCO(14) + CCCCCCCCC(163)
    CH2O(19) + [CH2]CCCCCCCC(46) <=> [CH2]OCCCCCCCCC(209)
    CH2O(19) + [CH2]CCCCCCCC(46) <=> CCCCCCCCCC[O](210)
    CH2OH(34) + [CH]CC(157) <=> CH2O(19) + [CH2]CC(47)
    CH2OH(34) + [CH2][CH]C(159) <=> CH2O(19) + [CH2]CC(47)
    CH2OH(34) + [CH2]C[CH2](146) <=> CH2O(19) + [CH2]CC(47)
    CH3O(27) + [CH]CC(157) <=> CH2O(19) + [CH2]CC(47)
    CH3O(27) + [CH2][CH]C(159) <=> CH2O(19) + [CH2]CC(47)
    CH3O(27) + [CH2]C[CH2](146) <=> CH2O(19) + [CH2]CC(47)
    CH2O(19) + [CH2]CC(47) <=> HCO(14) + CCC(165)
    CH2O(19) + [CH2]CC(47) <=> [CH2]OCCC(211)
    CH2O(19) + [CH2]CC(47) <=> CCCC[O](212)
    C2H3(29) + [CH]CCCCCCCC(137) <=> C2H2(22) + [CH2]CCCCCCCC(46)
    C2H3(29) + [CH2]CCCCCC[CH]C(150) <=> C2H2(22) + [CH2]CCCCCCCC(46)
    C2H3(29) + [CH2]CCCCC[CH]CC(141) <=> C2H2(22) + [CH2]CCCCCCCC(46)
    C2H3(29) + [CH2]CCCC[CH]CCC(143) <=> C2H2(22) + [CH2]CCCCCCCC(46)
    C2H3(29) + [CH2]CCC[CH]CCCC(145) <=> C2H2(22) + [CH2]CCCCCCCC(46)
    C2H3(29) + [CH2]CC[CH]CCCCC(147) <=> C2H2(22) + [CH2]CCCCCCCC(46)
    C2H3(29) + [CH2]C[CH]CCCCCC(148) <=> C2H2(22) + [CH2]CCCCCCCC(46)
    C2H3(29) + [CH2][CH]CCCCCCC(151) <=> C2H2(22) + [CH2]CCCCCCCC(46)
    C2H3(29) + [CH2]CCCCCCC[CH2](152) <=> C2H2(22) + [CH2]CCCCCCCC(46)
    C2H(21) + CCCCCCCCC(163) <=> C2H2(22) + [CH2]CCCCCCCC(46)
    C2H2(22) + [CH2]CCCCCCCC(46) <=> [CH]=CCCCCCCCCC(213)
    C2H3(29) + [CH]CC(157) <=> C2H2(22) + [CH2]CC(47)
    C2H3(29) + [CH2][CH]C(159) <=> C2H2(22) + [CH2]CC(47)
    C2H3(29) + [CH2]C[CH2](146) <=> C2H2(22) + [CH2]CC(47)
    C2H(21) + CCC(165) <=> C2H2(22) + [CH2]CC(47)
    C2H2(22) + [CH2]CC(47) <=> [CH]=CCCC(214)
    C2H5(33) + [CH]CCCCCCCC(137) <=> C2H4(30) + [CH2]CCCCCCCC(46)
    C2H5(33) + [CH2]CCCCCC[CH]C(150) <=> C2H4(30) + [CH2]CCCCCCCC(46)
    C2H5(33) + [CH2]CCCCC[CH]CC(141) <=> C2H4(30) + [CH2]CCCCCCCC(46)
    C2H5(33) + [CH2]CCCC[CH]CCC(143) <=> C2H4(30) + [CH2]CCCCCCCC(46)
    C2H5(33) + [CH2]CCC[CH]CCCC(145) <=> C2H4(30) + [CH2]CCCCCCCC(46)
    C2H5(33) + [CH2]CC[CH]CCCCC(147) <=> C2H4(30) + [CH2]CCCCCCCC(46)
    C2H5(33) + [CH2]C[CH]CCCCCC(148) <=> C2H4(30) + [CH2]CCCCCCCC(46)
    C2H5(33) + [CH2][CH]CCCCCCC(151) <=> C2H4(30) + [CH2]CCCCCCCC(46)
    C2H5(33) + [CH2]CCCCCCC[CH2](152) <=> C2H4(30) + [CH2]CCCCCCCC(46)
    C2H3(29) + CCCCCCCCC(163) <=> C2H4(30) + [CH2]CCCCCCCC(46)
    C2H4(30) + [CH2]CCCCCCCC(46) <=> [CH2]CCCCCCCCCC(51)
    C2H5(33) + [CH]CC(157) <=> C2H4(30) + [CH2]CC(47)
    C2H5(33) + [CH2][CH]C(159) <=> C2H4(30) + [CH2]CC(47)
    C2H5(33) + [CH2]C[CH2](146) <=> C2H4(30) + [CH2]CC(47)
    C2H3(29) + CCC(165) <=> C2H4(30) + [CH2]CC(47)
    C2H4(30) + [CH2]CC(47) <=> [CH2]CCCC(39)
    [CH2]CCCCCCCC(46) + C12H24(1) <=> CCCCCCCCC(163) + CCCC[CH]CCCCCCC(43)
    [CH2]CCCCCCCC(46) + C12H24(1) <=> CCCCCCCCC(163) + CCCCC[CH]CCCCCC(45)
    [CH2]CCCCCCCC(46) + C12H24(1) <=> CCCCCCCCC(163) + CCC[CH]CCCCCCCC(48)
    [CH2]CCCCCCCC(46) + C12H24(1) <=> CCCCCCCCC(163) + CC[CH]CCCCCCCCC(50)
    [CH2]CCCCCCCC(46) + C12H24(1) <=> CCCCCCCCC(163) + C[CH]CCCCCCCCCC(52)
    CCCCCCCCC(163) + [CH2]CCCCCCCCCCC(53) <=> [CH2]CCCCCCCC(46) + C12H24(1)
    [CH2]CC(47) + C12H24(1) <=> CCC(165) + CCCC[CH]CCCCCCC(43)
    [CH2]CC(47) + C12H24(1) <=> CCC(165) + CCCCC[CH]CCCCCC(45)
    [CH2]CC(47) + C12H24(1) <=> CCC(165) + CCC[CH]CCCCCCCC(48)
    [CH2]CC(47) + C12H24(1) <=> CCC(165) + CC[CH]CCCCCCCCC(50)
    [CH2]CC(47) + C12H24(1) <=> CCC(165) + C[CH]CCCCCCCCCC(52)
    CCC(165) + [CH2]CCCCCCCCCCC(53) <=> [CH2]CC(47) + C12H24(1)
    O2(2) + [CH2]CCCCCCCC(46) <=> HO2(10) + C=CCCCCCCC(138)
    HO2(10) + [CH]CCCCCCCC(137) <=> O2(2) + [CH2]CCCCCCCC(46)
    HO2(10) + [CH2]CCCCC[CH]CC(141) <=> O2(2) + [CH2]CCCCCCCC(46)
    HO2(10) + [CH2]CCCC[CH]CCC(143) <=> O2(2) + [CH2]CCCCCCCC(46)
    HO2(10) + [CH2]CCC[CH]CCCC(145) <=> O2(2) + [CH2]CCCCCCCC(46)
    HO2(10) + [CH2]CC[CH]CCCCC(147) <=> O2(2) + [CH2]CCCCCCCC(46)
    HO2(10) + [CH2]C[CH]CCCCCC(148) <=> O2(2) + [CH2]CCCCCCCC(46)
    HO2(10) + [CH2]CCCCCC[CH]C(150) <=> O2(2) + [CH2]CCCCCCCC(46)
    HO2(10) + [CH2]CCCCCCC[CH2](152) <=> O2(2) + [CH2]CCCCCCCC(46)
    O2(2) + [CH2]CCCCCCCC(46) <=> CCCCCCCCCO[O](215)
    O2(2) + [CH2]CC(47) <=> HO2(10) + C=CC(158)
    HO2(10) + [CH]CC(157) <=> O2(2) + [CH2]CC(47)
    HO2(10) + [CH2]C[CH2](146) <=> O2(2) + [CH2]CC(47)
    CCCO[O](216) <=> O2(2) + [CH2]CC(47)
    [CH2]CCCCCCCC(46) + [CH2]CCCCCCCC(46) <=> C=CCCCCCCC(138) + CCCCCCCCC(163)
    [CH]CCCCCCCC(137) + CCCCCCCCC(163) <=> [CH2]CCCCCCCC(46) + [CH2]CCCCCCCC(46)
    [CH2]CCCCCCCC(46) + [CH2]CCCCCCCC(46) <=> [CH2]CCCCC[CH]CC(141) + CCCCCCCCC(163)
    [CH2]CCCCCCCC(46) + [CH2]CCCCCCCC(46) <=> [CH2]CCCC[CH]CCC(143) + CCCCCCCCC(163)
    [CH2]CCCCCCCC(46) + [CH2]CCCCCCCC(46) <=> [CH2]CCC[CH]CCCC(145) + CCCCCCCCC(163)
    [CH2]CCCCCCCC(46) + [CH2]CCCCCCCC(46) <=> [CH2]CC[CH]CCCCC(147) + CCCCCCCCC(163)
    [CH2]CCCCCCCC(46) + [CH2]CCCCCCCC(46) <=> [CH2]C[CH]CCCCCC(148) + CCCCCCCCC(163)
    [CH2]CCCCCCCC(46) + [CH2]CCCCCCCC(46) <=> [CH2]CCCCCC[CH]C(150) + CCCCCCCCC(163)
    [CH2]CCCCCCC[CH2](152) + CCCCCCCCC(163) <=> [CH2]CCCCCCCC(46) + [CH2]CCCCCCCC(46)
    [CH2]CCCCCCCC(46) + [CH2]CCCCCCCC(46) <=> CCCCCCCCCCCCCCCCCC(217)
    [CH2]CC(47) + [CH2]CCCCCCCC(46) <=> C=CC(158) + CCCCCCCCC(163)
    [CH2]CC(47) + [CH2]CCCCCCCC(46) <=> CCC(165) + C=CCCCCCCC(138)
    CCC(165) + [CH]CCCCCCCC(137) <=> [CH2]CC(47) + [CH2]CCCCCCCC(46)
    [CH2]CC(47) + [CH2]CCCCCCCC(46) <=> CCC(165) + [CH2]CCCCC[CH]CC(141)
    [CH2]CC(47) + [CH2]CCCCCCCC(46) <=> CCC(165) + [CH2]CCCC[CH]CCC(143)
    [CH2]CC(47) + [CH2]CCCCCCCC(46) <=> CCC(165) + [CH2]CCC[CH]CCCC(145)
    [CH2]CC(47) + [CH2]CCCCCCCC(46) <=> CCC(165) + [CH2]CC[CH]CCCCC(147)
    [CH2]CC(47) + [CH2]CCCCCCCC(46) <=> CCC(165) + [CH2]C[CH]CCCCCC(148)
    [CH2]CC(47) + [CH2]CCCCCCCC(46) <=> CCC(165) + [CH2]CCCCCC[CH]C(150)
    CCC(165) + [CH2]CCCCCCC[CH2](152) <=> [CH2]CC(47) + [CH2]CCCCCCCC(46)
    [CH]CC(157) + CCCCCCCCC(163) <=> [CH2]CC(47) + [CH2]CCCCCCCC(46)
    [CH2]C[CH2](146) + CCCCCCCCC(163) <=> [CH2]CC(47) + [CH2]CCCCCCCC(46)
    [CH2]CC(47) + [CH2]CC(47) <=> C=CC(158) + CCC(165)
    [CH]CC(157) + CCC(165) <=> [CH2]CC(47) + [CH2]CC(47)
    [CH2]C[CH2](146) + CCC(165) <=> [CH2]CC(47) + [CH2]CC(47)
    [CH2]CC(47) + [CH2]CC(47) <=> CCCCCC(218)

After model enlargement:
    The model core has 40 species and 285 reactions
    The model edge has 179 species and 536 reactions


Saving current model core to Chemkin file...
Chemkin file contains 292 reactions.
Saving annotated version of Chemkin file...
Chemkin file contains 292 reactions.
Saving current model core and edge to Chemkin file...
Chemkin file contains 828 reactions.
Saving annotated version of Chemkin file...
Chemkin file contains 828 reactions.
Saving current model core to HTML file...
Saving current model edge to HTML file...
Updating RMG execution statistics...
    Execution time (DD:HH:MM:SS): 00:00:00:30
    Memory used: 806.72 MB

Making seed mechanism...
Conducting simulation of reaction system 1...
At time 0.0000e+00 s, species [CH2]CCCC(39) at 0.5735983102413573 exceeded the minimum rate for simulation interruption of 0.1
At time 0.0000e+00 s, species [CH2]CCCCCC(40) at 0.5735983102413573 exceeded the minimum rate for simulation interruption of 0.1
At time 0.0000e+00 s, species [CH2]CCC(41) at 0.5753835618182322 exceeded the minimum rate for simulation interruption of 0.1
At time 0.0000e+00 s, species [CH2]CCCCCCC(42) at 0.5753835618182322 exceeded the minimum rate for simulation interruption of 0.1
At time 0.0000e+00 s, species [CH2]CCCCC(44) at 0.5741098790081339 exceeded the minimum rate for simulation interruption of 0.1
At time 0.0000e+00 s, species [CH2]CCCCCCCCC(49) at 0.2568516093190391 exceeded the minimum rate for simulation interruption of 0.1
Exceeded max number of objects...removing excess objects
Reached max number of objects...preparing to terminate
At time 0.0000e+00 s, species [CH2]CCCCCCC(42) at rate ratio 0.5753835618182322 exceeded the minimum rate for moving to model core of 0.1
terminating simulation due to interrupt...


Adding species [CH2]CCCCCCC(42) to model core

Summary of Model Enlargement
---------------------------------
Added 1 new core species
    [CH2]CCCCCCC(42)
Created 0 new edge species
Moved 3 reactions from edge to core
    CH2(S)(24) + [CH2]CCCCCCC(42) <=> [CH2]CCCCCCCC(46)
    CH2(S)(24) + [CH2]CCCCCCC(42) <=> [CH2]CCCCCCCC(46)
    CH2(T)(17) + [CH2]CCCCCCC(42) <=> [CH2]CCCCCCCC(46)
Added 0 new core reactions
Created 0 new edge reactions

After model enlargement:
    The model core has 41 species and 288 reactions
    The model edge has 178 species and 533 reactions


At time 9.6043e-04 s, reached target termination conversion: 0.900000 of C12H24(1)
    C12H24(1) conversion: 0.9005    

For reaction generation 1 process is used.
Generating thermo for new species...
Species [O]O[C]=O renamed CO3t2 based on thermo library name
Species [O]C([O])=O renamed CO3t1 based on thermo library name
Species [CH2]CO renamed CH2CH2OH based on thermo library name
Species CCO renamed C2H5OH based on thermo library name
Species COO renamed CH3O2H based on thermo library name
Species [CH2]OC renamed CH3OCH2 based on thermo library name
Generating kinetics for new reactions...
For reaction O(4) + CO2(13) <=> CO3t2(231), Ea raised from 264.4 to 267.0 kJ/mol to match endothermicity of reaction.
For reaction O(4) + CO2(13) <=> CO3t1(232), Ea raised from -5.8 to 99.7 kJ/mol to match endothermicity of reaction.
For reaction OH(5) + CO2(13) <=> O=[C]OO(234), Ea raised from 176.5 to 181.3 kJ/mol to match endothermicity of reaction.
For reaction OH(5) + CH2O(19) <=> [CH2]OO(236), Ea raised from 141.2 to 145.5 kJ/mol to match endothermicity of reaction.
For reaction OH(5) + CH2CO(28) <=> C=[C]OO(238), Ea raised from 224.3 to 230.0 kJ/mol to match endothermicity of reaction.
For reaction OH(5) + CH3CHO(37) <=> C[CH]OO(242), Ea raised from 150.0 to 153.9 kJ/mol to match endothermicity of reaction.
For reaction HO2(10) + CO2(13) <=> O=[C]OOO(251), Ea raised from 238.3 to 243.2 kJ/mol to match endothermicity of reaction.
For reaction HO2(10) + CH2O(19) <=> [CH2]OOO(255), Ea raised from 194.3 to 199.2 kJ/mol to match endothermicity of reaction.
For reaction CC(=O)O[O](259) <=> HO2(10) + CH2CO(28), Ea raised from 142.7 to 193.0 kJ/mol to match endothermicity of reaction.
For reaction HO2(10) + CH2CO(28) <=> C=[C]OOO(260), Ea raised from 286.1 to 291.9 kJ/mol to match endothermicity of reaction.
For reaction C=C([O])OO(262) <=> HO2(10) + CH2CO(28), Ea raised from 123.4 to 175.8 kJ/mol to match endothermicity of reaction.
For reaction HO2(10) + CH3CHO(37) <=> C[CH]OOO(265), Ea raised from 210.6 to 214.6 kJ/mol to match endothermicity of reaction.
For reaction CO(12) + HCO(14) <=> O=[C]C=O(269), Ea raised from 16.8 to 18.6 kJ/mol to match endothermicity of reaction.
For reaction CO(12) + CH2CHO(36) <=> C=CO[C]=O(286), Ea raised from 17.3 to 20.2 kJ/mol to match endothermicity of reaction.
For reaction CO2(13) + HCO(14) <=> [O]C(=O)C=O(304), Ea raised from 146.5 to 150.4 kJ/mol to match endothermicity of reaction.
For reaction CO2(13) + CH3(18) <=> CO[C]=O(305), Ea raised from 90.7 to 97.1 kJ/mol to match endothermicity of reaction.
For reaction CO2(13) + CH2CHO(36) <=> O=[C]OCC=O(336), Ea raised from 121.8 to 125.4 kJ/mol to match endothermicity of reaction.
For reaction CO2(13) + CH2CHO(36) <=> [O]C(=O)CC=O(337), Ea raised from 85.1 to 89.1 kJ/mol to match endothermicity of reaction.
For reaction CO2(13) + CH2CHO(36) <=> C=COO[C]=O(344), Ea raised from 310.6 to 313.8 kJ/mol to match endothermicity of reaction.
For reaction CO2(13) + CH2CHO(36) <=> C=COC([O])=O(345), Ea raised from 111.2 to 114.1 kJ/mol to match endothermicity of reaction.
For reaction CO2(13) + [CH2]CCCCCCC(42) <=> CCCCCCCCO[C]=O(370), Ea raised from 81.2 to 84.7 kJ/mol to match endothermicity of reaction.

Summary of Secondary Model Edge Enlargement
---------------------------------
Added 0 new core species
Created 246 new edge species
    [CH]O(219)
    [CH]CCCCCCC(220)
    C=CCCCCCC(221)
    [CH2]CC[CH]CCCC(222)
    [CH2]CCC[CH]CCC(223)
    [CH2]CCCC[CH]CC(224)
    [CH2]C[CH]CCCCC(225)
    [CH2]CCCCC[CH]C(226)
    [CH2][CH]CCCCCC(227)
    C[CH]CCCCCC(228)
    CC[CH]CCCCC(229)
    CCC[CH]CCCC(230)
    CO3t2(231)
    CO3t1(232)
    OOO(233)
    O=[C]OO(234)
    [O]C(=O)O(235)
    [CH2]OO(236)
    [O]CO(237)
    C=[C]OO(238)
    O=[C]CO(239)
    C=C([O])O(240)
    CH2CH2OH(241)
    C[CH]OO(242)
    CC([O])O(243)
    O=CO(244)
    CC(=O)O(245)
    O=CCO(246)
    C2H5OH(247)
    CCCCCCCC(248)
    OOOO(249)
    [O]OC(=O)O(250)
    O=[C]OOO(251)
    [O]C(=O)OO(252)
    CH3O2H(253)
    [O]OCO(254)
    [CH2]OOO(255)
    [O]COO(256)
    [CH]=COO(257)
    C=C(O)O[O](258)
    CC(=O)O[O](259)
    C=[C]OOO(260)
    O=[C]COO(261)
    C=C([O])OO(262)
    [CH2]COO(263)
    CC(O)O[O](264)
    C[CH]OOO(265)
    CC([O])OO(266)
    CCCCCCCCCOO(267)
    O=COO(268)
    O=[C]C=O(269)
    O=CC=O(270)
    C#CC=O(271)
    COC=O(272)
    O=C=CC=O(273)
    [C-]=[O+]OC#C(274)
    C#CO[C-]=[OH+](275)
    [CH]=CC=O(276)
    C=C[C]=O(277)
    C=CC=O(278)
    CCC=O(279)
    CC(C)=O(280)
    [CH2]CC=O(281)
    CC[C]=O(282)
    [CH2]C(=O)C=O(283)
    O=[C]CC=O(284)
    [O]C=CC=O(285)
    C=CO[C]=O(286)
    O=CCC=O(287)
    CC(=O)C=O(288)
    [C-]=[O+]OC=C(289)
    C=CO[C-]=[OH+](290)
    [CH2]CCC(C=O)CCCC(291)
    [CH2]CCCC(C=O)CCC(292)
    [CH2]CCCCC(C=O)CC(293)
    [CH2]CC(C=O)CCCCC(294)
    [CH2]CCCCCC(C)C=O(295)
    [CH2]C(C=O)CCCCCC(296)
    [CH2]CCCCCCCC=O(297)
    [CH2]CCCCCCC(C)=O(298)
    CCCCCCCC[C]=O(299)
    [O]C(=O)C([O])=O(300)
    [O]C(=O)O[C]=O(301)
    O=[C]OO[C]=O(302)
    O=[C]OC=O(303)
    [O]C(=O)C=O(304)
    CO[C]=O(305)
    CC([O])=O(306)
    [O]CC([O])=O(307)
    [CH2]OC([O])=O(308)
    [O]CO[C]=O(309)
    [CH2]OO[C]=O(310)
    [CH]=CC([O])=O(311)
    [CH]=CO[C]=O(312)
    O=COCO(313)
    O=C(O)CO(314)
    O=C=COC=O(315)
    O=C=CC(=O)O(316)
    C=C([O])C([O])=O(317)
    C=[C]OC([O])=O(318)
    [O]C(=O)C[C]=O(319)
    C=C([O])O[C]=O(320)
    C=[C]OO[C]=O(321)
    O=[C]CO[C]=O(322)
    C#COOC=O(323)
    C#COC(=O)O(324)
    C=COC=O(325)
    C=CC(=O)O(326)
    [CH2]CC([O])=O(327)
    [CH2]CO[C]=O(328)
    CCOC=O(329)
    COC(C)=O(330)
    CCC(=O)O(331)
    [CH2]C([O])C([O])=O(332)
    [CH2][CH]OC([O])=O(333)
    [CH2]C([O])O[C]=O(334)
    [CH2][CH]OO[C]=O(335)
    O=[C]OCC=O(336)
    [O]C(=O)CC=O(337)
    [O]C=COC=O(338)
    C=C([O])OC=O(339)
    [O]C=CC(=O)O(340)
    C=C([O])C(=O)O(341)
    [O][CH]CC([O])=O(342)
    [O][CH]CO[C]=O(343)
    C=COO[C]=O(344)
    C=COC([O])=O(345)
    O=CCOC=O(346)
    O=CCC(=O)O(347)
    CC([O])C([O])=O(348)
    C[CH]OC([O])=O(349)
    CC([O])O[C]=O(350)
    C[CH]OO[C]=O(351)
    C=COOC=O(352)
    C=COC(=O)O(353)
    [CH2]CCC(CCCC)OC=O(354)
    [CH2]CCCC(CCC)OC=O(355)
    [CH2]CCCCC(CC)OC=O(356)
    [CH2]CC(CCCCC)OC=O(357)
    [CH2]CCCCCC(C)OC=O(358)
    [CH2]C(CCCCCC)OC=O(359)
    [CH2]CCCCCCCOC=O(360)
    [CH2]CCCCCCC(=O)OC(361)
    [CH2]CCC(CCCC)C(=O)O(362)
    [CH2]CCCC(CCC)C(=O)O(363)
    [CH2]CCCCC(CC)C(=O)O(364)
    [CH2]CC(CCCCC)C(=O)O(365)
    [CH2]CCCCCC(C)C(=O)O(366)
    [CH2]C(CCCCCC)C(=O)O(367)
    [CH2]CCCCCCCC(=O)O(368)
    [CH2]CCCCCCOC(C)=O(369)
    CCCCCCCCO[C]=O(370)
    CCCCCCCCC([O])=O(371)
    CCCCCCCCCC=O(372)
    CH3OCH2(373)
    [CH]=CC(374)
    C=[C]OC(375)
    C=C(C)[O](376)
    C[CH]OC(377)
    CC(C)[O](378)
    CCCCCCCCCC(379)
    [O]CC[O](380)
    [CH2]OC[O](381)
    [CH2]OO[CH2](382)
    C1COO1(383)
    C1OCO1(384)
    [CH]=CC[O](385)
    [CH]=CO[CH2](386)
    C=C([O])C[O](387)
    C=[C]OC[O](388)
    [O]CC[C]=O(389)
    [CH2]OC(=C)[O](390)
    [CH2]OO[C]=C(391)
    [CH2]OC[C]=O(392)
    O=C1CCO1(393)
    O=C1COC1(394)
    C#COOC(395)
    C#COCO(396)
    [CH2]CC[O](397)
    [CH2]CO[CH2](398)
    C1COC1(399)
    CC([O])C[O](400)
    C[CH]OC[O](401)
    [CH2]OC(C)[O](402)
    [CH2]OO[CH]C(403)
    CC1COO1(404)
    CC1OCO1(405)
    C=COOC(406)
    C=COCO(407)
    [CH]=CC[CH2](408)
    CCOC(409)
    C=C([O])C(=C)[O](410)
    C=[C]OC(=C)[O](411)
    C=C([O])C[C]=O(412)
    C=[C]OO[C]=C(413)
    C=[C]OC[C]=O(414)
    O=[C]CC[C]=O(415)
    O=C1CCC1=O(416)
    O=C1CC(=O)C1(417)
    C#COOC=C(418)
    C#COCC=O(419)
    C#COC(=C)O(420)
    C#COC(C)=O(421)
    [CH2]CC(=C)[O](422)
    [CH2]CO[C]=C(423)
    [CH2]CC[C]=O(424)
    O=C1CCC1(425)
    C#COCC(426)
    C=C([O])C(C)[O](427)
    C=C([O])O[CH]C(428)
    C=[C]OC(C)[O](429)
    C=[C]OO[CH]C(430)
    CC([O])C[C]=O(431)
    C[CH]OC[C]=O(432)
    CC1CC(=O)O1(433)
    CC1OCC1=O(434)
    C#COOCC(435)
    C#COC(C)O(436)
    C=COOC=C(437)
    C=COCC=O(438)
    C=COC(=C)O(439)
    C=COC(C)=O(440)
    C=[C]OCCCCCCCCC(441)
    CCCCCCCCCC[C]=O(442)
    C=C([O])CCCCCCCCC(443)
    C=CO[O](444)
    [CH2]CC(C)[O](445)
    [CH2]CO[CH]C(446)
    CC1CCO1(447)
    C=COCC(448)
    [CH2][CH]OCCCCCCCCC(449)
    [CH2]C([O])CCCCCCCCC(450)
    CCCCCCCCCCC=O(451)
    CCCCCCCCCC[CH][O](452)
    C=COCCCCCCCCC(453)
    CC([O])C(C)[O](454)
    C[CH]OC(C)[O](455)
    C[CH]OO[CH]C(456)
    CC1OOC1C(457)
    CC1OC(C)O1(458)
    C=COOCC(459)
    C=COC(C)O(460)
    C[CH]OCCCCCCCCC(461)
    CCCCCCCCCC(C)[O](462)
    CCCCCCCCO[O](463)
    CCCCCCCCCCCCCCCCC(464)
Added 81 new core reactions
    CH2(S)(24) + CH4(31) <=> C2H6(32)
    OH(5) + CH2(T)(17) <=> CH2OH(34)
    OH(5) + CH2(T)(17) <=> O(4) + CH3(18)
    O(4) + CH2CHO(36) <=> OH(5) + CH2CO(28)
    OH(5) + CH3CHO(37) <=> H2O(7) + CH2CHO(36)
    H(3) + CH3CO(35) <=> H2(6) + CH2CO(28)
    OH(5) + C2H5(33) <=> H2O(7) + C2H4(30)
    H2O2(11) + CH2(T)(17) <=> HO2(10) + CH3(18)
    H2O2(11) + C2H(21) <=> HO2(10) + C2H2(22)
    H2O2(11) + HCCO(20) <=> HO2(10) + CH2CO(28)
    H2O2(11) + C2H3(29) <=> HO2(10) + C2H4(30)
    HO2(10) + CH3CHO(37) <=> H2O2(11) + CH2CHO(36)
    HO2(10) + HCO(14) <=> H2O2(11) + CO(12)
    HO2(10) + CH2OH(34) <=> H2O2(11) + CH2O(19)
    HO2(10) + CH3O(27) <=> H2O2(11) + CH2O(19)
    HO2(10) + C2H3(29) <=> H2O2(11) + C2H2(22)
    HO2(10) + CH3CO(35) <=> H2O2(11) + CH2CO(28)
    HO2(10) + CH2CHO(36) <=> H2O2(11) + CH2CO(28)
    HO2(10) + C2H5(33) <=> H2O2(11) + C2H4(30)
    HCO(14) + CH2(T)(17) <=> CO(12) + CH3(18)
    HCO(14) + HCO(14) <=> CO(12) + CH2O(19)
    HCO(14) + C2H(21) <=> CO(12) + C2H2(22)
    HCO(14) + CH3O(27) <=> CO(12) + CH3OH(26)
    HCO(14) + CH2OH(34) <=> CO(12) + CH3OH(26)
    HCO(14) + HCCO(20) <=> CO(12) + CH2CO(28)
    HCO(14) + C2H3(29) <=> CO(12) + C2H4(30)
    HCO(14) + C2H5(33) <=> CO(12) + C2H6(32)
    HCO(14) + CH2CHO(36) <=> CO(12) + CH3CHO(37)
    HCO(14) + CH3CO(35) <=> CO(12) + CH3CHO(37)
    CH2(T)(17) + CH2OH(34) <=> CH2O(19) + CH3(18)
    CH2(T)(17) + CH3O(27) <=> CH2O(19) + CH3(18)
    CH2(T)(17) + C2H3(29) <=> CH3(18) + C2H2(22)
    CH2(T)(17) + CH3CO(35) <=> CH3(18) + CH2CO(28)
    CH2(T)(17) + CH2CHO(36) <=> CH3(18) + CH2CO(28)
    CH3(18) + CH2CO(28) <=> CH4(31) + HCCO(20)
    CH2(T)(17) + C2H5(33) <=> CH3(18) + C2H4(30)
    CH3(18) + CH3CHO(37) <=> CH4(31) + CH2CHO(36)
    HCO(14) + CH2OH(34) <=> CH2O(19) + CH2O(19)
    HCO(14) + CH3O(27) <=> CH2O(19) + CH2O(19)
    HCO(14) + C2H3(29) <=> CH2O(19) + C2H2(22)
    CH2OH(34) + C2H(21) <=> CH2O(19) + C2H2(22)
    CH3O(27) + C2H(21) <=> CH2O(19) + C2H2(22)
    CH2OH(34) + CH2OH(34) <=> CH2O(19) + CH3OH(26)
    CH2OH(34) + CH3O(27) <=> CH2O(19) + CH3OH(26)
    CH2OH(34) + CH3O(27) <=> CH2O(19) + CH3OH(26)
    CH3O(27) + CH3O(27) <=> CH2O(19) + CH3OH(26)
    HCO(14) + CH3CO(35) <=> CH2O(19) + CH2CO(28)
    HCO(14) + CH2CHO(36) <=> CH2O(19) + CH2CO(28)
    CH2OH(34) + HCCO(20) <=> CH2O(19) + CH2CO(28)
    CH3O(27) + HCCO(20) <=> CH2O(19) + CH2CO(28)
    HCO(14) + C2H5(33) <=> CH2O(19) + C2H4(30)
    CH2OH(34) + C2H3(29) <=> CH2O(19) + C2H4(30)
    CH3O(27) + C2H3(29) <=> CH2O(19) + C2H4(30)
    CH2OH(34) + C2H5(33) <=> CH2O(19) + C2H6(32)
    CH3O(27) + C2H5(33) <=> CH2O(19) + C2H6(32)
    CH2OH(34) + CH2CHO(36) <=> CH2O(19) + CH3CHO(37)
    CH2OH(34) + CH3CO(35) <=> CH2O(19) + CH3CHO(37)
    CH3O(27) + CH2CHO(36) <=> CH2O(19) + CH3CHO(37)
    CH3O(27) + CH3CO(35) <=> CH2O(19) + CH3CHO(37)
    C2H(21) + C2H5(33) <=> C2H2(22) + C2H4(30)
    C2H3(29) + C2H3(29) <=> C2H2(22) + C2H4(30)
    HO2(10) + CH(16) <=> O2(2) + CH2(S)(24)
    CH2OH(34) + C2H5(33) <=> CH3OH(26) + C2H4(30)
    CH3O(27) + C2H5(33) <=> CH3OH(26) + C2H4(30)
    HO2(10) + CH3O(27) <=> O2(2) + CH3OH(26)
    HCCO(20) + CH3CO(35) <=> CH2CO(28) + CH2CO(28)
    HCCO(20) + CH2CHO(36) <=> CH2CO(28) + CH2CO(28)
    HCCO(20) + C2H5(33) <=> CH2CO(28) + C2H4(30)
    C2H3(29) + CH3CO(35) <=> CH2CO(28) + C2H4(30)
    C2H3(29) + CH2CHO(36) <=> CH2CO(28) + C2H4(30)
    CH3(18) + CH2CHO(36) <=> CH4(31) + CH2CO(28)
    CH3CO(35) + C2H5(33) <=> CH2CO(28) + C2H6(32)
    CH2CHO(36) + C2H5(33) <=> CH2CO(28) + C2H6(32)
    CH2CHO(36) + CH3CO(35) <=> CH2CO(28) + CH3CHO(37)
    CH3CO(35) + CH3CO(35) <=> CH2CO(28) + CH3CHO(37)
    CH2CHO(36) + CH2CHO(36) <=> CH2CO(28) + CH3CHO(37)
    CH2CHO(36) + CH3CO(35) <=> CH2CO(28) + CH3CHO(37)
    C2H3(29) + C2H5(33) <=> C2H4(30) + C2H4(30)
    C2H5(33) + C2H5(33) <=> C2H4(30) + C2H6(32)
    CH2CHO(36) + C2H5(33) <=> C2H4(30) + CH3CHO(37)
    CH3CO(35) + C2H5(33) <=> C2H4(30) + CH3CHO(37)
Created 609 new edge reactions
    H(3) + [CH]O(219) <=> CH2OH(34)
    H(3) + [CH2][O](59) <=> CH2OH(34)
    CH2(S)(24) + [CH2]CCCCCC(40) <=> [CH2]CCCCCCC(42)
    CH2(S)(24) + [CH2]CCCCCC(40) <=> [CH2]CCCCCCC(42)
    CH2(T)(17) + [CH2]CCCCCC(40) <=> [CH2]CCCCCCC(42)
    H(3) + [CH]CCCCCCC(220) <=> [CH2]CCCCCCC(42)
    H(3) + C=CCCCCCC(221) <=> [CH2]CCCCCCC(42)
    C2H4(30) + [CH2]CCCCC(44) <=> [CH2]CCCCCCC(42)
    [CH2]CC[CH2](144) + [CH2]CCC(41) <=> [CH2]CCCCCCC(42)
    [CH2]C[CH2](146) + [CH2]CCCC(39) <=> [CH2]CCCCCCC(42)
    H(3) + [CH2]CC[CH]CCCC(222) <=> [CH2]CCCCCCC(42)
    [CH2]CC(47) + [CH2]CCC[CH2](142) <=> [CH2]CCCCCCC(42)
    H(3) + [CH2]CCC[CH]CCC(223) <=> [CH2]CCCCCCC(42)
    C2H5(33) + [CH2]CCCC[CH2](139) <=> [CH2]CCCCCCC(42)
    H(3) + [CH2]CCCC[CH]CC(224) <=> [CH2]CCCCCCC(42)
    [CH2][CH2](66) + [CH2]CCCCC(44) <=> [CH2]CCCCCCC(42)
    H(3) + [CH2]C[CH]CCCCC(225) <=> [CH2]CCCCCCC(42)
    CH3(18) + [CH2]CCCCC[CH2](140) <=> [CH2]CCCCCCC(42)
    H(3) + [CH2]CCCCC[CH]C(226) <=> [CH2]CCCCCCC(42)
    H(3) + [CH2][CH]CCCCCC(227) <=> [CH2]CCCCCCC(42)
    H(3) + [CH2]CCCCCC[CH2](149) <=> [CH2]CCCCCCC(42)
    [CH2]CCCCCCC(42) <=> C[CH]CCCCCC(228)
    [CH2]CCCCCCC(42) <=> CC[CH]CCCCC(229)
    [CH2]CCCCCCC(42) <=> CCC[CH]CCCC(230)
    [CH2]CCCCCCC(42) <=> CCC[CH]CCCC(230)
    CC[CH]CCCCC(229) <=> [CH2]CCCCCCC(42)
    [CH2]CCCCCCC(42) <=> C[CH]CCCCCC(228)
    H(3) + CO2(13) <=> HOCO(102)
    H(3) + CO2(13) <=> [O]C=O(103)
    H(3) + [CH2]CCCCCCCC(46) <=> H2(6) + C=CCCCCCCC(138)
    H2(6) + [CH]CCCCCCCC(137) <=> H(3) + [CH2]CCCCCCCC(46)
    H(3) + [CH2]CCCCCCCC(46) <=> H2(6) + [CH2]CCCCC[CH]CC(141)
    H(3) + [CH2]CCCCCCCC(46) <=> H2(6) + [CH2]CCCC[CH]CCC(143)
    H(3) + [CH2]CCCCCCCC(46) <=> H2(6) + [CH2]CCC[CH]CCCC(145)
    H(3) + [CH2]CCCCCCCC(46) <=> H2(6) + [CH2]CC[CH]CCCCC(147)
    H(3) + [CH2]CCCCCCCC(46) <=> H2(6) + [CH2]C[CH]CCCCCC(148)
    H(3) + [CH2]CCCCCCCC(46) <=> H2(6) + [CH2]CCCCCC[CH]C(150)
    H(3) + [CH2]CCCCCCCC(46) <=> H2(6) + [CH2]CCCCCCC[CH2](152)
    H(3) + [CH2]CCCCCCCC(46) <=> CCCCCCCCC(163)
    O(4) + HO2(10) <=> [O]OO(79)
    O(4) + CO2(13) <=> CO3t2(231)
    O(4) + CO2(13) <=> CO3t1(232)
    OH(5) + HO2(10) <=> OOO(233)
    OH(5) + CO(12) <=> HOCO(102)
    O(4) + HOCO(102) <=> OH(5) + CO2(13)
    O(4) + [O]C=O(103) <=> OH(5) + CO2(13)
    OH(5) + CO2(13) <=> O=[C]OO(234)
    OH(5) + CO2(13) <=> [O]C(=O)O(235)
    OH(5) + CH2O(19) <=> [CH2]OO(236)
    OH(5) + CH2O(19) <=> [O]CO(237)
    O(4) + C=[C]O(69) <=> OH(5) + CH2CO(28)
    OH(5) + CH2CO(28) <=> C=[C]OO(238)
    OH(5) + CH2CO(28) <=> O=[C]CO(239)
    OH(5) + CH2CO(28) <=> C=C([O])O(240)
    OH(5) + C2H4(30) <=> CH2CH2OH(241)
    O(4) + CH3CHOH(133) <=> OH(5) + CH3CHO(37)
    O(4) + CH3CH2O(134) <=> OH(5) + CH3CHO(37)
    OH(5) + CH3CHO(37) <=> C[CH]OO(242)
    OH(5) + CH3CHO(37) <=> CC([O])O(243)
    H2(6) + CO2(13) <=> O=CO(244)
    H2(6) + CO2(13) <=> O=CO(244)
    H(3) + HOCO(102) <=> H2(6) + CO2(13)
    H(3) + [O]C=O(103) <=> H2(6) + CO2(13)
    H(3) + C=[C]O(69) <=> H2(6) + CH2CO(28)
    H(3) + CH3CHOH(133) <=> H2(6) + CH3CHO(37)
    H(3) + CH3CH2O(134) <=> H2(6) + CH3CHO(37)
    H2O(7) + CO(12) <=> O=CO(244)
    OH(5) + HOCO(102) <=> H2O(7) + CO2(13)
    OH(5) + [O]C=O(103) <=> H2O(7) + CO2(13)
    OH(5) + [CH]O(219) <=> H2O(7) + HCO(14)
    H2O(7) + CH2CO(28) <=> CC(=O)O(245)
    H2O(7) + CH2CO(28) <=> O=CCO(246)
    OH(5) + C=[C]O(69) <=> H2O(7) + CH2CO(28)
    OH(5) + [CH]C(65) <=> H2O(7) + C2H3(29)
    H2O(7) + C2H4(30) <=> C2H5OH(247)
    OH(5) + [CH2][CH]O(126) <=> H2O(7) + CH2CHO(36)
    OH(5) + [CH2]C[O](71) <=> H2O(7) + CH2CHO(36)
    OH(5) + C[CH][O](127) <=> H2O(7) + CH2CHO(36)
    OH(5) + C2H3OH(72) <=> H2O(7) + CH2CHO(36)
    OH(5) + CH3CHOH(133) <=> H2O(7) + CH3CHO(37)
    OH(5) + CH3CH2O(134) <=> H2O(7) + CH3CHO(37)
    OH(5) + CCCCCCCCC(163) <=> H2O(7) + [CH2]CCCCCCCC(46)
    OH(5) + CCCCCCCC(248) <=> H2O(7) + [CH2]CCCCCCC(42)
    HO2(10) + HO2(10) <=> OOOO(249)
    HO2(10) + CO(12) <=> [O]OC=O(106)
    HO2(10) + CO(12) <=> O=[C]OO(234)
    O2(2) + HOCO(102) <=> HO2(10) + CO2(13)
    O2(2) + [O]C=O(103) <=> HO2(10) + CO2(13)
    [O]OC(=O)O(250) <=> HO2(10) + CO2(13)
    HO2(10) + CO2(13) <=> O=[C]OOO(251)
    HO2(10) + CO2(13) <=> [O]C(=O)OO(252)
    HO2(10) + CH3(18) <=> CH3O2H(253)
    [O]OCO(254) <=> HO2(10) + CH2O(19)
    HO2(10) + CH2O(19) <=> [CH2]OOO(255)
    HO2(10) + CH2O(19) <=> [O]COO(256)
    HO2(10) + C2H2(22) <=> [CH]=COO(257)
    O2(2) + C=[C]O(69) <=> HO2(10) + CH2CO(28)
    [O]OCC=O(130) <=> HO2(10) + CH2CO(28)
    C=C(O)O[O](258) <=> HO2(10) + CH2CO(28)
    CC(=O)O[O](259) <=> HO2(10) + CH2CO(28)
    HO2(10) + CH2CO(28) <=> C=[C]OOO(260)
    HO2(10) + CH2CO(28) <=> O=[C]COO(261)
    C=C([O])OO(262) <=> HO2(10) + CH2CO(28)
    CCO[O](125) <=> HO2(10) + C2H4(30)
    HO2(10) + C2H4(30) <=> [CH2]COO(263)
    O2(2) + CH3CHOH(133) <=> HO2(10) + CH3CHO(37)
    O2(2) + CH3CH2O(134) <=> HO2(10) + CH3CHO(37)
    CC(O)O[O](264) <=> HO2(10) + CH3CHO(37)
    HO2(10) + CH3CHO(37) <=> C[CH]OOO(265)
    HO2(10) + CH3CHO(37) <=> CC([O])OO(266)
    HO2(10) + [CH2]CCCCCCCC(46) <=> H2O2(11) + C=CCCCCCCC(138)
    HO2(10) + [CH2]CCCCCCCC(46) <=> O2(2) + CCCCCCCCC(163)
    H2O2(11) + [CH]CCCCCCCC(137) <=> HO2(10) + [CH2]CCCCCCCC(46)
    H2O2(11) + [CH2]CCCCC[CH]CC(141) <=> HO2(10) + [CH2]CCCCCCCC(46)
    H2O2(11) + [CH2]CCCC[CH]CCC(143) <=> HO2(10) + [CH2]CCCCCCCC(46)
    H2O2(11) + [CH2]CCC[CH]CCCC(145) <=> HO2(10) + [CH2]CCCCCCCC(46)
    H2O2(11) + [CH2]CC[CH]CCCCC(147) <=> HO2(10) + [CH2]CCCCCCCC(46)
    H2O2(11) + [CH2]C[CH]CCCCCC(148) <=> HO2(10) + [CH2]CCCCCCCC(46)
    H2O2(11) + [CH2]CCCCCC[CH]C(150) <=> HO2(10) + [CH2]CCCCCCCC(46)
    H2O2(11) + [CH2]CCCCCCC[CH2](152) <=> HO2(10) + [CH2]CCCCCCCC(46)
    HO2(10) + [CH2]CCCCCCCC(46) <=> CCCCCCCCCOO(267)
    H2O2(11) + CO(12) <=> O=COO(268)
    HO2(10) + HOCO(102) <=> H2O2(11) + CO2(13)
    HO2(10) + [O]C=O(103) <=> H2O2(11) + CO2(13)
    HO2(10) + C=[C]O(69) <=> H2O2(11) + CH2CO(28)
    HO2(10) + CH3CHOH(133) <=> H2O2(11) + CH3CHO(37)
    HO2(10) + CH3CH2O(134) <=> H2O2(11) + CH3CHO(37)
    H2O2(11) + [CH2]CCCCCCCC(46) <=> HO2(10) + CCCCCCCCC(163)
    [C]=O(54) + HCO(14) <=> CO(12) + HCO(14)
    CO(12) + HCO(14) <=> O=[C]C=O(269)
    CO(12) + CH2O(19) <=> O=CC=O(270)
    CO(12) + C2H2(22) <=> C#CC=O(271)
    CO(12) + CH3OH(26) <=> COC=O(272)
    CO(12) + CH3OH(26) <=> O=CCO(246)
    CO(12) + CH2CO(28) <=> O=C=CC=O(273)
    [C-]=[O+]OC#C(274) <=> CO(12) + CH2CO(28)
    C#CO[C-]=[OH+](275) <=> CO(12) + CH2CO(28)
    CO(12) + C2H3(29) <=> [CH]=CC=O(276)
    HCO(14) + [C]=C(62) <=> CO(12) + C2H3(29)
    HCO(14) + [CH]=[CH](63) <=> CO(12) + C2H3(29)
    CO(12) + C2H3(29) <=> C=C[C]=O(277)
    CO(12) + C2H4(30) <=> C=CC=O(278)
    CO(12) + C2H6(32) <=> CCC=O(279)
    CO(12) + C2H6(32) <=> CC(C)=O(280)
    CO(12) + C2H5(33) <=> [CH2]CC=O(281)
    HCO(14) + [CH]C(65) <=> CO(12) + C2H5(33)
    HCO(14) + [CH2][CH2](66) <=> CO(12) + C2H5(33)
    CC[C]=O(282) <=> CO(12) + C2H5(33)
    CO(12) + CH2CHO(36) <=> [CH2]C(=O)C=O(283)
    HCO(14) + [CH]=C[O](60) <=> CO(12) + CH2CHO(36)
    HCO(14) + [CH2][C]=O(68) <=> CO(12) + CH2CHO(36)
    CO(12) + CH2CHO(36) <=> O=[C]CC=O(284)
    CO(12) + CH2CHO(36) <=> [O]C=CC=O(285)
    CO(12) + CH2CHO(36) <=> C=CO[C]=O(286)
    CO(12) + CH3CHO(37) <=> O=CCC=O(287)
    CO(12) + CH3CHO(37) <=> CC(=O)C=O(288)
    [C-]=[O+]OC=C(289) <=> CO(12) + CH3CHO(37)
    C=CO[C-]=[OH+](290) <=> CO(12) + CH3CHO(37)
    CO(12) + [CH2]CCCCCCC(42) <=> [CH2]CCC(C=O)CCCC(291)
    CO(12) + [CH2]CCCCCCC(42) <=> [CH2]CCCC(C=O)CCC(292)
    CO(12) + [CH2]CCCCCCC(42) <=> [CH2]CCCCC(C=O)CC(293)
    CO(12) + [CH2]CCCCCCC(42) <=> [CH2]CC(C=O)CCCCC(294)
    CO(12) + [CH2]CCCCCCC(42) <=> [CH2]CCCCCC(C)C=O(295)
    CO(12) + [CH2]CCCCCCC(42) <=> [CH2]C(C=O)CCCCCC(296)
    CO(12) + [CH2]CCCCCCC(42) <=> [CH2]CCCCCCCC=O(297)
    CO(12) + [CH2]CCCCCCC(42) <=> [CH2]CCCCCCC(C)=O(298)
    HCO(14) + [CH]CCCCCCC(220) <=> CO(12) + [CH2]CCCCCCC(42)
    HCO(14) + [CH2]CC[CH]CCCC(222) <=> CO(12) + [CH2]CCCCCCC(42)
    HCO(14) + [CH2]CCC[CH]CCC(223) <=> CO(12) + [CH2]CCCCCCC(42)
    HCO(14) + [CH2]CCCC[CH]CC(224) <=> CO(12) + [CH2]CCCCCCC(42)
    HCO(14) + [CH2]C[CH]CCCCC(225) <=> CO(12) + [CH2]CCCCCCC(42)
    HCO(14) + [CH2]CCCCC[CH]C(226) <=> CO(12) + [CH2]CCCCCCC(42)
    HCO(14) + [CH2][CH]CCCCCC(227) <=> CO(12) + [CH2]CCCCCCC(42)
    HCO(14) + [CH2]CCCCCC[CH2](149) <=> CO(12) + [CH2]CCCCCCC(42)
    CO(12) + [CH2]CCCCCCC(42) <=> CCCCCCCC[C]=O(299)
    [O]C(=O)C([O])=O(300) <=> CO2(13) + CO2(13)
    [O]C(=O)O[C]=O(301) <=> CO2(13) + CO2(13)
    O=[C]OO[C]=O(302) <=> CO2(13) + CO2(13)
    [C]=O(54) + HOCO(102) <=> CO2(13) + HCO(14)
    [C]=O(54) + [O]C=O(103) <=> CO2(13) + HCO(14)
    CO2(13) + HCO(14) <=> O=[C]OC=O(303)
    CO2(13) + HCO(14) <=> [O]C(=O)C=O(304)
    HOCO(102) + CH2(T)(17) <=> CO2(13) + CH3(18)
    [O]C=O(103) + CH2(T)(17) <=> CO2(13) + CH3(18)
    CO2(13) + CH3(18) <=> CO[C]=O(305)
    CO2(13) + CH3(18) <=> CC([O])=O(306)
    [O]CC([O])=O(307) <=> CO2(13) + CH2O(19)
    [CH2]OC([O])=O(308) <=> CO2(13) + CH2O(19)
    [O]CO[C]=O(309) <=> CO2(13) + CH2O(19)
    [CH2]OO[C]=O(310) <=> CO2(13) + CH2O(19)
    HCO(14) + HOCO(102) <=> CO2(13) + CH2O(19)
    HCO(14) + [O]C=O(103) <=> CO2(13) + CH2O(19)
    [CH]=CC([O])=O(311) <=> CO2(13) + C2H2(22)
    [CH]=CO[C]=O(312) <=> CO2(13) + C2H2(22)
    HOCO(102) + C2H(21) <=> CO2(13) + C2H2(22)
    [O]C=O(103) + C2H(21) <=> CO2(13) + C2H2(22)
    CO2(13) + CH3OH(26) <=> O=COCO(313)
    CO2(13) + CH3OH(26) <=> O=C(O)CO(314)
    HOCO(102) + CH2OH(34) <=> CO2(13) + CH3OH(26)
    HOCO(102) + CH3O(27) <=> CO2(13) + CH3OH(26)
    [O]C=O(103) + CH2OH(34) <=> CO2(13) + CH3OH(26)
    [O]C=O(103) + CH3O(27) <=> CO2(13) + CH3OH(26)
    CO2(13) + CH2CO(28) <=> O=C=COC=O(315)
    CO2(13) + CH2CO(28) <=> O=C=CC(=O)O(316)
    C=C([O])C([O])=O(317) <=> CO2(13) + CH2CO(28)
    C=[C]OC([O])=O(318) <=> CO2(13) + CH2CO(28)
    [O]C(=O)C[C]=O(319) <=> CO2(13) + CH2CO(28)
    C=C([O])O[C]=O(320) <=> CO2(13) + CH2CO(28)
    C=[C]OO[C]=O(321) <=> CO2(13) + CH2CO(28)
    O=[C]CO[C]=O(322) <=> CO2(13) + CH2CO(28)
    HOCO(102) + HCCO(20) <=> CO2(13) + CH2CO(28)
    [O]C=O(103) + HCCO(20) <=> CO2(13) + CH2CO(28)
    C#COOC=O(323) <=> CO2(13) + CH2CO(28)
    C#COC(=O)O(324) <=> CO2(13) + CH2CO(28)
    CO2(13) + C2H4(30) <=> C=COC=O(325)
    CO2(13) + C2H4(30) <=> C=CC(=O)O(326)
    [CH2]CC([O])=O(327) <=> CO2(13) + C2H4(30)
    [CH2]CO[C]=O(328) <=> CO2(13) + C2H4(30)
    HOCO(102) + C2H3(29) <=> CO2(13) + C2H4(30)
    [O]C=O(103) + C2H3(29) <=> CO2(13) + C2H4(30)
    CO2(13) + CH4(31) <=> COC=O(272)
    CO2(13) + CH4(31) <=> CC(=O)O(245)
    HOCO(102) + CH3(18) <=> CO2(13) + CH4(31)
    [O]C=O(103) + CH3(18) <=> CO2(13) + CH4(31)
    CO2(13) + C2H6(32) <=> CCOC=O(329)
    CO2(13) + C2H6(32) <=> COC(C)=O(330)
    CO2(13) + C2H6(32) <=> CCC(=O)O(331)
    HOCO(102) + C2H5(33) <=> CO2(13) + C2H6(32)
    [O]C=O(103) + C2H5(33) <=> CO2(13) + C2H6(32)
    [CH2]C([O])C([O])=O(332) <=> CO2(13) + CH2CHO(36)
    [CH2][CH]OC([O])=O(333) <=> CO2(13) + CH2CHO(36)
    [CH2]C([O])O[C]=O(334) <=> CO2(13) + CH2CHO(36)
    [CH2][CH]OO[C]=O(335) <=> CO2(13) + CH2CHO(36)
    HOCO(102) + [CH]=C[O](60) <=> CO2(13) + CH2CHO(36)
    HOCO(102) + [CH2][C]=O(68) <=> CO2(13) + CH2CHO(36)
    [O]C=O(103) + [CH]=C[O](60) <=> CO2(13) + CH2CHO(36)
    [O]C=O(103) + [CH2][C]=O(68) <=> CO2(13) + CH2CHO(36)
    CO2(13) + CH2CHO(36) <=> O=[C]OCC=O(336)
    CO2(13) + CH2CHO(36) <=> [O]C(=O)CC=O(337)
    CO2(13) + CH2CHO(36) <=> [O]C=COC=O(338)
    CO2(13) + CH2CHO(36) <=> C=C([O])OC=O(339)
    CO2(13) + CH2CHO(36) <=> [O]C=CC(=O)O(340)
    CO2(13) + CH2CHO(36) <=> C=C([O])C(=O)O(341)
    [O][CH]CC([O])=O(342) <=> CO2(13) + CH2CHO(36)
    [O][CH]CO[C]=O(343) <=> CO2(13) + CH2CHO(36)
    CO2(13) + CH2CHO(36) <=> C=COO[C]=O(344)
    CO2(13) + CH2CHO(36) <=> C=COC([O])=O(345)
    CO2(13) + CH3CHO(37) <=> O=CCOC=O(346)
    CO2(13) + CH3CHO(37) <=> O=CCC(=O)O(347)
    CC([O])C([O])=O(348) <=> CO2(13) + CH3CHO(37)
    C[CH]OC([O])=O(349) <=> CO2(13) + CH3CHO(37)
    CC([O])O[C]=O(350) <=> CO2(13) + CH3CHO(37)
    C[CH]OO[C]=O(351) <=> CO2(13) + CH3CHO(37)
    HOCO(102) + CH2CHO(36) <=> CO2(13) + CH3CHO(37)
    HOCO(102) + CH3CO(35) <=> CO2(13) + CH3CHO(37)
    [O]C=O(103) + CH2CHO(36) <=> CO2(13) + CH3CHO(37)
    [O]C=O(103) + CH3CO(35) <=> CO2(13) + CH3CHO(37)
    C=COOC=O(352) <=> CO2(13) + CH3CHO(37)
    C=COC(=O)O(353) <=> CO2(13) + CH3CHO(37)
    CO2(13) + [CH2]CCCCCCC(42) <=> [CH2]CCC(CCCC)OC=O(354)
    CO2(13) + [CH2]CCCCCCC(42) <=> [CH2]CCCC(CCC)OC=O(355)
    CO2(13) + [CH2]CCCCCCC(42) <=> [CH2]CCCCC(CC)OC=O(356)
    CO2(13) + [CH2]CCCCCCC(42) <=> [CH2]CC(CCCCC)OC=O(357)
    CO2(13) + [CH2]CCCCCCC(42) <=> [CH2]CCCCCC(C)OC=O(358)
    CO2(13) + [CH2]CCCCCCC(42) <=> [CH2]C(CCCCCC)OC=O(359)
    CO2(13) + [CH2]CCCCCCC(42) <=> [CH2]CCCCCCCOC=O(360)
    CO2(13) + [CH2]CCCCCCC(42) <=> [CH2]CCCCCCC(=O)OC(361)
    CO2(13) + [CH2]CCCCCCC(42) <=> [CH2]CCC(CCCC)C(=O)O(362)
    CO2(13) + [CH2]CCCCCCC(42) <=> [CH2]CCCC(CCC)C(=O)O(363)
    CO2(13) + [CH2]CCCCCCC(42) <=> [CH2]CCCCC(CC)C(=O)O(364)
    CO2(13) + [CH2]CCCCCCC(42) <=> [CH2]CC(CCCCC)C(=O)O(365)
    CO2(13) + [CH2]CCCCCCC(42) <=> [CH2]CCCCCC(C)C(=O)O(366)
    CO2(13) + [CH2]CCCCCCC(42) <=> [CH2]C(CCCCCC)C(=O)O(367)
    CO2(13) + [CH2]CCCCCCC(42) <=> [CH2]CCCCCCCC(=O)O(368)
    CO2(13) + [CH2]CCCCCCC(42) <=> [CH2]CCCCCCOC(C)=O(369)
    HOCO(102) + [CH]CCCCCCC(220) <=> CO2(13) + [CH2]CCCCCCC(42)
    HOCO(102) + [CH2]C[CH]CCCCC(225) <=> CO2(13) + [CH2]CCCCCCC(42)
    HOCO(102) + [CH2]CC[CH]CCCC(222) <=> CO2(13) + [CH2]CCCCCCC(42)
    HOCO(102) + [CH2]CCC[CH]CCC(223) <=> CO2(13) + [CH2]CCCCCCC(42)
    HOCO(102) + [CH2]CCCC[CH]CC(224) <=> CO2(13) + [CH2]CCCCCCC(42)
    HOCO(102) + [CH2]CCCCC[CH]C(226) <=> CO2(13) + [CH2]CCCCCCC(42)
    HOCO(102) + [CH2][CH]CCCCCC(227) <=> CO2(13) + [CH2]CCCCCCC(42)
    HOCO(102) + [CH2]CCCCCC[CH2](149) <=> CO2(13) + [CH2]CCCCCCC(42)
    [O]C=O(103) + [CH]CCCCCCC(220) <=> CO2(13) + [CH2]CCCCCCC(42)
    [O]C=O(103) + [CH2]C[CH]CCCCC(225) <=> CO2(13) + [CH2]CCCCCCC(42)
    [O]C=O(103) + [CH2]CC[CH]CCCC(222) <=> CO2(13) + [CH2]CCCCCCC(42)
    [O]C=O(103) + [CH2]CCC[CH]CCC(223) <=> CO2(13) + [CH2]CCCCCCC(42)
    [O]C=O(103) + [CH2]CCCC[CH]CC(224) <=> CO2(13) + [CH2]CCCCCCC(42)
    [O]C=O(103) + [CH2]CCCCC[CH]C(226) <=> CO2(13) + [CH2]CCCCCCC(42)
    [O]C=O(103) + [CH2][CH]CCCCCC(227) <=> CO2(13) + [CH2]CCCCCCC(42)
    [O]C=O(103) + [CH2]CCCCCC[CH2](149) <=> CO2(13) + [CH2]CCCCCCC(42)
    CO2(13) + [CH2]CCCCCCC(42) <=> CCCCCCCCO[C]=O(370)
    CO2(13) + [CH2]CCCCCCC(42) <=> CCCCCCCCC([O])=O(371)
    [CH]O(219) + CCCC[CH]CCCCCCC(43) <=> HCO(14) + C12H24(1)
    [CH]O(219) + CCCCC[CH]CCCCCC(45) <=> HCO(14) + C12H24(1)
    [CH]O(219) + CCC[CH]CCCCCCCC(48) <=> HCO(14) + C12H24(1)
    [CH]O(219) + CC[CH]CCCCCCCCC(50) <=> HCO(14) + C12H24(1)
    [CH]O(219) + C[CH]CCCCCCCCCC(52) <=> HCO(14) + C12H24(1)
    [CH]O(219) + [CH2]CCCCCCCCCCC(53) <=> HCO(14) + C12H24(1)
    CH2O(19) + CCCC[CH]CCCCCCC(43) <=> HCO(14) + C12H24(1)
    CH2O(19) + CCCCC[CH]CCCCCC(45) <=> HCO(14) + C12H24(1)
    CH2O(19) + CCC[CH]CCCCCCCC(48) <=> HCO(14) + C12H24(1)
    CH2O(19) + CC[CH]CCCCCCCCC(50) <=> HCO(14) + C12H24(1)
    CH2O(19) + C[CH]CCCCCCCCCC(52) <=> HCO(14) + C12H24(1)
    CH2O(19) + [CH2]CCCCCCCCCCC(53) <=> HCO(14) + C12H24(1)
    HCO(14) + [CH2]CCCCCCCC(46) <=> CO(12) + CCCCCCCCC(163)
    HCO(14) + [CH2]CCCCCCCC(46) <=> CH2O(19) + C=CCCCCCCC(138)
    [CH]O(219) + [CH]CCCCCCCC(137) <=> HCO(14) + [CH2]CCCCCCCC(46)
    [CH]O(219) + [CH2]CCCCCC[CH]C(150) <=> HCO(14) + [CH2]CCCCCCCC(46)
    [CH]O(219) + [CH2]CCCCC[CH]CC(141) <=> HCO(14) + [CH2]CCCCCCCC(46)
    [CH]O(219) + [CH2]CCCC[CH]CCC(143) <=> HCO(14) + [CH2]CCCCCCCC(46)
    [CH]O(219) + [CH2]CCC[CH]CCCC(145) <=> HCO(14) + [CH2]CCCCCCCC(46)
    [CH]O(219) + [CH2]CC[CH]CCCCC(147) <=> HCO(14) + [CH2]CCCCCCCC(46)
    [CH]O(219) + [CH2]C[CH]CCCCCC(148) <=> HCO(14) + [CH2]CCCCCCCC(46)
    [CH]O(219) + [CH2][CH]CCCCCCC(151) <=> HCO(14) + [CH2]CCCCCCCC(46)
    [CH]O(219) + [CH2]CCCCCCC[CH2](152) <=> HCO(14) + [CH2]CCCCCCCC(46)
    [C]=O(54) + CCCCCCCCC(163) <=> HCO(14) + [CH2]CCCCCCCC(46)
    CH2O(19) + [CH]CCCCCCCC(137) <=> HCO(14) + [CH2]CCCCCCCC(46)
    CH2O(19) + [CH2]CCCCC[CH]CC(141) <=> HCO(14) + [CH2]CCCCCCCC(46)
    CH2O(19) + [CH2]CCCC[CH]CCC(143) <=> HCO(14) + [CH2]CCCCCCCC(46)
    CH2O(19) + [CH2]CCC[CH]CCCC(145) <=> HCO(14) + [CH2]CCCCCCCC(46)
    CH2O(19) + [CH2]CC[CH]CCCCC(147) <=> HCO(14) + [CH2]CCCCCCCC(46)
    CH2O(19) + [CH2]C[CH]CCCCCC(148) <=> HCO(14) + [CH2]CCCCCCCC(46)
    CH2O(19) + [CH2]CCCCCC[CH]C(150) <=> HCO(14) + [CH2]CCCCCCCC(46)
    CH2O(19) + [CH2]CCCCCCC[CH2](152) <=> HCO(14) + [CH2]CCCCCCCC(46)
    HCO(14) + [CH2]CCCCCCCC(46) <=> CCCCCCCCCC=O(372)
    CH2O(19) + CH3(18) <=> CH3OCH2(373)
    CH2O(19) + CH3(18) <=> CH3CH2O(134)
    CH3(18) + C2H2(22) <=> [CH]=CC(374)
    CH2(T)(17) + C=[C]O(69) <=> CH3(18) + CH2CO(28)
    CH3(18) + CH2CO(28) <=> C=[C]OC(375)
    CC[C]=O(282) <=> CH3(18) + CH2CO(28)
    C=C(C)[O](376) <=> CH3(18) + CH2CO(28)
    CH2(T)(17) + CH3CHOH(133) <=> CH3(18) + CH3CHO(37)
    CH2(T)(17) + CH3CH2O(134) <=> CH3(18) + CH3CHO(37)
    CH3(18) + CH3CHO(37) <=> C[CH]OC(377)
    CH3(18) + CH3CHO(37) <=> CC(C)[O](378)
    CH3(18) + [CH2]CCCCCCCC(46) <=> CH4(31) + C=CCCCCCCC(138)
    CH2(T)(17) + CCCCCCCCC(163) <=> CH3(18) + [CH2]CCCCCCCC(46)
    CH4(31) + [CH]CCCCCCCC(137) <=> CH3(18) + [CH2]CCCCCCCC(46)
    CH3(18) + [CH2]CCCCCCCC(46) <=> CH4(31) + [CH2]CCCCC[CH]CC(141)
    CH3(18) + [CH2]CCCCCCCC(46) <=> CH4(31) + [CH2]CCCC[CH]CCC(143)
    CH3(18) + [CH2]CCCCCCCC(46) <=> CH4(31) + [CH2]CCC[CH]CCCC(145)
    CH3(18) + [CH2]CCCCCCCC(46) <=> CH4(31) + [CH2]CC[CH]CCCCC(147)
    CH3(18) + [CH2]CCCCCCCC(46) <=> CH4(31) + [CH2]C[CH]CCCCCC(148)
    CH3(18) + [CH2]CCCCCCCC(46) <=> CH4(31) + [CH2]CCCCCC[CH]C(150)
    CH3(18) + [CH2]CCCCCCCC(46) <=> CH4(31) + [CH2]CCCCCCC[CH2](152)
    CH3(18) + [CH2]CCCCCCCC(46) <=> CCCCCCCCCC(379)
    [O]CC[O](380) <=> CH2O(19) + CH2O(19)
    [CH2]OC[O](381) <=> CH2O(19) + CH2O(19)
    [CH2]OO[CH2](382) <=> CH2O(19) + CH2O(19)
    CH2O(19) + CH2O(19) <=> C1COO1(383)
    CH2O(19) + CH2O(19) <=> C1OCO1(384)
    [CH]=CC[O](385) <=> CH2O(19) + C2H2(22)
    [CH]=CO[CH2](386) <=> CH2O(19) + C2H2(22)
    C=C([O])C[O](387) <=> CH2O(19) + CH2CO(28)
    C=[C]OC[O](388) <=> CH2O(19) + CH2CO(28)
    [O]CC[C]=O(389) <=> CH2O(19) + CH2CO(28)
    [CH2]OC(=C)[O](390) <=> CH2O(19) + CH2CO(28)
    [CH2]OO[C]=C(391) <=> CH2O(19) + CH2CO(28)
    [CH2]OC[C]=O(392) <=> CH2O(19) + CH2CO(28)
    CH2O(19) + CH2CO(28) <=> O=C1CCO1(393)
    CH2O(19) + CH2CO(28) <=> O=C1COC1(394)
    HCO(14) + C=[C]O(69) <=> CH2O(19) + CH2CO(28)
    C#COOC(395) <=> CH2O(19) + CH2CO(28)
    C#COCO(396) <=> CH2O(19) + CH2CO(28)
    [CH2]CC[O](397) <=> CH2O(19) + C2H4(30)
    [CH2]CO[CH2](398) <=> CH2O(19) + C2H4(30)
    CH2O(19) + C2H4(30) <=> C1COC1(399)
    CC([O])C[O](400) <=> CH2O(19) + CH3CHO(37)
    C[CH]OC[O](401) <=> CH2O(19) + CH3CHO(37)
    [CH2]OC(C)[O](402) <=> CH2O(19) + CH3CHO(37)
    [CH2]OO[CH]C(403) <=> CH2O(19) + CH3CHO(37)
    CH2O(19) + CH3CHO(37) <=> CC1COO1(404)
    CH2O(19) + CH3CHO(37) <=> CC1OCO1(405)
    HCO(14) + CH3CHOH(133) <=> CH2O(19) + CH3CHO(37)
    HCO(14) + CH3CH2O(134) <=> CH2O(19) + CH3CHO(37)
    C=COOC(406) <=> CH2O(19) + CH3CHO(37)
    C=COCO(407) <=> CH2O(19) + CH3CHO(37)
    [CH]=CC[CH2](408) <=> C2H2(22) + C2H4(30)
    CH3OH(26) + C2H4(30) <=> CCOC(409)
    CH3OH(26) + C2H4(30) <=> CCCO(166)
    CH3O(27) + CCCCCCCCC(163) <=> CH3OH(26) + [CH2]CCCCCCCC(46)
    CH3OH(26) + [CH2]CCCCCCCC(46) <=> CH2OH(34) + CCCCCCCCC(163)
    C=C([O])C(=C)[O](410) <=> CH2CO(28) + CH2CO(28)
    C=[C]OC(=C)[O](411) <=> CH2CO(28) + CH2CO(28)
    C=C([O])C[C]=O(412) <=> CH2CO(28) + CH2CO(28)
    C=[C]OO[C]=C(413) <=> CH2CO(28) + CH2CO(28)
    C=[C]OC[C]=O(414) <=> CH2CO(28) + CH2CO(28)
    O=[C]CC[C]=O(415) <=> CH2CO(28) + CH2CO(28)
    CH2CO(28) + CH2CO(28) <=> O=C1CCC1=O(416)
    CH2CO(28) + CH2CO(28) <=> O=C1CC(=O)C1(417)
    HCCO(20) + C=[C]O(69) <=> CH2CO(28) + CH2CO(28)
    C#COOC=C(418) <=> CH2CO(28) + CH2CO(28)
    C#COCC=O(419) <=> CH2CO(28) + CH2CO(28)
    C#COC(=C)O(420) <=> CH2CO(28) + CH2CO(28)
    C#COC(C)=O(421) <=> CH2CO(28) + CH2CO(28)
    [CH2]CC(=C)[O](422) <=> CH2CO(28) + C2H4(30)
    [CH2]CO[C]=C(423) <=> CH2CO(28) + C2H4(30)
    [CH2]CC[C]=O(424) <=> CH2CO(28) + C2H4(30)
    CH2CO(28) + C2H4(30) <=> O=C1CCC1(425)
    C2H3(29) + C=[C]O(69) <=> CH2CO(28) + C2H4(30)
    C#COCC(426) <=> CH2CO(28) + C2H4(30)
    CH3(18) + C=[C]O(69) <=> CH4(31) + CH2CO(28)
    C=[C]O(69) + C2H5(33) <=> CH2CO(28) + C2H6(32)
    C=C([O])C(C)[O](427) <=> CH2CO(28) + CH3CHO(37)
    C=C([O])O[CH]C(428) <=> CH2CO(28) + CH3CHO(37)
    C=[C]OC(C)[O](429) <=> CH2CO(28) + CH3CHO(37)
    C=[C]OO[CH]C(430) <=> CH2CO(28) + CH3CHO(37)
    CC([O])C[C]=O(431) <=> CH2CO(28) + CH3CHO(37)
    C[CH]OC[C]=O(432) <=> CH2CO(28) + CH3CHO(37)
    CH2CO(28) + CH3CHO(37) <=> CC1CC(=O)O1(433)
    CH2CO(28) + CH3CHO(37) <=> CC1OCC1=O(434)
    HCCO(20) + CH3CHOH(133) <=> CH2CO(28) + CH3CHO(37)
    HCCO(20) + CH3CH2O(134) <=> CH2CO(28) + CH3CHO(37)
    C=[C]O(69) + CH2CHO(36) <=> CH2CO(28) + CH3CHO(37)
    C=[C]O(69) + CH3CO(35) <=> CH2CO(28) + CH3CHO(37)
    C#COOCC(435) <=> CH2CO(28) + CH3CHO(37)
    C#COC(C)O(436) <=> CH2CO(28) + CH3CHO(37)
    C=COOC=C(437) <=> CH2CO(28) + CH3CHO(37)
    C=COCC=O(438) <=> CH2CO(28) + CH3CHO(37)
    C=COC(=C)O(439) <=> CH2CO(28) + CH3CHO(37)
    C=COC(C)=O(440) <=> CH2CO(28) + CH3CHO(37)
    C=[C]O(69) + [CH]CCCCCCCC(137) <=> CH2CO(28) + [CH2]CCCCCCCC(46)
    C=[C]O(69) + [CH2]CCCCCC[CH]C(150) <=> CH2CO(28) + [CH2]CCCCCCCC(46)
    C=[C]O(69) + [CH2]CCCCC[CH]CC(141) <=> CH2CO(28) + [CH2]CCCCCCCC(46)
    C=[C]O(69) + [CH2]CCCC[CH]CCC(143) <=> CH2CO(28) + [CH2]CCCCCCCC(46)
    C=[C]O(69) + [CH2]CCC[CH]CCCC(145) <=> CH2CO(28) + [CH2]CCCCCCCC(46)
    C=[C]O(69) + [CH2]CC[CH]CCCCC(147) <=> CH2CO(28) + [CH2]CCCCCCCC(46)
    C=[C]O(69) + [CH2]C[CH]CCCCCC(148) <=> CH2CO(28) + [CH2]CCCCCCCC(46)
    C=[C]O(69) + [CH2][CH]CCCCCCC(151) <=> CH2CO(28) + [CH2]CCCCCCCC(46)
    C=[C]O(69) + [CH2]CCCCCCC[CH2](152) <=> CH2CO(28) + [CH2]CCCCCCCC(46)
    CH3CO(35) + [CH]CCCCCCCC(137) <=> CH2CO(28) + [CH2]CCCCCCCC(46)
    CH3CO(35) + [CH2]CCCCCC[CH]C(150) <=> CH2CO(28) + [CH2]CCCCCCCC(46)
    CH3CO(35) + [CH2]CCCCC[CH]CC(141) <=> CH2CO(28) + [CH2]CCCCCCCC(46)
    CH3CO(35) + [CH2]CCCC[CH]CCC(143) <=> CH2CO(28) + [CH2]CCCCCCCC(46)
    CH3CO(35) + [CH2]CCC[CH]CCCC(145) <=> CH2CO(28) + [CH2]CCCCCCCC(46)
    CH3CO(35) + [CH2]CC[CH]CCCCC(147) <=> CH2CO(28) + [CH2]CCCCCCCC(46)
    CH3CO(35) + [CH2]C[CH]CCCCCC(148) <=> CH2CO(28) + [CH2]CCCCCCCC(46)
    CH3CO(35) + [CH2][CH]CCCCCCC(151) <=> CH2CO(28) + [CH2]CCCCCCCC(46)
    CH3CO(35) + [CH2]CCCCCCC[CH2](152) <=> CH2CO(28) + [CH2]CCCCCCCC(46)
    CH2CHO(36) + [CH]CCCCCCCC(137) <=> CH2CO(28) + [CH2]CCCCCCCC(46)
    CH2CHO(36) + [CH2]CCCCCC[CH]C(150) <=> CH2CO(28) + [CH2]CCCCCCCC(46)
    CH2CHO(36) + [CH2]CCCCC[CH]CC(141) <=> CH2CO(28) + [CH2]CCCCCCCC(46)
    CH2CHO(36) + [CH2]CCCC[CH]CCC(143) <=> CH2CO(28) + [CH2]CCCCCCCC(46)
    CH2CHO(36) + [CH2]CCC[CH]CCCC(145) <=> CH2CO(28) + [CH2]CCCCCCCC(46)
    CH2CHO(36) + [CH2]CC[CH]CCCCC(147) <=> CH2CO(28) + [CH2]CCCCCCCC(46)
    CH2CHO(36) + [CH2]C[CH]CCCCCC(148) <=> CH2CO(28) + [CH2]CCCCCCCC(46)
    CH2CHO(36) + [CH2][CH]CCCCCCC(151) <=> CH2CO(28) + [CH2]CCCCCCCC(46)
    CH2CHO(36) + [CH2]CCCCCCC[CH2](152) <=> CH2CO(28) + [CH2]CCCCCCCC(46)
    HCCO(20) + CCCCCCCCC(163) <=> CH2CO(28) + [CH2]CCCCCCCC(46)
    CH2CO(28) + [CH2]CCCCCCCC(46) <=> C=[C]OCCCCCCCCC(441)
    CH2CO(28) + [CH2]CCCCCCCC(46) <=> CCCCCCCCCC[C]=O(442)
    CH2CO(28) + [CH2]CCCCCCCC(46) <=> C=C([O])CCCCCCCCC(443)
    [CH]C(65) + CCCC[CH]CCCCCCC(43) <=> C2H3(29) + C12H24(1)
    [CH]C(65) + CCCCC[CH]CCCCCC(45) <=> C2H3(29) + C12H24(1)
    [CH]C(65) + CCC[CH]CCCCCCCC(48) <=> C2H3(29) + C12H24(1)
    [CH]C(65) + CC[CH]CCCCCCCCC(50) <=> C2H3(29) + C12H24(1)
    [CH]C(65) + C[CH]CCCCCCCCCC(52) <=> C2H3(29) + C12H24(1)
    [CH]C(65) + [CH2]CCCCCCCCCCC(53) <=> C2H3(29) + C12H24(1)
    C2H3(29) + C12H24(1) <=> C2H4(30) + CCCC[CH]CCCCCCC(43)
    C2H3(29) + C12H24(1) <=> C2H4(30) + CCCCC[CH]CCCCCC(45)
    C2H3(29) + C12H24(1) <=> C2H4(30) + CCC[CH]CCCCCCCC(48)
    C2H3(29) + C12H24(1) <=> C2H4(30) + CC[CH]CCCCCCCCC(50)
    C2H3(29) + C12H24(1) <=> C2H4(30) + C[CH]CCCCCCCCCC(52)
    C2H3(29) + C12H24(1) <=> C2H4(30) + [CH2]CCCCCCCCCCC(53)
    HO2(10) + [C]=C(62) <=> O2(2) + C2H3(29)
    O2(2) + C2H3(29) <=> C=CO[O](444)
    [CH2]CC[CH2](144) <=> C2H4(30) + C2H4(30)
    [CH2]CC(C)[O](445) <=> C2H4(30) + CH3CHO(37)
    [CH2]CO[CH]C(446) <=> C2H4(30) + CH3CHO(37)
    C2H4(30) + CH3CHO(37) <=> CC1CCO1(447)
    C2H4(30) + CH3CHO(37) <=> CC1CCO1(447)
    C2H3(29) + CH3CHOH(133) <=> C2H4(30) + CH3CHO(37)
    C2H3(29) + CH3CH2O(134) <=> C2H4(30) + CH3CHO(37)
    C=COCC(448) <=> C2H4(30) + CH3CHO(37)
    CH3(18) + CH3CHOH(133) <=> CH4(31) + CH3CHO(37)
    CH3(18) + CH3CH2O(134) <=> CH4(31) + CH3CHO(37)
    CH3(18) + CCCCCCCCC(163) <=> CH4(31) + [CH2]CCCCCCCC(46)
    C2H5(33) + CH3CHOH(133) <=> CH3CHO(37) + C2H6(32)
    C2H5(33) + CH3CH2O(134) <=> CH3CHO(37) + C2H6(32)
    C2H5(33) + CCCCCCCCC(163) <=> C2H6(32) + [CH2]CCCCCCCC(46)
    C2H5(33) + [CH2]CCCCCCCC(46) <=> C2H6(32) + C=CCCCCCCC(138)
    C2H5(33) + [CH2]CCCCCCCC(46) <=> C2H4(30) + CCCCCCCCC(163)
    [CH]C(65) + CCCCCCCCC(163) <=> C2H5(33) + [CH2]CCCCCCCC(46)
    C2H6(32) + [CH]CCCCCCCC(137) <=> C2H5(33) + [CH2]CCCCCCCC(46)
    C2H5(33) + [CH2]CCCCCCCC(46) <=> C2H6(32) + [CH2]CCCCC[CH]CC(141)
    C2H5(33) + [CH2]CCCCCCCC(46) <=> C2H6(32) + [CH2]CCCC[CH]CCC(143)
    C2H5(33) + [CH2]CCCCCCCC(46) <=> C2H6(32) + [CH2]CCC[CH]CCCC(145)
    C2H5(33) + [CH2]CCCCCCCC(46) <=> C2H6(32) + [CH2]CC[CH]CCCCC(147)
    C2H5(33) + [CH2]CCCCCCCC(46) <=> C2H6(32) + [CH2]C[CH]CCCCCC(148)
    C2H5(33) + [CH2]CCCCCCCC(46) <=> C2H6(32) + [CH2]CCCCCC[CH]C(150)
    C2H6(32) + [CH2]CCCCCCC[CH2](152) <=> C2H5(33) + [CH2]CCCCCCCC(46)
    C2H5(33) + [CH2]CCCCCCCC(46) <=> CCCCCCCCCCC(38)
    HO2(10) + [CH]O(219) <=> O2(2) + CH2OH(34)
    O2(2) + CH2OH(34) <=> [O]OCO(254)
    O2(2) + CH3CO(35) <=> CC(=O)O[O](259)
    CH2CHO(36) + [CH2]CCCCCCCC(46) <=> CH3CHO(37) + C=CCCCCCCC(138)
    CH2CHO(36) + [CH2]CCCCCCCC(46) <=> CH2CO(28) + CCCCCCCCC(163)
    [CH2][CH]O(126) + [CH]CCCCCCCC(137) <=> CH2CHO(36) + [CH2]CCCCCCCC(46)
    [CH2][CH]O(126) + [CH2]CCCCCC[CH]C(150) <=> CH2CHO(36) + [CH2]CCCCCCCC(46)
    [CH2][CH]O(126) + [CH2]CCCCC[CH]CC(141) <=> CH2CHO(36) + [CH2]CCCCCCCC(46)
    [CH2][CH]O(126) + [CH2]CCCC[CH]CCC(143) <=> CH2CHO(36) + [CH2]CCCCCCCC(46)
    [CH2][CH]O(126) + [CH2]CCC[CH]CCCC(145) <=> CH2CHO(36) + [CH2]CCCCCCCC(46)
    [CH2][CH]O(126) + [CH2]CC[CH]CCCCC(147) <=> CH2CHO(36) + [CH2]CCCCCCCC(46)
    [CH2][CH]O(126) + [CH2]C[CH]CCCCCC(148) <=> CH2CHO(36) + [CH2]CCCCCCCC(46)
    [CH2][CH]O(126) + [CH2][CH]CCCCCCC(151) <=> CH2CHO(36) + [CH2]CCCCCCCC(46)
    [CH2][CH]O(126) + [CH2]CCCCCCC[CH2](152) <=> CH2CHO(36) + [CH2]CCCCCCCC(46)
    [CH2]C[O](71) + [CH]CCCCCCCC(137) <=> CH2CHO(36) + [CH2]CCCCCCCC(46)
    [CH2]C[O](71) + [CH2]CCCCCC[CH]C(150) <=> CH2CHO(36) + [CH2]CCCCCCCC(46)
    [CH2]C[O](71) + [CH2]CCCCC[CH]CC(141) <=> CH2CHO(36) + [CH2]CCCCCCCC(46)
    [CH2]C[O](71) + [CH2]CCCC[CH]CCC(143) <=> CH2CHO(36) + [CH2]CCCCCCCC(46)
    [CH2]C[O](71) + [CH2]CCC[CH]CCCC(145) <=> CH2CHO(36) + [CH2]CCCCCCCC(46)
    [CH2]C[O](71) + [CH2]CC[CH]CCCCC(147) <=> CH2CHO(36) + [CH2]CCCCCCCC(46)
    [CH2]C[O](71) + [CH2]C[CH]CCCCCC(148) <=> CH2CHO(36) + [CH2]CCCCCCCC(46)
    [CH2]C[O](71) + [CH2][CH]CCCCCCC(151) <=> CH2CHO(36) + [CH2]CCCCCCCC(46)
    [CH2]C[O](71) + [CH2]CCCCCCC[CH2](152) <=> CH2CHO(36) + [CH2]CCCCCCCC(46)
    [CH]=C[O](60) + CCCCCCCCC(163) <=> CH2CHO(36) + [CH2]CCCCCCCC(46)
    CH3CHO(37) + [CH]CCCCCCCC(137) <=> CH2CHO(36) + [CH2]CCCCCCCC(46)
    CH3CHO(37) + [CH2]CCCCC[CH]CC(141) <=> CH2CHO(36) + [CH2]CCCCCCCC(46)
    CH3CHO(37) + [CH2]CCCC[CH]CCC(143) <=> CH2CHO(36) + [CH2]CCCCCCCC(46)
    CH3CHO(37) + [CH2]CCC[CH]CCCC(145) <=> CH2CHO(36) + [CH2]CCCCCCCC(46)
    CH3CHO(37) + [CH2]CC[CH]CCCCC(147) <=> CH2CHO(36) + [CH2]CCCCCCCC(46)
    CH3CHO(37) + [CH2]C[CH]CCCCCC(148) <=> CH2CHO(36) + [CH2]CCCCCCCC(46)
    CH3CHO(37) + [CH2]CCCCCC[CH]C(150) <=> CH2CHO(36) + [CH2]CCCCCCCC(46)
    CH3CHO(37) + [CH2]CCCCCCC[CH2](152) <=> CH2CHO(36) + [CH2]CCCCCCCC(46)
    CH2CHO(36) + [CH2]CCCCCCCC(46) <=> [CH2][CH]OCCCCCCCCC(449)
    CH2CHO(36) + [CH2]CCCCCCCC(46) <=> [CH2]C([O])CCCCCCCCC(450)
    CH2CHO(36) + [CH2]CCCCCCCC(46) <=> CCCCCCCCCCC=O(451)
    CH2CHO(36) + [CH2]CCCCCCCC(46) <=> C2H3OH(72) + C=CCCCCCCC(138)
    C[CH][O](127) + [CH]CCCCCCCC(137) <=> CH2CHO(36) + [CH2]CCCCCCCC(46)
    C[CH][O](127) + [CH2]CCCCCC[CH]C(150) <=> CH2CHO(36) + [CH2]CCCCCCCC(46)
    C[CH][O](127) + [CH2]CCCCC[CH]CC(141) <=> CH2CHO(36) + [CH2]CCCCCCCC(46)
    C[CH][O](127) + [CH2]CCCC[CH]CCC(143) <=> CH2CHO(36) + [CH2]CCCCCCCC(46)
    C[CH][O](127) + [CH2]CCC[CH]CCCC(145) <=> CH2CHO(36) + [CH2]CCCCCCCC(46)
    C[CH][O](127) + [CH2]CC[CH]CCCCC(147) <=> CH2CHO(36) + [CH2]CCCCCCCC(46)
    C[CH][O](127) + [CH2]C[CH]CCCCCC(148) <=> CH2CHO(36) + [CH2]CCCCCCCC(46)
    C[CH][O](127) + [CH2][CH]CCCCCCC(151) <=> CH2CHO(36) + [CH2]CCCCCCCC(46)
    C[CH][O](127) + [CH2]CCCCCCC[CH2](152) <=> CH2CHO(36) + [CH2]CCCCCCCC(46)
    C2H3OH(72) + [CH]CCCCCCCC(137) <=> CH2CHO(36) + [CH2]CCCCCCCC(46)
    C2H3OH(72) + [CH2]CCCCC[CH]CC(141) <=> CH2CHO(36) + [CH2]CCCCCCCC(46)
    C2H3OH(72) + [CH2]CCCC[CH]CCC(143) <=> CH2CHO(36) + [CH2]CCCCCCCC(46)
    C2H3OH(72) + [CH2]CCC[CH]CCCC(145) <=> CH2CHO(36) + [CH2]CCCCCCCC(46)
    C2H3OH(72) + [CH2]CC[CH]CCCCC(147) <=> CH2CHO(36) + [CH2]CCCCCCCC(46)
    C2H3OH(72) + [CH2]C[CH]CCCCCC(148) <=> CH2CHO(36) + [CH2]CCCCCCCC(46)
    C2H3OH(72) + [CH2]CCCCCC[CH]C(150) <=> CH2CHO(36) + [CH2]CCCCCCCC(46)
    C2H3OH(72) + [CH2]CCCCCCC[CH2](152) <=> CH2CHO(36) + [CH2]CCCCCCCC(46)
    CH2CHO(36) + [CH2]CCCCCCCC(46) <=> CCCCCCCCCC[CH][O](452)
    CH2CHO(36) + [CH2]CCCCCCCC(46) <=> C=COCCCCCCCCC(453)
    CC([O])C(C)[O](454) <=> CH3CHO(37) + CH3CHO(37)
    C[CH]OC(C)[O](455) <=> CH3CHO(37) + CH3CHO(37)
    C[CH]OO[CH]C(456) <=> CH3CHO(37) + CH3CHO(37)
    CH3CHO(37) + CH3CHO(37) <=> CC1OOC1C(457)
    CH3CHO(37) + CH3CHO(37) <=> CC1OC(C)O1(458)
    CH2CHO(36) + CH3CHOH(133) <=> CH3CHO(37) + CH3CHO(37)
    CH2CHO(36) + CH3CH2O(134) <=> CH3CHO(37) + CH3CHO(37)
    CH3CO(35) + CH3CHOH(133) <=> CH3CHO(37) + CH3CHO(37)
    CH3CO(35) + CH3CH2O(134) <=> CH3CHO(37) + CH3CHO(37)
    C=COOCC(459) <=> CH3CHO(37) + CH3CHO(37)
    C=COC(C)O(460) <=> CH3CHO(37) + CH3CHO(37)
    CH3CHOH(133) + [CH]CCCCCCCC(137) <=> CH3CHO(37) + [CH2]CCCCCCCC(46)
    CH3CHOH(133) + [CH2]CCCCCC[CH]C(150) <=> CH3CHO(37) + [CH2]CCCCCCCC(46)
    CH3CHOH(133) + [CH2]CCCCC[CH]CC(141) <=> CH3CHO(37) + [CH2]CCCCCCCC(46)
    CH3CHOH(133) + [CH2]CCCC[CH]CCC(143) <=> CH3CHO(37) + [CH2]CCCCCCCC(46)
    CH3CHOH(133) + [CH2]CCC[CH]CCCC(145) <=> CH3CHO(37) + [CH2]CCCCCCCC(46)
    CH3CHOH(133) + [CH2]CC[CH]CCCCC(147) <=> CH3CHO(37) + [CH2]CCCCCCCC(46)
    CH3CHOH(133) + [CH2]C[CH]CCCCCC(148) <=> CH3CHO(37) + [CH2]CCCCCCCC(46)
    CH3CHOH(133) + [CH2][CH]CCCCCCC(151) <=> CH3CHO(37) + [CH2]CCCCCCCC(46)
    CH3CHOH(133) + [CH2]CCCCCCC[CH2](152) <=> CH3CHO(37) + [CH2]CCCCCCCC(46)
    CH3CH2O(134) + [CH]CCCCCCCC(137) <=> CH3CHO(37) + [CH2]CCCCCCCC(46)
    CH3CH2O(134) + [CH2]CCCCCC[CH]C(150) <=> CH3CHO(37) + [CH2]CCCCCCCC(46)
    CH3CH2O(134) + [CH2]CCCCC[CH]CC(141) <=> CH3CHO(37) + [CH2]CCCCCCCC(46)
    CH3CH2O(134) + [CH2]CCCC[CH]CCC(143) <=> CH3CHO(37) + [CH2]CCCCCCCC(46)
    CH3CH2O(134) + [CH2]CCC[CH]CCCC(145) <=> CH3CHO(37) + [CH2]CCCCCCCC(46)
    CH3CH2O(134) + [CH2]CC[CH]CCCCC(147) <=> CH3CHO(37) + [CH2]CCCCCCCC(46)
    CH3CH2O(134) + [CH2]C[CH]CCCCCC(148) <=> CH3CHO(37) + [CH2]CCCCCCCC(46)
    CH3CH2O(134) + [CH2][CH]CCCCCCC(151) <=> CH3CHO(37) + [CH2]CCCCCCCC(46)
    CH3CH2O(134) + [CH2]CCCCCCC[CH2](152) <=> CH3CHO(37) + [CH2]CCCCCCCC(46)
    CH3CHO(37) + [CH2]CCCCCCCC(46) <=> CH2CHO(36) + CCCCCCCCC(163)
    CH3CHO(37) + [CH2]CCCCCCCC(46) <=> CH3CO(35) + CCCCCCCCC(163)
    CH3CHO(37) + [CH2]CCCCCCCC(46) <=> C[CH]OCCCCCCCCC(461)
    CH3CHO(37) + [CH2]CCCCCCCC(46) <=> CCCCCCCCCC(C)[O](462)
    O2(2) + [CH2]CCCCCCC(42) <=> HO2(10) + C=CCCCCCC(221)
    HO2(10) + [CH]CCCCCCC(220) <=> O2(2) + [CH2]CCCCCCC(42)
    HO2(10) + [CH2]CC[CH]CCCC(222) <=> O2(2) + [CH2]CCCCCCC(42)
    HO2(10) + [CH2]CCC[CH]CCC(223) <=> O2(2) + [CH2]CCCCCCC(42)
    HO2(10) + [CH2]CCCC[CH]CC(224) <=> O2(2) + [CH2]CCCCCCC(42)
    HO2(10) + [CH2]C[CH]CCCCC(225) <=> O2(2) + [CH2]CCCCCCC(42)
    HO2(10) + [CH2]CCCCC[CH]C(226) <=> O2(2) + [CH2]CCCCCCC(42)
    HO2(10) + [CH2]CCCCCC[CH2](149) <=> O2(2) + [CH2]CCCCCCC(42)
    O2(2) + [CH2]CCCCCCC(42) <=> CCCCCCCCO[O](463)
    [CH2]CCCCCCC(42) + [CH2]CCCCCCCC(46) <=> C=CCCCCCC(221) + CCCCCCCCC(163)
    [CH2]CCCCCCC(42) + [CH2]CCCCCCCC(46) <=> CCCCCCCC(248) + C=CCCCCCCC(138)
    CCCCCCCC(248) + [CH]CCCCCCCC(137) <=> [CH2]CCCCCCC(42) + [CH2]CCCCCCCC(46)
    [CH2]CCCCCCC(42) + [CH2]CCCCCCCC(46) <=> CCCCCCCC(248) + [CH2]CCCCC[CH]CC(141)
    [CH2]CCCCCCC(42) + [CH2]CCCCCCCC(46) <=> CCCCCCCC(248) + [CH2]CCCC[CH]CCC(143)
    [CH2]CCCCCCC(42) + [CH2]CCCCCCCC(46) <=> CCCCCCCC(248) + [CH2]CCC[CH]CCCC(145)
    [CH2]CCCCCCC(42) + [CH2]CCCCCCCC(46) <=> CCCCCCCC(248) + [CH2]CC[CH]CCCCC(147)
    [CH2]CCCCCCC(42) + [CH2]CCCCCCCC(46) <=> CCCCCCCC(248) + [CH2]C[CH]CCCCCC(148)
    [CH2]CCCCCCC(42) + [CH2]CCCCCCCC(46) <=> CCCCCCCC(248) + [CH2]CCCCCC[CH]C(150)
    CCCCCCCC(248) + [CH2]CCCCCCC[CH2](152) <=> [CH2]CCCCCCC(42) + [CH2]CCCCCCCC(46)
    [CH]CCCCCCC(220) + CCCCCCCCC(163) <=> [CH2]CCCCCCC(42) + [CH2]CCCCCCCC(46)
    [CH2]CCCCCCC(42) + [CH2]CCCCCCCC(46) <=> [CH2]CC[CH]CCCC(222) + CCCCCCCCC(163)
    [CH2]CCCCCCC(42) + [CH2]CCCCCCCC(46) <=> [CH2]CCC[CH]CCC(223) + CCCCCCCCC(163)
    [CH2]CCCCCCC(42) + [CH2]CCCCCCCC(46) <=> [CH2]CCCC[CH]CC(224) + CCCCCCCCC(163)
    [CH2]CCCCCCC(42) + [CH2]CCCCCCCC(46) <=> [CH2]C[CH]CCCCC(225) + CCCCCCCCC(163)
    [CH2]CCCCCCC(42) + [CH2]CCCCCCCC(46) <=> [CH2]CCCCC[CH]C(226) + CCCCCCCCC(163)
    [CH2]CCCCCC[CH2](149) + CCCCCCCCC(163) <=> [CH2]CCCCCCC(42) + [CH2]CCCCCCCC(46)
    [CH2]CCCCCCC(42) + [CH2]CCCCCCCC(46) <=> CCCCCCCCCCCCCCCCC(464)

After model enlargement:
    The model core has 41 species and 369 reactions
    The model edge has 424 species and 1142 reactions


Saving current model core to Chemkin file...
Chemkin file contains 376 reactions.
Saving annotated version of Chemkin file...
Chemkin file contains 376 reactions.
Saving current model core and edge to Chemkin file...
Chemkin file contains 1518 reactions.
Saving annotated version of Chemkin file...
Chemkin file contains 1518 reactions.
Saving current model core to HTML file...
Saving current model edge to HTML file...
Updating RMG execution statistics...
    Execution time (DD:HH:MM:SS): 00:00:00:39
    Memory used: 857.38 MB

Making seed mechanism...
Conducting simulation of reaction system 1...
At time 0.0000e+00 s, species [CH2]CCCC(39) at 0.5735983102413573 exceeded the minimum rate for simulation interruption of 0.1
At time 0.0000e+00 s, species [CH2]CCCCCC(40) at 0.5735983102413573 exceeded the minimum rate for simulation interruption of 0.1
At time 0.0000e+00 s, species [CH2]CCC(41) at 0.5753835618182322 exceeded the minimum rate for simulation interruption of 0.1
At time 0.0000e+00 s, species [CH2]CCCCC(44) at 0.5741098790081339 exceeded the minimum rate for simulation interruption of 0.1
At time 0.0000e+00 s, species [CH2]CCCCCCCCC(49) at 0.2568516093190391 exceeded the minimum rate for simulation interruption of 0.1
Exceeded max number of objects...removing excess objects
Reached max number of objects...preparing to terminate
At time 0.0000e+00 s, species [CH2]CCC(41) at rate ratio 0.5753835618182322 exceeded the minimum rate for moving to model core of 0.1
terminating simulation due to interrupt...


Adding species [CH2]CCC(41) to model core

Summary of Model Enlargement
---------------------------------
Added 1 new core species
    [CH2]CCC(41)
Created 0 new edge species
Moved 1 reactions from edge to core
    [CH2]CCC(41) + [CH2]CCCCCCC(42) <=> C12H24(1)
Added 0 new core reactions
Created 0 new edge reactions

After model enlargement:
    The model core has 42 species and 370 reactions
    The model edge has 423 species and 1141 reactions


At time 9.7348e-04 s, reached target termination conversion: 0.900000 of C12H24(1)
    C12H24(1) conversion: 0.9004    

For reaction generation 1 process is used.
Generating thermo for new species...
Generating kinetics for new reactions...
For reaction CO2(13) + [CH2]CCC(41) <=> CCCCO[C]=O(489), Ea raised from 81.2 to 84.7 kJ/mol to match endothermicity of reaction.

Summary of Secondary Model Edge Enlargement
---------------------------------
Added 0 new core species
Created 48 new edge species
    [CH]CCC(465)
    C=CCC(466)
    [CH2]C[CH]C(467)
    [CH2][CH]CC(468)
    C[CH]CC(469)
    CCCC(470)
    CCCCCCCC[O](471)
    CCCCCCCCO(472)
    CCCCO(473)
    CCCCCCCCOO(474)
    CCCCOO(475)
    [CH2]CC(C)C=O(476)
    [CH2]C(C=O)CC(477)
    [CH2]CCCC=O(478)
    [CH2]CCC(C)=O(479)
    CCCC[C]=O(480)
    [CH2]CC(C)OC=O(481)
    [CH2]C(CC)OC=O(482)
    [CH2]CCCOC=O(483)
    [CH2]CCC(=O)OC(484)
    [CH2]CC(C)C(=O)O(485)
    [CH2]C(CC)C(=O)O(486)
    [CH2]CCCC(=O)O(487)
    [CH2]CCOC(C)=O(488)
    CCCCO[C]=O(489)
    CCCCC([O])=O(490)
    CCCCC(491)
    [CH2]OCCCCCCCC(492)
    [CH2]OCCCC(493)
    CCCCC[O](494)
    [CH]=CC(=C)[O](495)
    [CH]=CO[C]=C(496)
    [CH]=CC[C]=O(497)
    C#COC=C(498)
    [CH]=CCCCCCCCC(499)
    [CH]=CCCCC(500)
    C=[C]OCCCCCCCC(501)
    C=C([O])CCCCCCCC(502)
    C=[C]OCCCC(503)
    CCCCC[C]=O(504)
    C=C([O])CCCC(505)
    C[CH]OCCCCCCCC(506)
    CCCCCCCCC(C)[O](507)
    C[CH]OCCCC(508)
    CCCCC(C)[O](509)
    CCCCO[O](510)
    CCCCCCCCCCCCC(511)
    CCCCCCCCCCCCCCCC(512)
Added 8 new core reactions
    CH2(S)(24) + [CH2]CC(47) <=> [CH2]CCC(41)
    CH2(S)(24) + [CH2]CC(47) <=> [CH2]CCC(41)
    CH2(T)(17) + [CH2]CC(47) <=> [CH2]CCC(41)
    C2H4(30) + C2H5(33) <=> [CH2]CCC(41)
    O(4) + C2H3(29) <=> OH(5) + C2H2(22)
    C2H(21) + CH3CO(35) <=> C2H2(22) + CH2CO(28)
    C2H(21) + CH2CHO(36) <=> C2H2(22) + CH2CO(28)
    HCCO(20) + C2H3(29) <=> C2H2(22) + CH2CO(28)
Created 322 new edge reactions
    H(3) + [CH]CCC(465) <=> [CH2]CCC(41)
    H(3) + C=CCC(466) <=> [CH2]CCC(41)
    [CH2][CH2](66) + C2H5(33) <=> [CH2]CCC(41)
    CH3(18) + [CH2]C[CH2](146) <=> [CH2]CCC(41)
    H(3) + [CH2]C[CH]C(467) <=> [CH2]CCC(41)
    H(3) + [CH2][CH]CC(468) <=> [CH2]CCC(41)
    H(3) + [CH2]CC[CH2](144) <=> [CH2]CCC(41)
    [CH2]CCC(41) <=> C[CH]CC(469)
    [CH2]CCC(41) <=> C[CH]CC(469)
    H(3) + [CH2]CCCCCCC(42) <=> H2(6) + C=CCCCCCC(221)
    H2(6) + [CH]CCCCCCC(220) <=> H(3) + [CH2]CCCCCCC(42)
    H(3) + [CH2]CCCCCCC(42) <=> H2(6) + [CH2]CC[CH]CCCC(222)
    H(3) + [CH2]CCCCCCC(42) <=> H2(6) + [CH2]CCC[CH]CCC(223)
    H(3) + [CH2]CCCCCCC(42) <=> H2(6) + [CH2]CCCC[CH]CC(224)
    H(3) + [CH2]CCCCCCC(42) <=> H2(6) + [CH2]C[CH]CCCCC(225)
    H(3) + [CH2]CCCCCCC(42) <=> H2(6) + [CH2]CCCCC[CH]C(226)
    H(3) + [CH2]CCCCCCC(42) <=> H2(6) + [CH2]CCCCCC[CH2](149)
    H(3) + [CH2]CCCCCCC(42) <=> CCCCCCCC(248)
    H(3) + [CH2]CCC(41) <=> H2(6) + C=CCC(466)
    H2(6) + [CH]CCC(465) <=> H(3) + [CH2]CCC(41)
    H(3) + [CH2]CCC(41) <=> H2(6) + [CH2]C[CH]C(467)
    H(3) + [CH2]CCC(41) <=> H2(6) + [CH2]CC[CH2](144)
    H(3) + [CH2]CCC(41) <=> CCCC(470)
    O(4) + [CH2]CCCCCCC(42) <=> CCCCCCCC[O](471)
    O(4) + [CH2]CCCCCCC(42) <=> OH(5) + C=CCCCCCC(221)
    OH(5) + [CH]CCCCCCC(220) <=> O(4) + [CH2]CCCCCCC(42)
    O(4) + [CH2]CCCCCCC(42) <=> OH(5) + [CH2]CC[CH]CCCC(222)
    O(4) + [CH2]CCCCCCC(42) <=> OH(5) + [CH2]CCC[CH]CCC(223)
    O(4) + [CH2]CCCCCCC(42) <=> OH(5) + [CH2]CCCC[CH]CC(224)
    O(4) + [CH2]CCCCCCC(42) <=> OH(5) + [CH2]C[CH]CCCCC(225)
    O(4) + [CH2]CCCCCCC(42) <=> OH(5) + [CH2]CCCCC[CH]C(226)
    O(4) + [CH2]CCCCCCC(42) <=> OH(5) + [CH2]CCCCCC[CH2](149)
    O(4) + [CH2]CCC(41) <=> CCCC[O](212)
    O(4) + [CH2]CCC(41) <=> OH(5) + C=CCC(466)
    OH(5) + [CH]CCC(465) <=> O(4) + [CH2]CCC(41)
    O(4) + [CH2]CCC(41) <=> OH(5) + [CH2]C[CH]C(467)
    O(4) + [CH2]CCC(41) <=> OH(5) + [CH2]CC[CH2](144)
    OH(5) + C2H2(22) <=> [CH]=CO(70)
    OH(5) + [CH2]CCCCCCC(42) <=> H2O(7) + C=CCCCCCC(221)
    O(4) + CCCCCCCC(248) <=> OH(5) + [CH2]CCCCCCC(42)
    OH(5) + [CH2]CCCCCCC(42) <=> H2O(7) + [CH]CCCCCCC(220)
    OH(5) + [CH2]CCCCCCC(42) <=> H2O(7) + [CH2]CC[CH]CCCC(222)
    OH(5) + [CH2]CCCCCCC(42) <=> H2O(7) + [CH2]CCC[CH]CCC(223)
    OH(5) + [CH2]CCCCCCC(42) <=> H2O(7) + [CH2]CCCC[CH]CC(224)
    OH(5) + [CH2]CCCCCCC(42) <=> H2O(7) + [CH2]C[CH]CCCCC(225)
    OH(5) + [CH2]CCCCCCC(42) <=> H2O(7) + [CH2]CCCCC[CH]C(226)
    OH(5) + [CH2]CCCCCCC(42) <=> H2O(7) + [CH2]CCCCCC[CH2](149)
    OH(5) + [CH2]CCCCCCC(42) <=> CCCCCCCCO(472)
    OH(5) + [CH2]CCC(41) <=> H2O(7) + C=CCC(466)
    O(4) + CCCC(470) <=> OH(5) + [CH2]CCC(41)
    OH(5) + [CH2]CCC(41) <=> H2O(7) + [CH]CCC(465)
    OH(5) + [CH2]CCC(41) <=> H2O(7) + [CH2]C[CH]C(467)
    OH(5) + [CH2]CCC(41) <=> H2O(7) + [CH2]CC[CH2](144)
    OH(5) + [CH2]CCC(41) <=> CCCCO(473)
    H(3) + CCCCCCCC(248) <=> H2(6) + [CH2]CCCCCCC(42)
    H(3) + CCCC(470) <=> H2(6) + [CH2]CCC(41)
    OH(5) + CCCC(470) <=> H2O(7) + [CH2]CCC(41)
    HO2(10) + [CH2]CCCCCCC(42) <=> H2O2(11) + C=CCCCCCC(221)
    HO2(10) + [CH2]CCCCCCC(42) <=> O2(2) + CCCCCCCC(248)
    H2O2(11) + [CH]CCCCCCC(220) <=> HO2(10) + [CH2]CCCCCCC(42)
    H2O2(11) + [CH2]CC[CH]CCCC(222) <=> HO2(10) + [CH2]CCCCCCC(42)
    H2O2(11) + [CH2]CCC[CH]CCC(223) <=> HO2(10) + [CH2]CCCCCCC(42)
    H2O2(11) + [CH2]CCCC[CH]CC(224) <=> HO2(10) + [CH2]CCCCCCC(42)
    H2O2(11) + [CH2]C[CH]CCCCC(225) <=> HO2(10) + [CH2]CCCCCCC(42)
    H2O2(11) + [CH2]CCCCC[CH]C(226) <=> HO2(10) + [CH2]CCCCCCC(42)
    H2O2(11) + [CH2]CCCCCC[CH2](149) <=> HO2(10) + [CH2]CCCCCCC(42)
    HO2(10) + [CH2]CCCCCCC(42) <=> CCCCCCCCOO(474)
    HO2(10) + [CH2]CCC(41) <=> H2O2(11) + C=CCC(466)
    HO2(10) + [CH2]CCC(41) <=> O2(2) + CCCC(470)
    H2O2(11) + [CH]CCC(465) <=> HO2(10) + [CH2]CCC(41)
    H2O2(11) + [CH2]C[CH]C(467) <=> HO2(10) + [CH2]CCC(41)
    H2O2(11) + [CH2]CC[CH2](144) <=> HO2(10) + [CH2]CCC(41)
    HO2(10) + [CH2]CCC(41) <=> CCCCOO(475)
    H2O2(11) + [CH2]CCCCCCC(42) <=> HO2(10) + CCCCCCCC(248)
    H2O2(11) + [CH2]CCC(41) <=> HO2(10) + CCCC(470)
    CO(12) + [CH2]CCC(41) <=> [CH2]CC(C)C=O(476)
    CO(12) + [CH2]CCC(41) <=> [CH2]C(C=O)CC(477)
    CO(12) + [CH2]CCC(41) <=> [CH2]CCCC=O(478)
    CO(12) + [CH2]CCC(41) <=> [CH2]CCC(C)=O(479)
    HCO(14) + [CH]CCC(465) <=> CO(12) + [CH2]CCC(41)
    HCO(14) + [CH2]C[CH]C(467) <=> CO(12) + [CH2]CCC(41)
    HCO(14) + [CH2][CH]CC(468) <=> CO(12) + [CH2]CCC(41)
    HCO(14) + [CH2]CC[CH2](144) <=> CO(12) + [CH2]CCC(41)
    CO(12) + [CH2]CCC(41) <=> CCCC[C]=O(480)
    CO2(13) + [CH2]CCC(41) <=> [CH2]CC(C)OC=O(481)
    CO2(13) + [CH2]CCC(41) <=> [CH2]C(CC)OC=O(482)
    CO2(13) + [CH2]CCC(41) <=> [CH2]CCCOC=O(483)
    CO2(13) + [CH2]CCC(41) <=> [CH2]CCC(=O)OC(484)
    CO2(13) + [CH2]CCC(41) <=> [CH2]CC(C)C(=O)O(485)
    CO2(13) + [CH2]CCC(41) <=> [CH2]C(CC)C(=O)O(486)
    CO2(13) + [CH2]CCC(41) <=> [CH2]CCCC(=O)O(487)
    CO2(13) + [CH2]CCC(41) <=> [CH2]CCOC(C)=O(488)
    HOCO(102) + [CH]CCC(465) <=> CO2(13) + [CH2]CCC(41)
    HOCO(102) + [CH2]C[CH]C(467) <=> CO2(13) + [CH2]CCC(41)
    HOCO(102) + [CH2][CH]CC(468) <=> CO2(13) + [CH2]CCC(41)
    HOCO(102) + [CH2]CC[CH2](144) <=> CO2(13) + [CH2]CCC(41)
    [O]C=O(103) + [CH]CCC(465) <=> CO2(13) + [CH2]CCC(41)
    [O]C=O(103) + [CH2]C[CH]C(467) <=> CO2(13) + [CH2]CCC(41)
    [O]C=O(103) + [CH2][CH]CC(468) <=> CO2(13) + [CH2]CCC(41)
    [O]C=O(103) + [CH2]CC[CH2](144) <=> CO2(13) + [CH2]CCC(41)
    CO2(13) + [CH2]CCC(41) <=> CCCCO[C]=O(489)
    CO2(13) + [CH2]CCC(41) <=> CCCCC([O])=O(490)
    CH3(18) + [CH2]CCCCCCC(42) <=> CH4(31) + C=CCCCCCC(221)
    CH2(T)(17) + CCCCCCCC(248) <=> CH3(18) + [CH2]CCCCCCC(42)
    CH4(31) + [CH]CCCCCCC(220) <=> CH3(18) + [CH2]CCCCCCC(42)
    CH3(18) + [CH2]CCCCCCC(42) <=> CH4(31) + [CH2]CC[CH]CCCC(222)
    CH3(18) + [CH2]CCCCCCC(42) <=> CH4(31) + [CH2]CCC[CH]CCC(223)
    CH3(18) + [CH2]CCCCCCC(42) <=> CH4(31) + [CH2]CCCC[CH]CC(224)
    CH3(18) + [CH2]CCCCCCC(42) <=> CH4(31) + [CH2]C[CH]CCCCC(225)
    CH3(18) + [CH2]CCCCCCC(42) <=> CH4(31) + [CH2]CCCCC[CH]C(226)
    CH3(18) + [CH2]CCCCCCC(42) <=> CH4(31) + [CH2]CCCCCC[CH2](149)
    CH3(18) + [CH2]CCCCCCC(42) <=> CCCCCCCCC(163)
    CH3(18) + [CH2]CCC(41) <=> CH4(31) + C=CCC(466)
    CH2(T)(17) + CCCC(470) <=> CH3(18) + [CH2]CCC(41)
    CH4(31) + [CH]CCC(465) <=> CH3(18) + [CH2]CCC(41)
    CH3(18) + [CH2]CCC(41) <=> CH4(31) + [CH2]C[CH]C(467)
    CH3(18) + [CH2]CCC(41) <=> CH4(31) + [CH2]CC[CH2](144)
    CH3(18) + [CH2]CCC(41) <=> CCCCC(491)
    CH2OH(34) + [CH]CCCCCCC(220) <=> CH2O(19) + [CH2]CCCCCCC(42)
    CH2OH(34) + [CH2]C[CH]CCCCC(225) <=> CH2O(19) + [CH2]CCCCCCC(42)
    CH2OH(34) + [CH2]CC[CH]CCCC(222) <=> CH2O(19) + [CH2]CCCCCCC(42)
    CH2OH(34) + [CH2]CCC[CH]CCC(223) <=> CH2O(19) + [CH2]CCCCCCC(42)
    CH2OH(34) + [CH2]CCCC[CH]CC(224) <=> CH2O(19) + [CH2]CCCCCCC(42)
    CH2OH(34) + [CH2]CCCCC[CH]C(226) <=> CH2O(19) + [CH2]CCCCCCC(42)
    CH2OH(34) + [CH2][CH]CCCCCC(227) <=> CH2O(19) + [CH2]CCCCCCC(42)
    CH2OH(34) + [CH2]CCCCCC[CH2](149) <=> CH2O(19) + [CH2]CCCCCCC(42)
    CH3O(27) + [CH]CCCCCCC(220) <=> CH2O(19) + [CH2]CCCCCCC(42)
    CH3O(27) + [CH2]C[CH]CCCCC(225) <=> CH2O(19) + [CH2]CCCCCCC(42)
    CH3O(27) + [CH2]CC[CH]CCCC(222) <=> CH2O(19) + [CH2]CCCCCCC(42)
    CH3O(27) + [CH2]CCC[CH]CCC(223) <=> CH2O(19) + [CH2]CCCCCCC(42)
    CH3O(27) + [CH2]CCCC[CH]CC(224) <=> CH2O(19) + [CH2]CCCCCCC(42)
    CH3O(27) + [CH2]CCCCC[CH]C(226) <=> CH2O(19) + [CH2]CCCCCCC(42)
    CH3O(27) + [CH2][CH]CCCCCC(227) <=> CH2O(19) + [CH2]CCCCCCC(42)
    CH3O(27) + [CH2]CCCCCC[CH2](149) <=> CH2O(19) + [CH2]CCCCCCC(42)
    CH2O(19) + [CH2]CCCCCCC(42) <=> HCO(14) + CCCCCCCC(248)
    CH2O(19) + [CH2]CCCCCCC(42) <=> [CH2]OCCCCCCCC(492)
    CH2O(19) + [CH2]CCCCCCC(42) <=> CCCCCCCCC[O](161)
    CH2OH(34) + [CH]CCC(465) <=> CH2O(19) + [CH2]CCC(41)
    CH2OH(34) + [CH2]C[CH]C(467) <=> CH2O(19) + [CH2]CCC(41)
    CH2OH(34) + [CH2][CH]CC(468) <=> CH2O(19) + [CH2]CCC(41)
    CH2OH(34) + [CH2]CC[CH2](144) <=> CH2O(19) + [CH2]CCC(41)
    CH3O(27) + [CH]CCC(465) <=> CH2O(19) + [CH2]CCC(41)
    CH3O(27) + [CH2]C[CH]C(467) <=> CH2O(19) + [CH2]CCC(41)
    CH3O(27) + [CH2][CH]CC(468) <=> CH2O(19) + [CH2]CCC(41)
    CH3O(27) + [CH2]CC[CH2](144) <=> CH2O(19) + [CH2]CCC(41)
    CH2O(19) + [CH2]CCC(41) <=> HCO(14) + CCCC(470)
    CH2O(19) + [CH2]CCC(41) <=> [CH2]OCCCC(493)
    CH2O(19) + [CH2]CCC(41) <=> CCCCC[O](494)
    [CH]=CC(=C)[O](495) <=> C2H2(22) + CH2CO(28)
    [CH]=CO[C]=C(496) <=> C2H2(22) + CH2CO(28)
    [CH]=CC[C]=O(497) <=> C2H2(22) + CH2CO(28)
    C2H(21) + C=[C]O(69) <=> C2H2(22) + CH2CO(28)
    C#COC=C(498) <=> C2H2(22) + CH2CO(28)
    C2H3(29) + [CH]CCCCCCC(220) <=> C2H2(22) + [CH2]CCCCCCC(42)
    C2H3(29) + [CH2]C[CH]CCCCC(225) <=> C2H2(22) + [CH2]CCCCCCC(42)
    C2H3(29) + [CH2]CC[CH]CCCC(222) <=> C2H2(22) + [CH2]CCCCCCC(42)
    C2H3(29) + [CH2]CCC[CH]CCC(223) <=> C2H2(22) + [CH2]CCCCCCC(42)
    C2H3(29) + [CH2]CCCC[CH]CC(224) <=> C2H2(22) + [CH2]CCCCCCC(42)
    C2H3(29) + [CH2]CCCCC[CH]C(226) <=> C2H2(22) + [CH2]CCCCCCC(42)
    C2H3(29) + [CH2][CH]CCCCCC(227) <=> C2H2(22) + [CH2]CCCCCCC(42)
    C2H3(29) + [CH2]CCCCCC[CH2](149) <=> C2H2(22) + [CH2]CCCCCCC(42)
    C2H(21) + CCCCCCCC(248) <=> C2H2(22) + [CH2]CCCCCCC(42)
    C2H2(22) + [CH2]CCCCCCC(42) <=> [CH]=CCCCCCCCC(499)
    C2H3(29) + [CH]CCC(465) <=> C2H2(22) + [CH2]CCC(41)
    C2H3(29) + [CH2]C[CH]C(467) <=> C2H2(22) + [CH2]CCC(41)
    C2H3(29) + [CH2][CH]CC(468) <=> C2H2(22) + [CH2]CCC(41)
    C2H3(29) + [CH2]CC[CH2](144) <=> C2H2(22) + [CH2]CCC(41)
    C2H(21) + CCCC(470) <=> C2H2(22) + [CH2]CCC(41)
    C2H2(22) + [CH2]CCC(41) <=> [CH]=CCCCC(500)
    C=[C]O(69) + [CH]CCCCCCC(220) <=> CH2CO(28) + [CH2]CCCCCCC(42)
    C=[C]O(69) + [CH2]C[CH]CCCCC(225) <=> CH2CO(28) + [CH2]CCCCCCC(42)
    C=[C]O(69) + [CH2]CC[CH]CCCC(222) <=> CH2CO(28) + [CH2]CCCCCCC(42)
    C=[C]O(69) + [CH2]CCC[CH]CCC(223) <=> CH2CO(28) + [CH2]CCCCCCC(42)
    C=[C]O(69) + [CH2]CCCC[CH]CC(224) <=> CH2CO(28) + [CH2]CCCCCCC(42)
    C=[C]O(69) + [CH2]CCCCC[CH]C(226) <=> CH2CO(28) + [CH2]CCCCCCC(42)
    C=[C]O(69) + [CH2][CH]CCCCCC(227) <=> CH2CO(28) + [CH2]CCCCCCC(42)
    C=[C]O(69) + [CH2]CCCCCC[CH2](149) <=> CH2CO(28) + [CH2]CCCCCCC(42)
    CH3CO(35) + [CH]CCCCCCC(220) <=> CH2CO(28) + [CH2]CCCCCCC(42)
    CH3CO(35) + [CH2]C[CH]CCCCC(225) <=> CH2CO(28) + [CH2]CCCCCCC(42)
    CH3CO(35) + [CH2]CC[CH]CCCC(222) <=> CH2CO(28) + [CH2]CCCCCCC(42)
    CH3CO(35) + [CH2]CCC[CH]CCC(223) <=> CH2CO(28) + [CH2]CCCCCCC(42)
    CH3CO(35) + [CH2]CCCC[CH]CC(224) <=> CH2CO(28) + [CH2]CCCCCCC(42)
    CH3CO(35) + [CH2]CCCCC[CH]C(226) <=> CH2CO(28) + [CH2]CCCCCCC(42)
    CH3CO(35) + [CH2][CH]CCCCCC(227) <=> CH2CO(28) + [CH2]CCCCCCC(42)
    CH3CO(35) + [CH2]CCCCCC[CH2](149) <=> CH2CO(28) + [CH2]CCCCCCC(42)
    CH2CHO(36) + [CH]CCCCCCC(220) <=> CH2CO(28) + [CH2]CCCCCCC(42)
    CH2CHO(36) + [CH2]C[CH]CCCCC(225) <=> CH2CO(28) + [CH2]CCCCCCC(42)
    CH2CHO(36) + [CH2]CC[CH]CCCC(222) <=> CH2CO(28) + [CH2]CCCCCCC(42)
    CH2CHO(36) + [CH2]CCC[CH]CCC(223) <=> CH2CO(28) + [CH2]CCCCCCC(42)
    CH2CHO(36) + [CH2]CCCC[CH]CC(224) <=> CH2CO(28) + [CH2]CCCCCCC(42)
    CH2CHO(36) + [CH2]CCCCC[CH]C(226) <=> CH2CO(28) + [CH2]CCCCCCC(42)
    CH2CHO(36) + [CH2][CH]CCCCCC(227) <=> CH2CO(28) + [CH2]CCCCCCC(42)
    CH2CHO(36) + [CH2]CCCCCC[CH2](149) <=> CH2CO(28) + [CH2]CCCCCCC(42)
    HCCO(20) + CCCCCCCC(248) <=> CH2CO(28) + [CH2]CCCCCCC(42)
    CH2CO(28) + [CH2]CCCCCCC(42) <=> C=[C]OCCCCCCCC(501)
    CH2CO(28) + [CH2]CCCCCCC(42) <=> CCCCCCCCC[C]=O(176)
    CH2CO(28) + [CH2]CCCCCCC(42) <=> C=C([O])CCCCCCCC(502)
    C=[C]O(69) + [CH]CCC(465) <=> CH2CO(28) + [CH2]CCC(41)
    C=[C]O(69) + [CH2]C[CH]C(467) <=> CH2CO(28) + [CH2]CCC(41)
    C=[C]O(69) + [CH2][CH]CC(468) <=> CH2CO(28) + [CH2]CCC(41)
    C=[C]O(69) + [CH2]CC[CH2](144) <=> CH2CO(28) + [CH2]CCC(41)
    CH3CO(35) + [CH]CCC(465) <=> CH2CO(28) + [CH2]CCC(41)
    CH3CO(35) + [CH2]C[CH]C(467) <=> CH2CO(28) + [CH2]CCC(41)
    CH3CO(35) + [CH2][CH]CC(468) <=> CH2CO(28) + [CH2]CCC(41)
    CH3CO(35) + [CH2]CC[CH2](144) <=> CH2CO(28) + [CH2]CCC(41)
    CH2CHO(36) + [CH]CCC(465) <=> CH2CO(28) + [CH2]CCC(41)
    CH2CHO(36) + [CH2]C[CH]C(467) <=> CH2CO(28) + [CH2]CCC(41)
    CH2CHO(36) + [CH2][CH]CC(468) <=> CH2CO(28) + [CH2]CCC(41)
    CH2CHO(36) + [CH2]CC[CH2](144) <=> CH2CO(28) + [CH2]CCC(41)
    HCCO(20) + CCCC(470) <=> CH2CO(28) + [CH2]CCC(41)
    CH2CO(28) + [CH2]CCC(41) <=> C=[C]OCCCC(503)
    CH2CO(28) + [CH2]CCC(41) <=> CCCCC[C]=O(504)
    CH2CO(28) + [CH2]CCC(41) <=> C=C([O])CCCC(505)
    C2H5(33) + [CH]CCCCCCC(220) <=> C2H4(30) + [CH2]CCCCCCC(42)
    C2H5(33) + [CH2]C[CH]CCCCC(225) <=> C2H4(30) + [CH2]CCCCCCC(42)
    C2H5(33) + [CH2]CC[CH]CCCC(222) <=> C2H4(30) + [CH2]CCCCCCC(42)
    C2H5(33) + [CH2]CCC[CH]CCC(223) <=> C2H4(30) + [CH2]CCCCCCC(42)
    C2H5(33) + [CH2]CCCC[CH]CC(224) <=> C2H4(30) + [CH2]CCCCCCC(42)
    C2H5(33) + [CH2]CCCCC[CH]C(226) <=> C2H4(30) + [CH2]CCCCCCC(42)
    C2H5(33) + [CH2][CH]CCCCCC(227) <=> C2H4(30) + [CH2]CCCCCCC(42)
    C2H5(33) + [CH2]CCCCCC[CH2](149) <=> C2H4(30) + [CH2]CCCCCCC(42)
    C2H3(29) + CCCCCCCC(248) <=> C2H4(30) + [CH2]CCCCCCC(42)
    C2H4(30) + [CH2]CCCCCCC(42) <=> [CH2]CCCCCCCCC(49)
    C2H5(33) + [CH]CCC(465) <=> C2H4(30) + [CH2]CCC(41)
    C2H5(33) + [CH2]C[CH]C(467) <=> C2H4(30) + [CH2]CCC(41)
    C2H5(33) + [CH2][CH]CC(468) <=> C2H4(30) + [CH2]CCC(41)
    C2H5(33) + [CH2]CC[CH2](144) <=> C2H4(30) + [CH2]CCC(41)
    C2H3(29) + CCCC(470) <=> C2H4(30) + [CH2]CCC(41)
    C2H4(30) + [CH2]CCC(41) <=> [CH2]CCCCC(44)
    CH3(18) + CCCCCCCC(248) <=> CH4(31) + [CH2]CCCCCCC(42)
    CH3(18) + CCCC(470) <=> CH4(31) + [CH2]CCC(41)
    C2H5(33) + CCCCCCCC(248) <=> C2H6(32) + [CH2]CCCCCCC(42)
    C2H5(33) + CCCC(470) <=> C2H6(32) + [CH2]CCC(41)
    CH3CHOH(133) + [CH]CCCCCCC(220) <=> CH3CHO(37) + [CH2]CCCCCCC(42)
    CH3CHOH(133) + [CH2]C[CH]CCCCC(225) <=> CH3CHO(37) + [CH2]CCCCCCC(42)
    CH3CHOH(133) + [CH2]CC[CH]CCCC(222) <=> CH3CHO(37) + [CH2]CCCCCCC(42)
    CH3CHOH(133) + [CH2]CCC[CH]CCC(223) <=> CH3CHO(37) + [CH2]CCCCCCC(42)
    CH3CHOH(133) + [CH2]CCCC[CH]CC(224) <=> CH3CHO(37) + [CH2]CCCCCCC(42)
    CH3CHOH(133) + [CH2]CCCCC[CH]C(226) <=> CH3CHO(37) + [CH2]CCCCCCC(42)
    CH3CHOH(133) + [CH2][CH]CCCCCC(227) <=> CH3CHO(37) + [CH2]CCCCCCC(42)
    CH3CHOH(133) + [CH2]CCCCCC[CH2](149) <=> CH3CHO(37) + [CH2]CCCCCCC(42)
    CH3CH2O(134) + [CH]CCCCCCC(220) <=> CH3CHO(37) + [CH2]CCCCCCC(42)
    CH3CH2O(134) + [CH2]C[CH]CCCCC(225) <=> CH3CHO(37) + [CH2]CCCCCCC(42)
    CH3CH2O(134) + [CH2]CC[CH]CCCC(222) <=> CH3CHO(37) + [CH2]CCCCCCC(42)
    CH3CH2O(134) + [CH2]CCC[CH]CCC(223) <=> CH3CHO(37) + [CH2]CCCCCCC(42)
    CH3CH2O(134) + [CH2]CCCC[CH]CC(224) <=> CH3CHO(37) + [CH2]CCCCCCC(42)
    CH3CH2O(134) + [CH2]CCCCC[CH]C(226) <=> CH3CHO(37) + [CH2]CCCCCCC(42)
    CH3CH2O(134) + [CH2][CH]CCCCCC(227) <=> CH3CHO(37) + [CH2]CCCCCCC(42)
    CH3CH2O(134) + [CH2]CCCCCC[CH2](149) <=> CH3CHO(37) + [CH2]CCCCCCC(42)
    CH3CHO(37) + [CH2]CCCCCCC(42) <=> CH2CHO(36) + CCCCCCCC(248)
    CH3CHO(37) + [CH2]CCCCCCC(42) <=> CH3CO(35) + CCCCCCCC(248)
    CH3CHO(37) + [CH2]CCCCCCC(42) <=> C[CH]OCCCCCCCC(506)
    CH3CHO(37) + [CH2]CCCCCCC(42) <=> CCCCCCCCC(C)[O](507)
    CH3CHOH(133) + [CH]CCC(465) <=> CH3CHO(37) + [CH2]CCC(41)
    CH3CHOH(133) + [CH2]C[CH]C(467) <=> CH3CHO(37) + [CH2]CCC(41)
    CH3CHOH(133) + [CH2][CH]CC(468) <=> CH3CHO(37) + [CH2]CCC(41)
    CH3CHOH(133) + [CH2]CC[CH2](144) <=> CH3CHO(37) + [CH2]CCC(41)
    CH3CH2O(134) + [CH]CCC(465) <=> CH3CHO(37) + [CH2]CCC(41)
    CH3CH2O(134) + [CH2]C[CH]C(467) <=> CH3CHO(37) + [CH2]CCC(41)
    CH3CH2O(134) + [CH2][CH]CC(468) <=> CH3CHO(37) + [CH2]CCC(41)
    CH3CH2O(134) + [CH2]CC[CH2](144) <=> CH3CHO(37) + [CH2]CCC(41)
    CH3CHO(37) + [CH2]CCC(41) <=> CH2CHO(36) + CCCC(470)
    CH3CHO(37) + [CH2]CCC(41) <=> CH3CO(35) + CCCC(470)
    CH3CHO(37) + [CH2]CCC(41) <=> C[CH]OCCCC(508)
    CH3CHO(37) + [CH2]CCC(41) <=> CCCCC(C)[O](509)
    [CH2]CCCCCCC(42) + C12H24(1) <=> CCCCCCCC(248) + CCCC[CH]CCCCCCC(43)
    [CH2]CCCCCCC(42) + C12H24(1) <=> CCCCCCCC(248) + CCCCC[CH]CCCCCC(45)
    [CH2]CCCCCCC(42) + C12H24(1) <=> CCCCCCCC(248) + CCC[CH]CCCCCCCC(48)
    [CH2]CCCCCCC(42) + C12H24(1) <=> CCCCCCCC(248) + CC[CH]CCCCCCCCC(50)
    [CH2]CCCCCCC(42) + C12H24(1) <=> CCCCCCCC(248) + C[CH]CCCCCCCCCC(52)
    CCCCCCCC(248) + [CH2]CCCCCCCCCCC(53) <=> [CH2]CCCCCCC(42) + C12H24(1)
    [CH2]CCC(41) + C12H24(1) <=> CCCC(470) + CCCC[CH]CCCCCCC(43)
    [CH2]CCC(41) + C12H24(1) <=> CCCC(470) + CCCCC[CH]CCCCCC(45)
    [CH2]CCC(41) + C12H24(1) <=> CCCC(470) + CCC[CH]CCCCCCCC(48)
    [CH2]CCC(41) + C12H24(1) <=> CCCC(470) + CC[CH]CCCCCCCCC(50)
    [CH2]CCC(41) + C12H24(1) <=> CCCC(470) + C[CH]CCCCCCCCCC(52)
    CCCC(470) + [CH2]CCCCCCCCCCC(53) <=> [CH2]CCC(41) + C12H24(1)
    O2(2) + [CH2]CCC(41) <=> HO2(10) + C=CCC(466)
    HO2(10) + [CH]CCC(465) <=> O2(2) + [CH2]CCC(41)
    HO2(10) + [CH2]C[CH]C(467) <=> O2(2) + [CH2]CCC(41)
    HO2(10) + [CH2]CC[CH2](144) <=> O2(2) + [CH2]CCC(41)
    O2(2) + [CH2]CCC(41) <=> CCCCO[O](510)
    [CH2]CCC(41) + [CH2]CCCCCCCC(46) <=> C=CCC(466) + CCCCCCCCC(163)
    [CH2]CCC(41) + [CH2]CCCCCCCC(46) <=> CCCC(470) + C=CCCCCCCC(138)
    CCCC(470) + [CH]CCCCCCCC(137) <=> [CH2]CCC(41) + [CH2]CCCCCCCC(46)
    [CH2]CCC(41) + [CH2]CCCCCCCC(46) <=> CCCC(470) + [CH2]CCCCC[CH]CC(141)
    [CH2]CCC(41) + [CH2]CCCCCCCC(46) <=> CCCC(470) + [CH2]CCCC[CH]CCC(143)
    [CH2]CCC(41) + [CH2]CCCCCCCC(46) <=> CCCC(470) + [CH2]CCC[CH]CCCC(145)
    [CH2]CCC(41) + [CH2]CCCCCCCC(46) <=> CCCC(470) + [CH2]CC[CH]CCCCC(147)
    [CH2]CCC(41) + [CH2]CCCCCCCC(46) <=> CCCC(470) + [CH2]C[CH]CCCCCC(148)
    [CH2]CCC(41) + [CH2]CCCCCCCC(46) <=> CCCC(470) + [CH2]CCCCCC[CH]C(150)
    CCCC(470) + [CH2]CCCCCCC[CH2](152) <=> [CH2]CCC(41) + [CH2]CCCCCCCC(46)
    [CH]CCC(465) + CCCCCCCCC(163) <=> [CH2]CCC(41) + [CH2]CCCCCCCC(46)
    [CH2]CCC(41) + [CH2]CCCCCCCC(46) <=> [CH2]C[CH]C(467) + CCCCCCCCC(163)
    [CH2]CC[CH2](144) + CCCCCCCCC(163) <=> [CH2]CCC(41) + [CH2]CCCCCCCC(46)
    [CH2]CCC(41) + [CH2]CCCCCCCC(46) <=> CCCCCCCCCCCCC(511)
    [CH2]CCCCCCC(42) + [CH2]CCCCCCC(42) <=> C=CCCCCCC(221) + CCCCCCCC(248)
    [CH]CCCCCCC(220) + CCCCCCCC(248) <=> [CH2]CCCCCCC(42) + [CH2]CCCCCCC(42)
    [CH2]CCCCCCC(42) + [CH2]CCCCCCC(42) <=> [CH2]CC[CH]CCCC(222) + CCCCCCCC(248)
    [CH2]CCCCCCC(42) + [CH2]CCCCCCC(42) <=> [CH2]CCC[CH]CCC(223) + CCCCCCCC(248)
    [CH2]CCCCCCC(42) + [CH2]CCCCCCC(42) <=> [CH2]CCCC[CH]CC(224) + CCCCCCCC(248)
    [CH2]CCCCCCC(42) + [CH2]CCCCCCC(42) <=> [CH2]C[CH]CCCCC(225) + CCCCCCCC(248)
    [CH2]CCCCCCC(42) + [CH2]CCCCCCC(42) <=> [CH2]CCCCC[CH]C(226) + CCCCCCCC(248)
    [CH2]CCCCCC[CH2](149) + CCCCCCCC(248) <=> [CH2]CCCCCCC(42) + [CH2]CCCCCCC(42)
    [CH2]CCCCCCC(42) + [CH2]CCCCCCC(42) <=> CCCCCCCCCCCCCCCC(512)
    [CH2]CCC(41) + [CH2]CCCCCCC(42) <=> C=CCC(466) + CCCCCCCC(248)
    [CH2]CCC(41) + [CH2]CCCCCCC(42) <=> CCCC(470) + C=CCCCCCC(221)
    CCCC(470) + [CH]CCCCCCC(220) <=> [CH2]CCC(41) + [CH2]CCCCCCC(42)
    [CH2]CCC(41) + [CH2]CCCCCCC(42) <=> CCCC(470) + [CH2]CC[CH]CCCC(222)
    [CH2]CCC(41) + [CH2]CCCCCCC(42) <=> CCCC(470) + [CH2]CCC[CH]CCC(223)
    [CH2]CCC(41) + [CH2]CCCCCCC(42) <=> CCCC(470) + [CH2]CCCC[CH]CC(224)
    [CH2]CCC(41) + [CH2]CCCCCCC(42) <=> CCCC(470) + [CH2]C[CH]CCCCC(225)
    [CH2]CCC(41) + [CH2]CCCCCCC(42) <=> CCCC(470) + [CH2]CCCCC[CH]C(226)
    CCCC(470) + [CH2]CCCCCC[CH2](149) <=> [CH2]CCC(41) + [CH2]CCCCCCC(42)
    [CH]CCC(465) + CCCCCCCC(248) <=> [CH2]CCC(41) + [CH2]CCCCCCC(42)
    [CH2]CCC(41) + [CH2]CCCCCCC(42) <=> [CH2]C[CH]C(467) + CCCCCCCC(248)
    [CH2]CC[CH2](144) + CCCCCCCC(248) <=> [CH2]CCC(41) + [CH2]CCCCCCC(42)
    [CH2]CCC(41) + [CH2]CCC(41) <=> C=CCC(466) + CCCC(470)
    [CH]CCC(465) + CCCC(470) <=> [CH2]CCC(41) + [CH2]CCC(41)
    [CH2]CCC(41) + [CH2]CCC(41) <=> [CH2]C[CH]C(467) + CCCC(470)
    [CH2]CC[CH2](144) + CCCC(470) <=> [CH2]CCC(41) + [CH2]CCC(41)
    [CH2]CCC(41) + [CH2]CCC(41) <=> CCCCCCCC(248)

After model enlargement:
    The model core has 42 species and 378 reactions
    The model edge has 471 species and 1463 reactions


Saving current model core to Chemkin file...
Chemkin file contains 385 reactions.
Saving annotated version of Chemkin file...
Chemkin file contains 385 reactions.
Saving current model core and edge to Chemkin file...
Chemkin file contains 1848 reactions.
Saving annotated version of Chemkin file...
Chemkin file contains 1848 reactions.
Saving current model core to HTML file...
Saving current model edge to HTML file...
Updating RMG execution statistics...
    Execution time (DD:HH:MM:SS): 00:00:00:45
    Memory used: 862.23 MB

Making seed mechanism...
Conducting simulation of reaction system 1...
At time 0.0000e+00 s, species [CH2]CCCC(39) at 0.35185482440182775 exceeded the minimum rate for simulation interruption of 0.1
At time 0.0000e+00 s, species [CH2]CCCCCC(40) at 0.35185482440182775 exceeded the minimum rate for simulation interruption of 0.1
At time 0.0000e+00 s, species [CH2]CCCCC(44) at 0.3521686292638537 exceeded the minimum rate for simulation interruption of 0.1
At time 0.0000e+00 s, species [CH2]CCCCCCCCC(49) at 0.1575570852993793 exceeded the minimum rate for simulation interruption of 0.1
Exceeded max number of objects...removing excess objects
Reached max number of objects...preparing to terminate
At time 0.0000e+00 s, species [CH2]CCCCC(44) at rate ratio 0.3521686292638537 exceeded the minimum rate for moving to model core of 0.1
terminating simulation due to interrupt...


Adding species [CH2]CCCCC(44) to model core

Summary of Model Enlargement
---------------------------------
Added 1 new core species
    [CH2]CCCCC(44)
Created 0 new edge species
Moved 3 reactions from edge to core
    [CH2]CCCCC(44) + [CH2]CCCCC(44) <=> C12H24(1)
    C2H4(30) + [CH2]CCCCC(44) <=> [CH2]CCCCCCC(42)
    C2H4(30) + [CH2]CCC(41) <=> [CH2]CCCCC(44)
Added 0 new core reactions
Created 0 new edge reactions

After model enlargement:
    The model core has 43 species and 381 reactions
    The model edge has 470 species and 1460 reactions


At time 3.8606e-04 s, reached target termination conversion: 0.900000 of C12H24(1)
    C12H24(1) conversion: 0.9014    

For reaction generation 1 process is used.
Generating thermo for new species...
Generating kinetics for new reactions...
For reaction CO(12) + HCCO(20) <=> C#CO[C]=O(522), Ea raised from 79.6 to 83.7 kJ/mol to match endothermicity of reaction.
For reaction CO2(13) + C2H3(29) <=> C=CO[C]=O(286), Ea raised from 16.4 to 19.0 kJ/mol to match endothermicity of reaction.
For reaction CO2(13) + C2H3(29) <=> C=CC([O])=O(527), Ea raised from 84.9 to 88.6 kJ/mol to match endothermicity of reaction.
For reaction CO2(13) + C2H5(33) <=> CCO[C]=O(530), Ea raised from 81.1 to 85.3 kJ/mol to match endothermicity of reaction.

Summary of Secondary Model Edge Enlargement
---------------------------------
Added 0 new core species
Created 32 new edge species
    [CH]CCCCC(513)
    C=CCCCC(514)
    [CH2]CC[CH]CC(515)
    [CH2]C[CH]CCC(516)
    [CH2]CCC[CH]C(517)
    [CH2][CH]CCCC(518)
    C[CH]CCCC(519)
    CC[CH]CCC(520)
    [O]C#CC=O(521)
    C#CO[C]=O(522)
    O=[C]C=C=O(523)
    [CH2]OC=O(524)
    [CH]=COC=O(525)
    [CH]=CC(=O)O(526)
    C=CC([O])=O(527)
    [CH2]COC=O(528)
    [CH2]CC(=O)O(529)
    CCO[C]=O(530)
    CCC([O])=O(531)
    [O]CC=O(532)
    [CH2]OCC(533)
    [CH]=CC=[CH](534)
    [CH]=CC(C)[O](535)
    [CH]=CO[CH]C(536)
    C=COC=C(537)
    [CH2]CC=C(538)
    [CH2]CC([CH2])[O](539)
    [CH2][CH]OC[CH2](540)
    [CH2]C1CCO1(541)
    [CH2]CC[CH][O](542)
    [CH2]COC=C(543)
    CCCCCCO[O](544)
Added 8 new core reactions
    C2H(21) + C2H3(29) <=> C2H2(22) + C2H2(22)
    CH2OH(34) + C2H3(29) <=> CH3OH(26) + C2H2(22)
    CH3O(27) + C2H3(29) <=> CH3OH(26) + C2H2(22)
    C2H3(29) + C2H5(33) <=> C2H2(22) + C2H6(32)
    C2H3(29) + CH2CHO(36) <=> C2H2(22) + CH3CHO(37)
    C2H3(29) + CH3CO(35) <=> C2H2(22) + CH3CHO(37)
    C2H3(29) + C2H6(32) <=> C2H4(30) + C2H5(33)
    C2H3(29) + CH3CHO(37) <=> CH2CHO(36) + C2H4(30)
Created 101 new edge reactions
    CH2(S)(24) + [CH2]CCCC(39) <=> [CH2]CCCCC(44)
    CH2(S)(24) + [CH2]CCCC(39) <=> [CH2]CCCCC(44)
    CH2(T)(17) + [CH2]CCCC(39) <=> [CH2]CCCCC(44)
    H(3) + [CH]CCCCC(513) <=> [CH2]CCCCC(44)
    H(3) + C=CCCCC(514) <=> [CH2]CCCCC(44)
    [CH2]C[CH2](146) + [CH2]CC(47) <=> [CH2]CCCCC(44)
    C2H5(33) + [CH2]CC[CH2](144) <=> [CH2]CCCCC(44)
    H(3) + [CH2]CC[CH]CC(515) <=> [CH2]CCCCC(44)
    [CH2][CH2](66) + [CH2]CCC(41) <=> [CH2]CCCCC(44)
    H(3) + [CH2]C[CH]CCC(516) <=> [CH2]CCCCC(44)
    CH3(18) + [CH2]CCC[CH2](142) <=> [CH2]CCCCC(44)
    H(3) + [CH2]CCC[CH]C(517) <=> [CH2]CCCCC(44)
    H(3) + [CH2][CH]CCCC(518) <=> [CH2]CCCCC(44)
    H(3) + [CH2]CCCC[CH2](139) <=> [CH2]CCCCC(44)
    [CH2]CCCCC(44) <=> C[CH]CCCC(519)
    [CH2]CCCCC(44) <=> CC[CH]CCC(520)
    [CH2]CCCCC(44) <=> CC[CH]CCC(520)
    [CH2]CCCCC(44) <=> C[CH]CCCC(519)
    H(3) + [CH]O(219) <=> H2(6) + HCO(14)
    H(3) + [CH]C(65) <=> H2(6) + C2H3(29)
    H(3) + [CH2][CH]O(126) <=> H2(6) + CH2CHO(36)
    H(3) + [CH2]C[O](71) <=> H2(6) + CH2CHO(36)
    H(3) + C[CH][O](127) <=> H2(6) + CH2CHO(36)
    H(3) + C2H3OH(72) <=> H2(6) + CH2CHO(36)
    OH(5) + [CH2][C]=O(68) <=> H2O(7) + HCCO(20)
    OH(5) + [CH]=C[O](60) <=> H2O(7) + HCCO(20)
    OH(5) + HCCOH(111) <=> H2O(7) + HCCO(20)
    OH(5) + [CH]=[C]O(112) <=> H2O(7) + HCCO(20)
    HO2(10) + [CH]O(219) <=> H2O2(11) + HCO(14)
    [CH](107) + HCO(14) <=> CO(12) + CH2(T)(17)
    CO(12) + HCCO(20) <=> [O]C#CC=O(521)
    HCO(14) + C2O(56) <=> CO(12) + HCCO(20)
    CO(12) + HCCO(20) <=> C#CO[C]=O(522)
    CO(12) + HCCO(20) <=> O=[C]C=C=O(523)
    CO(12) + CH2OH(34) <=> [CH2]OC=O(524)
    HCO(14) + [CH]O(219) <=> CO(12) + CH2OH(34)
    HCO(14) + [CH2][O](59) <=> CO(12) + CH2OH(34)
    CO(12) + CH2OH(34) <=> O=[C]CO(239)
    CO2(13) + C2H3(29) <=> [CH]=COC=O(525)
    CO2(13) + C2H3(29) <=> [CH]=CC(=O)O(526)
    HOCO(102) + [C]=C(62) <=> CO2(13) + C2H3(29)
    HOCO(102) + [CH]=[CH](63) <=> CO2(13) + C2H3(29)
    [O]C=O(103) + [C]=C(62) <=> CO2(13) + C2H3(29)
    [O]C=O(103) + [CH]=[CH](63) <=> CO2(13) + C2H3(29)
    CO2(13) + C2H3(29) <=> C=CO[C]=O(286)
    CO2(13) + C2H3(29) <=> C=CC([O])=O(527)
    CO2(13) + C2H5(33) <=> [CH2]COC=O(528)
    CO2(13) + C2H5(33) <=> [CH2]CC(=O)O(529)
    HOCO(102) + [CH]C(65) <=> CO2(13) + C2H5(33)
    HOCO(102) + [CH2][CH2](66) <=> CO2(13) + C2H5(33)
    [O]C=O(103) + [CH]C(65) <=> CO2(13) + C2H5(33)
    [O]C=O(103) + [CH2][CH2](66) <=> CO2(13) + C2H5(33)
    CO2(13) + C2H5(33) <=> CCO[C]=O(530)
    CO2(13) + C2H5(33) <=> CCC([O])=O(531)
    [C]=O(54) + CH2OH(34) <=> HCO(14) + CH2O(19)
    [C]=O(54) + CH3O(27) <=> HCO(14) + CH2O(19)
    HCO(14) + [CH]O(219) <=> HCO(14) + CH2O(19)
    HCO(14) + CH2O(19) <=> [CH2]OC=O(524)
    HCO(14) + CH2O(19) <=> [O]CC=O(532)
    [C]=O(54) + C2H5(33) <=> HCO(14) + C2H4(30)
    [CH]O(219) + C2H3(29) <=> HCO(14) + C2H4(30)
    HCO(14) + C2H4(30) <=> [CH2]CC=O(281)
    [CH]O(219) + CH3(18) <=> HCO(14) + CH4(31)
    CH2OH(34) + [CH]C(65) <=> CH2O(19) + C2H5(33)
    CH2OH(34) + [CH2][CH2](66) <=> CH2O(19) + C2H5(33)
    CH3O(27) + [CH]C(65) <=> CH2O(19) + C2H5(33)
    CH3O(27) + [CH2][CH2](66) <=> CH2O(19) + C2H5(33)
    CH2O(19) + C2H5(33) <=> [CH2]OCC(533)
    CH2O(19) + C2H5(33) <=> CCC[O](162)
    [CH]=CC=[CH](534) <=> C2H2(22) + C2H2(22)
    [CH]=CC(C)[O](535) <=> C2H2(22) + CH3CHO(37)
    [CH]=CO[CH]C(536) <=> C2H2(22) + CH3CHO(37)
    C2H(21) + CH3CHOH(133) <=> C2H2(22) + CH3CHO(37)
    C2H(21) + CH3CH2O(134) <=> C2H2(22) + CH3CHO(37)
    C=COC=C(537) <=> C2H2(22) + CH3CHO(37)
    [C]=C(62) + C2H5(33) <=> C2H3(29) + C2H4(30)
    [CH]=[CH](63) + C2H5(33) <=> C2H3(29) + C2H4(30)
    C2H3(29) + [CH]C(65) <=> C2H3(29) + C2H4(30)
    C2H3(29) + C2H4(30) <=> [CH2]CC=C(538)
    [CH]C(65) + C2H5(33) <=> C2H4(30) + C2H5(33)
    [CH2][CH2](66) + C2H5(33) <=> C2H4(30) + C2H5(33)
    [CH2]CC([CH2])[O](539) <=> CH2CHO(36) + C2H4(30)
    [CH2][CH]OC[CH2](540) <=> CH2CHO(36) + C2H4(30)
    CH2CHO(36) + C2H4(30) <=> [CH2]C1CCO1(541)
    CH2CHO(36) + C2H4(30) <=> [CH2]C1CCO1(541)
    C2H3(29) + [CH2][CH]O(126) <=> CH2CHO(36) + C2H4(30)
    C2H3(29) + [CH2]C[O](71) <=> CH2CHO(36) + C2H4(30)
    [CH]=C[O](60) + C2H5(33) <=> CH2CHO(36) + C2H4(30)
    [CH2][C]=O(68) + C2H5(33) <=> CH2CHO(36) + C2H4(30)
    CH2CHO(36) + C2H4(30) <=> [CH2]CCC=O(178)
    [CH2]CC[CH][O](542) <=> CH2CHO(36) + C2H4(30)
    C2H3(29) + C[CH][O](127) <=> CH2CHO(36) + C2H4(30)
    C2H3(29) + C2H3OH(72) <=> CH2CHO(36) + C2H4(30)
    CH2CHO(36) + C2H4(30) <=> [CH2]COC=C(543)
    O2(2) + [CH2]CCCCC(44) <=> HO2(10) + C=CCCCC(514)
    HO2(10) + [CH]CCCCC(513) <=> O2(2) + [CH2]CCCCC(44)
    HO2(10) + [CH2]CC[CH]CC(515) <=> O2(2) + [CH2]CCCCC(44)
    HO2(10) + [CH2]C[CH]CCC(516) <=> O2(2) + [CH2]CCCCC(44)
    HO2(10) + [CH2]CCC[CH]C(517) <=> O2(2) + [CH2]CCCCC(44)
    HO2(10) + [CH2]CCCC[CH2](139) <=> O2(2) + [CH2]CCCCC(44)
    O2(2) + [CH2]CCCCC(44) <=> CCCCCCO[O](544)

After model enlargement:
    The model core has 43 species and 389 reactions
    The model edge has 502 species and 1561 reactions


Saving current model core to Chemkin file...
Chemkin file contains 396 reactions.
Saving annotated version of Chemkin file...
Chemkin file contains 396 reactions.
Saving current model core and edge to Chemkin file...
Chemkin file contains 1957 reactions.
Saving annotated version of Chemkin file...
Chemkin file contains 1957 reactions.
Saving current model core to HTML file...
Saving current model edge to HTML file...
Updating RMG execution statistics...
    Execution time (DD:HH:MM:SS): 00:00:00:48
    Memory used: 863.15 MB

Making seed mechanism...
Conducting simulation of reaction system 1...
At time 0.0000e+00 s, species [CH2]CCCC(39) at 0.2969425040107811 exceeded the minimum rate for simulation interruption of 0.1
At time 0.0000e+00 s, species [CH2]CCCCCC(40) at 0.2969425040107811 exceeded the minimum rate for simulation interruption of 0.1
At time 0.0000e+00 s, species [CH2]CCCCCCCCC(49) at 0.1329678952476369 exceeded the minimum rate for simulation interruption of 0.1
Exceeded max number of objects...removing excess objects
Reached max number of objects...preparing to terminate
At time 0.0000e+00 s, species [CH2]CCCCCC(40) at rate ratio 0.2969425040107811 exceeded the minimum rate for moving to model core of 0.1
terminating simulation due to interrupt...


Adding species [CH2]CCCCCC(40) to model core

Summary of Model Enlargement
---------------------------------
Added 1 new core species
    [CH2]CCCCCC(40)
Created 0 new edge species
Moved 4 reactions from edge to core
    C2H4(30) + [CH2]CCCCCC(40) <=> [CH2]CCCCCCCC(46)
    CH2(S)(24) + [CH2]CCCCCC(40) <=> [CH2]CCCCCCC(42)
    CH2(S)(24) + [CH2]CCCCCC(40) <=> [CH2]CCCCCCC(42)
    CH2(T)(17) + [CH2]CCCCCC(40) <=> [CH2]CCCCCCC(42)
Added 0 new core reactions
Created 0 new edge reactions

After model enlargement:
    The model core has 44 species and 393 reactions
    The model edge has 501 species and 1557 reactions


At time 3.8357e-04 s, reached target termination conversion: 0.900000 of C12H24(1)
    C12H24(1) conversion: 0.9001    

For reaction generation 1 process is used.
Generating thermo for new species...
Generating kinetics for new reactions...
For reaction CO2(13) + [CH2]CCCCCC(40) <=> CCCCCCCO[C]=O(581), Ea raised from 81.2 to 84.7 kJ/mol to match endothermicity of reaction.

Summary of Secondary Model Edge Enlargement
---------------------------------
Added 0 new core species
Created 52 new edge species
    [CH]CCCCCC(545)
    C=CCCCCC(546)
    [CH2]CC[CH]CCC(547)
    [CH2]CCC[CH]CC(548)
    [CH2]C[CH]CCCC(549)
    [CH2]CCCC[CH]C(550)
    [CH2][CH]CCCCC(551)
    C[CH]CCCCC(552)
    CC[CH]CCCC(553)
    CCC[CH]CCC(554)
    CCCCCCC(555)
    CCCCCCC[O](556)
    CCCCCCCO(557)
    CCCCCCCOO(558)
    [CH2]CCC(C=O)CCC(559)
    [CH2]CCCC(C=O)CC(560)
    [CH2]CC(C=O)CCCC(561)
    [CH2]CCCCC(C)C=O(562)
    [CH2]C(C=O)CCCCC(563)
    [CH2]CCCCCCC=O(564)
    [CH2]CCCCCC(C)=O(565)
    CCCCCCC[C]=O(566)
    [CH2]CCC(CCC)OC=O(567)
    [CH2]CCCC(CC)OC=O(568)
    [CH2]CC(CCCC)OC=O(569)
    [CH2]CCCCC(C)OC=O(570)
    [CH2]C(CCCCC)OC=O(571)
    [CH2]CCCCCCOC=O(572)
    [CH2]CCCCCC(=O)OC(573)
    [CH2]CCC(CCC)C(=O)O(574)
    [CH2]CCCC(CC)C(=O)O(575)
    [CH2]CC(CCCC)C(=O)O(576)
    [CH2]CCCCC(C)C(=O)O(577)
    [CH2]C(CCCCC)C(=O)O(578)
    [CH2]CCCCCCC(=O)O(579)
    [CH2]CCCCCOC(C)=O(580)
    CCCCCCCO[C]=O(581)
    CCCCCCCC([O])=O(582)
    CCCCCCCC=O(583)
    [CH2]OCCCCCCC(584)
    [CH]=CCCCCCCC(585)
    C=[C]OCCCCCCC(586)
    C=C([O])CCCCCCC(587)
    [CH2][CH]OCCCCCCC(588)
    [CH2]C([O])CCCCCCC(589)
    CCCCCCCCC=O(590)
    CCCCCCCC[CH][O](591)
    C=COCCCCCCC(592)
    C[CH]OCCCCCCC(593)
    CCCCCCCC(C)[O](594)
    CCCCCCCO[O](595)
    CCCCCCCCCCCCCC(596)
Added 3 new core reactions
    CH2(S)(24) + [CH2]CCCCC(44) <=> [CH2]CCCCCC(40)
    CH2(S)(24) + [CH2]CCCCC(44) <=> [CH2]CCCCCC(40)
    CH2(T)(17) + [CH2]CCCCC(44) <=> [CH2]CCCCCC(40)
Created 299 new edge reactions
    H(3) + [CH]CCCCCC(545) <=> [CH2]CCCCCC(40)
    H(3) + C=CCCCCC(546) <=> [CH2]CCCCCC(40)
    C2H4(30) + [CH2]CCCC(39) <=> [CH2]CCCCCC(40)
    [CH2]CC(47) + [CH2]CC[CH2](144) <=> [CH2]CCCCCC(40)
    [CH2]C[CH2](146) + [CH2]CCC(41) <=> [CH2]CCCCCC(40)
    H(3) + [CH2]CC[CH]CCC(547) <=> [CH2]CCCCCC(40)
    C2H5(33) + [CH2]CCC[CH2](142) <=> [CH2]CCCCCC(40)
    H(3) + [CH2]CCC[CH]CC(548) <=> [CH2]CCCCCC(40)
    [CH2][CH2](66) + [CH2]CCCC(39) <=> [CH2]CCCCCC(40)
    H(3) + [CH2]C[CH]CCCC(549) <=> [CH2]CCCCCC(40)
    CH3(18) + [CH2]CCCC[CH2](139) <=> [CH2]CCCCCC(40)
    H(3) + [CH2]CCCC[CH]C(550) <=> [CH2]CCCCCC(40)
    H(3) + [CH2][CH]CCCCC(551) <=> [CH2]CCCCCC(40)
    H(3) + [CH2]CCCCC[CH2](140) <=> [CH2]CCCCCC(40)
    [CH2]CCCCCC(40) <=> C[CH]CCCCC(552)
    [CH2]CCCCCC(40) <=> CC[CH]CCCC(553)
    [CH2]CCCCCC(40) <=> CCC[CH]CCC(554)
    CC[CH]CCCC(553) <=> [CH2]CCCCCC(40)
    [CH2]CCCCCC(40) <=> C[CH]CCCCC(552)
    H(3) + [CH2]CCCCCC(40) <=> H2(6) + C=CCCCCC(546)
    H2(6) + [CH]CCCCCC(545) <=> H(3) + [CH2]CCCCCC(40)
    H(3) + [CH2]CCCCCC(40) <=> H2(6) + [CH2]CC[CH]CCC(547)
    H(3) + [CH2]CCCCCC(40) <=> H2(6) + [CH2]CCC[CH]CC(548)
    H(3) + [CH2]CCCCCC(40) <=> H2(6) + [CH2]C[CH]CCCC(549)
    H(3) + [CH2]CCCCCC(40) <=> H2(6) + [CH2]CCCC[CH]C(550)
    H(3) + [CH2]CCCCCC(40) <=> H2(6) + [CH2]CCCCC[CH2](140)
    H(3) + [CH2]CCCCCC(40) <=> CCCCCCC(555)
    O(4) + [CH2]CCCCCC(40) <=> CCCCCCC[O](556)
    O(4) + [CH2]CCCCCC(40) <=> OH(5) + C=CCCCCC(546)
    OH(5) + [CH]CCCCCC(545) <=> O(4) + [CH2]CCCCCC(40)
    O(4) + [CH2]CCCCCC(40) <=> OH(5) + [CH2]CC[CH]CCC(547)
    O(4) + [CH2]CCCCCC(40) <=> OH(5) + [CH2]CCC[CH]CC(548)
    O(4) + [CH2]CCCCCC(40) <=> OH(5) + [CH2]C[CH]CCCC(549)
    O(4) + [CH2]CCCCCC(40) <=> OH(5) + [CH2]CCCC[CH]C(550)
    O(4) + [CH2]CCCCCC(40) <=> OH(5) + [CH2]CCCCC[CH2](140)
    OH(5) + [CH2]CCCCCC(40) <=> H2O(7) + C=CCCCCC(546)
    O(4) + CCCCCCC(555) <=> OH(5) + [CH2]CCCCCC(40)
    OH(5) + [CH2]CCCCCC(40) <=> H2O(7) + [CH]CCCCCC(545)
    OH(5) + [CH2]CCCCCC(40) <=> H2O(7) + [CH2]CC[CH]CCC(547)
    OH(5) + [CH2]CCCCCC(40) <=> H2O(7) + [CH2]CCC[CH]CC(548)
    OH(5) + [CH2]CCCCCC(40) <=> H2O(7) + [CH2]C[CH]CCCC(549)
    OH(5) + [CH2]CCCCCC(40) <=> H2O(7) + [CH2]CCCC[CH]C(550)
    OH(5) + [CH2]CCCCCC(40) <=> H2O(7) + [CH2]CCCCC[CH2](140)
    OH(5) + [CH2]CCCCCC(40) <=> CCCCCCCO(557)
    H(3) + CCCCCCC(555) <=> H2(6) + [CH2]CCCCCC(40)
    OH(5) + CCCCCCC(555) <=> H2O(7) + [CH2]CCCCCC(40)
    HO2(10) + [CH2]CCCCCC(40) <=> H2O2(11) + C=CCCCCC(546)
    HO2(10) + [CH2]CCCCCC(40) <=> O2(2) + CCCCCCC(555)
    H2O2(11) + [CH]CCCCCC(545) <=> HO2(10) + [CH2]CCCCCC(40)
    H2O2(11) + [CH2]CC[CH]CCC(547) <=> HO2(10) + [CH2]CCCCCC(40)
    H2O2(11) + [CH2]CCC[CH]CC(548) <=> HO2(10) + [CH2]CCCCCC(40)
    H2O2(11) + [CH2]C[CH]CCCC(549) <=> HO2(10) + [CH2]CCCCCC(40)
    H2O2(11) + [CH2]CCCC[CH]C(550) <=> HO2(10) + [CH2]CCCCCC(40)
    H2O2(11) + [CH2]CCCCC[CH2](140) <=> HO2(10) + [CH2]CCCCCC(40)
    HO2(10) + [CH2]CCCCCC(40) <=> CCCCCCCOO(558)
    H2O2(11) + [CH2]CCCCCC(40) <=> HO2(10) + CCCCCCC(555)
    CO(12) + [CH2]CCCCCC(40) <=> [CH2]CCC(C=O)CCC(559)
    CO(12) + [CH2]CCCCCC(40) <=> [CH2]CCCC(C=O)CC(560)
    CO(12) + [CH2]CCCCCC(40) <=> [CH2]CC(C=O)CCCC(561)
    CO(12) + [CH2]CCCCCC(40) <=> [CH2]CCCCC(C)C=O(562)
    CO(12) + [CH2]CCCCCC(40) <=> [CH2]C(C=O)CCCCC(563)
    CO(12) + [CH2]CCCCCC(40) <=> [CH2]CCCCCCC=O(564)
    CO(12) + [CH2]CCCCCC(40) <=> [CH2]CCCCCC(C)=O(565)
    HCO(14) + [CH]CCCCCC(545) <=> CO(12) + [CH2]CCCCCC(40)
    HCO(14) + [CH2]CC[CH]CCC(547) <=> CO(12) + [CH2]CCCCCC(40)
    HCO(14) + [CH2]CCC[CH]CC(548) <=> CO(12) + [CH2]CCCCCC(40)
    HCO(14) + [CH2]C[CH]CCCC(549) <=> CO(12) + [CH2]CCCCCC(40)
    HCO(14) + [CH2]CCCC[CH]C(550) <=> CO(12) + [CH2]CCCCCC(40)
    HCO(14) + [CH2][CH]CCCCC(551) <=> CO(12) + [CH2]CCCCCC(40)
    HCO(14) + [CH2]CCCCC[CH2](140) <=> CO(12) + [CH2]CCCCCC(40)
    CO(12) + [CH2]CCCCCC(40) <=> CCCCCCC[C]=O(566)
    CO2(13) + [CH2]CCCCCC(40) <=> [CH2]CCC(CCC)OC=O(567)
    CO2(13) + [CH2]CCCCCC(40) <=> [CH2]CCCC(CC)OC=O(568)
    CO2(13) + [CH2]CCCCCC(40) <=> [CH2]CC(CCCC)OC=O(569)
    CO2(13) + [CH2]CCCCCC(40) <=> [CH2]CCCCC(C)OC=O(570)
    CO2(13) + [CH2]CCCCCC(40) <=> [CH2]C(CCCCC)OC=O(571)
    CO2(13) + [CH2]CCCCCC(40) <=> [CH2]CCCCCCOC=O(572)
    CO2(13) + [CH2]CCCCCC(40) <=> [CH2]CCCCCC(=O)OC(573)
    CO2(13) + [CH2]CCCCCC(40) <=> [CH2]CCC(CCC)C(=O)O(574)
    CO2(13) + [CH2]CCCCCC(40) <=> [CH2]CCCC(CC)C(=O)O(575)
    CO2(13) + [CH2]CCCCCC(40) <=> [CH2]CC(CCCC)C(=O)O(576)
    CO2(13) + [CH2]CCCCCC(40) <=> [CH2]CCCCC(C)C(=O)O(577)
    CO2(13) + [CH2]CCCCCC(40) <=> [CH2]C(CCCCC)C(=O)O(578)
    CO2(13) + [CH2]CCCCCC(40) <=> [CH2]CCCCCCC(=O)O(579)
    CO2(13) + [CH2]CCCCCC(40) <=> [CH2]CCCCCOC(C)=O(580)
    HOCO(102) + [CH]CCCCCC(545) <=> CO2(13) + [CH2]CCCCCC(40)
    HOCO(102) + [CH2]C[CH]CCCC(549) <=> CO2(13) + [CH2]CCCCCC(40)
    HOCO(102) + [CH2]CC[CH]CCC(547) <=> CO2(13) + [CH2]CCCCCC(40)
    HOCO(102) + [CH2]CCC[CH]CC(548) <=> CO2(13) + [CH2]CCCCCC(40)
    HOCO(102) + [CH2]CCCC[CH]C(550) <=> CO2(13) + [CH2]CCCCCC(40)
    HOCO(102) + [CH2][CH]CCCCC(551) <=> CO2(13) + [CH2]CCCCCC(40)
    HOCO(102) + [CH2]CCCCC[CH2](140) <=> CO2(13) + [CH2]CCCCCC(40)
    [O]C=O(103) + [CH]CCCCCC(545) <=> CO2(13) + [CH2]CCCCCC(40)
    [O]C=O(103) + [CH2]C[CH]CCCC(549) <=> CO2(13) + [CH2]CCCCCC(40)
    [O]C=O(103) + [CH2]CC[CH]CCC(547) <=> CO2(13) + [CH2]CCCCCC(40)
    [O]C=O(103) + [CH2]CCC[CH]CC(548) <=> CO2(13) + [CH2]CCCCCC(40)
    [O]C=O(103) + [CH2]CCCC[CH]C(550) <=> CO2(13) + [CH2]CCCCCC(40)
    [O]C=O(103) + [CH2][CH]CCCCC(551) <=> CO2(13) + [CH2]CCCCCC(40)
    [O]C=O(103) + [CH2]CCCCC[CH2](140) <=> CO2(13) + [CH2]CCCCCC(40)
    CO2(13) + [CH2]CCCCCC(40) <=> CCCCCCCO[C]=O(581)
    CO2(13) + [CH2]CCCCCC(40) <=> CCCCCCCC([O])=O(582)
    HCO(14) + [CH2]CCCCCC(40) <=> CO(12) + CCCCCCC(555)
    HCO(14) + [CH2]CCCCCC(40) <=> CH2O(19) + C=CCCCCC(546)
    [CH]O(219) + [CH]CCCCCC(545) <=> HCO(14) + [CH2]CCCCCC(40)
    [CH]O(219) + [CH2]C[CH]CCCC(549) <=> HCO(14) + [CH2]CCCCCC(40)
    [CH]O(219) + [CH2]CC[CH]CCC(547) <=> HCO(14) + [CH2]CCCCCC(40)
    [CH]O(219) + [CH2]CCC[CH]CC(548) <=> HCO(14) + [CH2]CCCCCC(40)
    [CH]O(219) + [CH2]CCCC[CH]C(550) <=> HCO(14) + [CH2]CCCCCC(40)
    [CH]O(219) + [CH2][CH]CCCCC(551) <=> HCO(14) + [CH2]CCCCCC(40)
    [CH]O(219) + [CH2]CCCCC[CH2](140) <=> HCO(14) + [CH2]CCCCCC(40)
    [C]=O(54) + CCCCCCC(555) <=> HCO(14) + [CH2]CCCCCC(40)
    CH2O(19) + [CH]CCCCCC(545) <=> HCO(14) + [CH2]CCCCCC(40)
    CH2O(19) + [CH2]CC[CH]CCC(547) <=> HCO(14) + [CH2]CCCCCC(40)
    CH2O(19) + [CH2]CCC[CH]CC(548) <=> HCO(14) + [CH2]CCCCCC(40)
    CH2O(19) + [CH2]C[CH]CCCC(549) <=> HCO(14) + [CH2]CCCCCC(40)
    CH2O(19) + [CH2]CCCC[CH]C(550) <=> HCO(14) + [CH2]CCCCCC(40)
    CH2O(19) + [CH2]CCCCC[CH2](140) <=> HCO(14) + [CH2]CCCCCC(40)
    HCO(14) + [CH2]CCCCCC(40) <=> CCCCCCCC=O(583)
    CH3(18) + [CH2]CCCCCC(40) <=> CH4(31) + C=CCCCCC(546)
    CH2(T)(17) + CCCCCCC(555) <=> CH3(18) + [CH2]CCCCCC(40)
    CH4(31) + [CH]CCCCCC(545) <=> CH3(18) + [CH2]CCCCCC(40)
    CH3(18) + [CH2]CCCCCC(40) <=> CH4(31) + [CH2]CC[CH]CCC(547)
    CH3(18) + [CH2]CCCCCC(40) <=> CH4(31) + [CH2]CCC[CH]CC(548)
    CH3(18) + [CH2]CCCCCC(40) <=> CH4(31) + [CH2]C[CH]CCCC(549)
    CH3(18) + [CH2]CCCCCC(40) <=> CH4(31) + [CH2]CCCC[CH]C(550)
    CH3(18) + [CH2]CCCCCC(40) <=> CH4(31) + [CH2]CCCCC[CH2](140)
    CH3(18) + [CH2]CCCCCC(40) <=> CCCCCCCC(248)
    CH2OH(34) + [CH]CCCCCC(545) <=> CH2O(19) + [CH2]CCCCCC(40)
    CH2OH(34) + [CH2]C[CH]CCCC(549) <=> CH2O(19) + [CH2]CCCCCC(40)
    CH2OH(34) + [CH2]CC[CH]CCC(547) <=> CH2O(19) + [CH2]CCCCCC(40)
    CH2OH(34) + [CH2]CCC[CH]CC(548) <=> CH2O(19) + [CH2]CCCCCC(40)
    CH2OH(34) + [CH2]CCCC[CH]C(550) <=> CH2O(19) + [CH2]CCCCCC(40)
    CH2OH(34) + [CH2][CH]CCCCC(551) <=> CH2O(19) + [CH2]CCCCCC(40)
    CH2OH(34) + [CH2]CCCCC[CH2](140) <=> CH2O(19) + [CH2]CCCCCC(40)
    CH3O(27) + [CH]CCCCCC(545) <=> CH2O(19) + [CH2]CCCCCC(40)
    CH3O(27) + [CH2]C[CH]CCCC(549) <=> CH2O(19) + [CH2]CCCCCC(40)
    CH3O(27) + [CH2]CC[CH]CCC(547) <=> CH2O(19) + [CH2]CCCCCC(40)
    CH3O(27) + [CH2]CCC[CH]CC(548) <=> CH2O(19) + [CH2]CCCCCC(40)
    CH3O(27) + [CH2]CCCC[CH]C(550) <=> CH2O(19) + [CH2]CCCCCC(40)
    CH3O(27) + [CH2][CH]CCCCC(551) <=> CH2O(19) + [CH2]CCCCCC(40)
    CH3O(27) + [CH2]CCCCC[CH2](140) <=> CH2O(19) + [CH2]CCCCCC(40)
    CH2O(19) + [CH2]CCCCCC(40) <=> HCO(14) + CCCCCCC(555)
    CH2O(19) + [CH2]CCCCCC(40) <=> [CH2]OCCCCCCC(584)
    CH2O(19) + [CH2]CCCCCC(40) <=> CCCCCCCC[O](471)
    C2H3(29) + [CH]CCCCCC(545) <=> C2H2(22) + [CH2]CCCCCC(40)
    C2H3(29) + [CH2]C[CH]CCCC(549) <=> C2H2(22) + [CH2]CCCCCC(40)
    C2H3(29) + [CH2]CC[CH]CCC(547) <=> C2H2(22) + [CH2]CCCCCC(40)
    C2H3(29) + [CH2]CCC[CH]CC(548) <=> C2H2(22) + [CH2]CCCCCC(40)
    C2H3(29) + [CH2]CCCC[CH]C(550) <=> C2H2(22) + [CH2]CCCCCC(40)
    C2H3(29) + [CH2][CH]CCCCC(551) <=> C2H2(22) + [CH2]CCCCCC(40)
    C2H3(29) + [CH2]CCCCC[CH2](140) <=> C2H2(22) + [CH2]CCCCCC(40)
    C2H(21) + CCCCCCC(555) <=> C2H2(22) + [CH2]CCCCCC(40)
    C2H2(22) + [CH2]CCCCCC(40) <=> [CH]=CCCCCCCC(585)
    CH3O(27) + CCCCCCC(555) <=> CH3OH(26) + [CH2]CCCCCC(40)
    CH3OH(26) + [CH2]CCCCCC(40) <=> CH2OH(34) + CCCCCCC(555)
    C=[C]O(69) + [CH]CCCCCC(545) <=> CH2CO(28) + [CH2]CCCCCC(40)
    C=[C]O(69) + [CH2]C[CH]CCCC(549) <=> CH2CO(28) + [CH2]CCCCCC(40)
    C=[C]O(69) + [CH2]CC[CH]CCC(547) <=> CH2CO(28) + [CH2]CCCCCC(40)
    C=[C]O(69) + [CH2]CCC[CH]CC(548) <=> CH2CO(28) + [CH2]CCCCCC(40)
    C=[C]O(69) + [CH2]CCCC[CH]C(550) <=> CH2CO(28) + [CH2]CCCCCC(40)
    C=[C]O(69) + [CH2][CH]CCCCC(551) <=> CH2CO(28) + [CH2]CCCCCC(40)
    C=[C]O(69) + [CH2]CCCCC[CH2](140) <=> CH2CO(28) + [CH2]CCCCCC(40)
    CH3CO(35) + [CH]CCCCCC(545) <=> CH2CO(28) + [CH2]CCCCCC(40)
    CH3CO(35) + [CH2]C[CH]CCCC(549) <=> CH2CO(28) + [CH2]CCCCCC(40)
    CH3CO(35) + [CH2]CC[CH]CCC(547) <=> CH2CO(28) + [CH2]CCCCCC(40)
    CH3CO(35) + [CH2]CCC[CH]CC(548) <=> CH2CO(28) + [CH2]CCCCCC(40)
    CH3CO(35) + [CH2]CCCC[CH]C(550) <=> CH2CO(28) + [CH2]CCCCCC(40)
    CH3CO(35) + [CH2][CH]CCCCC(551) <=> CH2CO(28) + [CH2]CCCCCC(40)
    CH3CO(35) + [CH2]CCCCC[CH2](140) <=> CH2CO(28) + [CH2]CCCCCC(40)
    CH2CHO(36) + [CH]CCCCCC(545) <=> CH2CO(28) + [CH2]CCCCCC(40)
    CH2CHO(36) + [CH2]C[CH]CCCC(549) <=> CH2CO(28) + [CH2]CCCCCC(40)
    CH2CHO(36) + [CH2]CC[CH]CCC(547) <=> CH2CO(28) + [CH2]CCCCCC(40)
    CH2CHO(36) + [CH2]CCC[CH]CC(548) <=> CH2CO(28) + [CH2]CCCCCC(40)
    CH2CHO(36) + [CH2]CCCC[CH]C(550) <=> CH2CO(28) + [CH2]CCCCCC(40)
    CH2CHO(36) + [CH2][CH]CCCCC(551) <=> CH2CO(28) + [CH2]CCCCCC(40)
    CH2CHO(36) + [CH2]CCCCC[CH2](140) <=> CH2CO(28) + [CH2]CCCCCC(40)
    HCCO(20) + CCCCCCC(555) <=> CH2CO(28) + [CH2]CCCCCC(40)
    CH2CO(28) + [CH2]CCCCCC(40) <=> C=[C]OCCCCCCC(586)
    CH2CO(28) + [CH2]CCCCCC(40) <=> CCCCCCCC[C]=O(299)
    CH2CO(28) + [CH2]CCCCCC(40) <=> C=C([O])CCCCCCC(587)
    C2H3(29) + [CH2]CCCCCC(40) <=> C2H4(30) + C=CCCCCC(546)
    C2H3(29) + [CH2]CCCCCC(40) <=> C2H2(22) + CCCCCCC(555)
    [CH]C(65) + [CH]CCCCCC(545) <=> C2H3(29) + [CH2]CCCCCC(40)
    [CH]C(65) + [CH2]C[CH]CCCC(549) <=> C2H3(29) + [CH2]CCCCCC(40)
    [CH]C(65) + [CH2]CC[CH]CCC(547) <=> C2H3(29) + [CH2]CCCCCC(40)
    [CH]C(65) + [CH2]CCC[CH]CC(548) <=> C2H3(29) + [CH2]CCCCCC(40)
    [CH]C(65) + [CH2]CCCC[CH]C(550) <=> C2H3(29) + [CH2]CCCCCC(40)
    [CH]C(65) + [CH2][CH]CCCCC(551) <=> C2H3(29) + [CH2]CCCCCC(40)
    [CH]C(65) + [CH2]CCCCC[CH2](140) <=> C2H3(29) + [CH2]CCCCCC(40)
    [C]=C(62) + CCCCCCC(555) <=> C2H3(29) + [CH2]CCCCCC(40)
    C2H4(30) + [CH]CCCCCC(545) <=> C2H3(29) + [CH2]CCCCCC(40)
    C2H3(29) + [CH2]CCCCCC(40) <=> C2H4(30) + [CH2]CC[CH]CCC(547)
    C2H3(29) + [CH2]CCCCCC(40) <=> C2H4(30) + [CH2]CCC[CH]CC(548)
    C2H3(29) + [CH2]CCCCCC(40) <=> C2H4(30) + [CH2]C[CH]CCCC(549)
    C2H3(29) + [CH2]CCCCCC(40) <=> C2H4(30) + [CH2]CCCC[CH]C(550)
    C2H3(29) + [CH2]CCCCCC(40) <=> C2H4(30) + [CH2]CCCCC[CH2](140)
    C2H3(29) + [CH2]CCCCCC(40) <=> C=CCCCCCCC(138)
    C2H5(33) + [CH]CCCCCC(545) <=> C2H4(30) + [CH2]CCCCCC(40)
    C2H5(33) + [CH2]C[CH]CCCC(549) <=> C2H4(30) + [CH2]CCCCCC(40)
    C2H5(33) + [CH2]CC[CH]CCC(547) <=> C2H4(30) + [CH2]CCCCCC(40)
    C2H5(33) + [CH2]CCC[CH]CC(548) <=> C2H4(30) + [CH2]CCCCCC(40)
    C2H5(33) + [CH2]CCCC[CH]C(550) <=> C2H4(30) + [CH2]CCCCCC(40)
    C2H5(33) + [CH2][CH]CCCCC(551) <=> C2H4(30) + [CH2]CCCCCC(40)
    C2H5(33) + [CH2]CCCCC[CH2](140) <=> C2H4(30) + [CH2]CCCCCC(40)
    C2H3(29) + CCCCCCC(555) <=> C2H4(30) + [CH2]CCCCCC(40)
    CH3(18) + CCCCCCC(555) <=> CH4(31) + [CH2]CCCCCC(40)
    C2H5(33) + CCCCCCC(555) <=> C2H6(32) + [CH2]CCCCCC(40)
    C2H5(33) + [CH2]CCCCCC(40) <=> C2H6(32) + C=CCCCCC(546)
    C2H5(33) + [CH2]CCCCCC(40) <=> C2H4(30) + CCCCCCC(555)
    [CH]C(65) + CCCCCCC(555) <=> C2H5(33) + [CH2]CCCCCC(40)
    C2H6(32) + [CH]CCCCCC(545) <=> C2H5(33) + [CH2]CCCCCC(40)
    C2H5(33) + [CH2]CCCCCC(40) <=> C2H6(32) + [CH2]CC[CH]CCC(547)
    C2H5(33) + [CH2]CCCCCC(40) <=> C2H6(32) + [CH2]CCC[CH]CC(548)
    C2H5(33) + [CH2]CCCCCC(40) <=> C2H6(32) + [CH2]C[CH]CCCC(549)
    C2H5(33) + [CH2]CCCCCC(40) <=> C2H6(32) + [CH2]CCCC[CH]C(550)
    C2H6(32) + [CH2]CCCCC[CH2](140) <=> C2H5(33) + [CH2]CCCCCC(40)
    C2H5(33) + [CH2]CCCCCC(40) <=> CCCCCCCCC(163)
    CH2CHO(36) + [CH2]CCCCCC(40) <=> CH3CHO(37) + C=CCCCCC(546)
    CH2CHO(36) + [CH2]CCCCCC(40) <=> CH2CO(28) + CCCCCCC(555)
    [CH2][CH]O(126) + [CH]CCCCCC(545) <=> CH2CHO(36) + [CH2]CCCCCC(40)
    [CH2][CH]O(126) + [CH2]C[CH]CCCC(549) <=> CH2CHO(36) + [CH2]CCCCCC(40)
    [CH2][CH]O(126) + [CH2]CC[CH]CCC(547) <=> CH2CHO(36) + [CH2]CCCCCC(40)
    [CH2][CH]O(126) + [CH2]CCC[CH]CC(548) <=> CH2CHO(36) + [CH2]CCCCCC(40)
    [CH2][CH]O(126) + [CH2]CCCC[CH]C(550) <=> CH2CHO(36) + [CH2]CCCCCC(40)
    [CH2][CH]O(126) + [CH2][CH]CCCCC(551) <=> CH2CHO(36) + [CH2]CCCCCC(40)
    [CH2][CH]O(126) + [CH2]CCCCC[CH2](140) <=> CH2CHO(36) + [CH2]CCCCCC(40)
    [CH2]C[O](71) + [CH]CCCCCC(545) <=> CH2CHO(36) + [CH2]CCCCCC(40)
    [CH2]C[O](71) + [CH2]C[CH]CCCC(549) <=> CH2CHO(36) + [CH2]CCCCCC(40)
    [CH2]C[O](71) + [CH2]CC[CH]CCC(547) <=> CH2CHO(36) + [CH2]CCCCCC(40)
    [CH2]C[O](71) + [CH2]CCC[CH]CC(548) <=> CH2CHO(36) + [CH2]CCCCCC(40)
    [CH2]C[O](71) + [CH2]CCCC[CH]C(550) <=> CH2CHO(36) + [CH2]CCCCCC(40)
    [CH2]C[O](71) + [CH2][CH]CCCCC(551) <=> CH2CHO(36) + [CH2]CCCCCC(40)
    [CH2]C[O](71) + [CH2]CCCCC[CH2](140) <=> CH2CHO(36) + [CH2]CCCCCC(40)
    [CH]=C[O](60) + CCCCCCC(555) <=> CH2CHO(36) + [CH2]CCCCCC(40)
    CH3CHO(37) + [CH]CCCCCC(545) <=> CH2CHO(36) + [CH2]CCCCCC(40)
    CH3CHO(37) + [CH2]CC[CH]CCC(547) <=> CH2CHO(36) + [CH2]CCCCCC(40)
    CH3CHO(37) + [CH2]CCC[CH]CC(548) <=> CH2CHO(36) + [CH2]CCCCCC(40)
    CH3CHO(37) + [CH2]C[CH]CCCC(549) <=> CH2CHO(36) + [CH2]CCCCCC(40)
    CH3CHO(37) + [CH2]CCCC[CH]C(550) <=> CH2CHO(36) + [CH2]CCCCCC(40)
    CH3CHO(37) + [CH2]CCCCC[CH2](140) <=> CH2CHO(36) + [CH2]CCCCCC(40)
    CH2CHO(36) + [CH2]CCCCCC(40) <=> [CH2][CH]OCCCCCCC(588)
    CH2CHO(36) + [CH2]CCCCCC(40) <=> [CH2]C([O])CCCCCCC(589)
    CH2CHO(36) + [CH2]CCCCCC(40) <=> CCCCCCCCC=O(590)
    CH2CHO(36) + [CH2]CCCCCC(40) <=> C2H3OH(72) + C=CCCCCC(546)
    C[CH][O](127) + [CH]CCCCCC(545) <=> CH2CHO(36) + [CH2]CCCCCC(40)
    C[CH][O](127) + [CH2]C[CH]CCCC(549) <=> CH2CHO(36) + [CH2]CCCCCC(40)
    C[CH][O](127) + [CH2]CC[CH]CCC(547) <=> CH2CHO(36) + [CH2]CCCCCC(40)
    C[CH][O](127) + [CH2]CCC[CH]CC(548) <=> CH2CHO(36) + [CH2]CCCCCC(40)
    C[CH][O](127) + [CH2]CCCC[CH]C(550) <=> CH2CHO(36) + [CH2]CCCCCC(40)
    C[CH][O](127) + [CH2][CH]CCCCC(551) <=> CH2CHO(36) + [CH2]CCCCCC(40)
    C[CH][O](127) + [CH2]CCCCC[CH2](140) <=> CH2CHO(36) + [CH2]CCCCCC(40)
    C2H3OH(72) + [CH]CCCCCC(545) <=> CH2CHO(36) + [CH2]CCCCCC(40)
    C2H3OH(72) + [CH2]CC[CH]CCC(547) <=> CH2CHO(36) + [CH2]CCCCCC(40)
    C2H3OH(72) + [CH2]CCC[CH]CC(548) <=> CH2CHO(36) + [CH2]CCCCCC(40)
    C2H3OH(72) + [CH2]C[CH]CCCC(549) <=> CH2CHO(36) + [CH2]CCCCCC(40)
    C2H3OH(72) + [CH2]CCCC[CH]C(550) <=> CH2CHO(36) + [CH2]CCCCCC(40)
    C2H3OH(72) + [CH2]CCCCC[CH2](140) <=> CH2CHO(36) + [CH2]CCCCCC(40)
    CH2CHO(36) + [CH2]CCCCCC(40) <=> CCCCCCCC[CH][O](591)
    CH2CHO(36) + [CH2]CCCCCC(40) <=> C=COCCCCCCC(592)
    CH3CHOH(133) + [CH]CCCCCC(545) <=> CH3CHO(37) + [CH2]CCCCCC(40)
    CH3CHOH(133) + [CH2]C[CH]CCCC(549) <=> CH3CHO(37) + [CH2]CCCCCC(40)
    CH3CHOH(133) + [CH2]CC[CH]CCC(547) <=> CH3CHO(37) + [CH2]CCCCCC(40)
    CH3CHOH(133) + [CH2]CCC[CH]CC(548) <=> CH3CHO(37) + [CH2]CCCCCC(40)
    CH3CHOH(133) + [CH2]CCCC[CH]C(550) <=> CH3CHO(37) + [CH2]CCCCCC(40)
    CH3CHOH(133) + [CH2][CH]CCCCC(551) <=> CH3CHO(37) + [CH2]CCCCCC(40)
    CH3CHOH(133) + [CH2]CCCCC[CH2](140) <=> CH3CHO(37) + [CH2]CCCCCC(40)
    CH3CH2O(134) + [CH]CCCCCC(545) <=> CH3CHO(37) + [CH2]CCCCCC(40)
    CH3CH2O(134) + [CH2]C[CH]CCCC(549) <=> CH3CHO(37) + [CH2]CCCCCC(40)
    CH3CH2O(134) + [CH2]CC[CH]CCC(547) <=> CH3CHO(37) + [CH2]CCCCCC(40)
    CH3CH2O(134) + [CH2]CCC[CH]CC(548) <=> CH3CHO(37) + [CH2]CCCCCC(40)
    CH3CH2O(134) + [CH2]CCCC[CH]C(550) <=> CH3CHO(37) + [CH2]CCCCCC(40)
    CH3CH2O(134) + [CH2][CH]CCCCC(551) <=> CH3CHO(37) + [CH2]CCCCCC(40)
    CH3CH2O(134) + [CH2]CCCCC[CH2](140) <=> CH3CHO(37) + [CH2]CCCCCC(40)
    CH3CHO(37) + [CH2]CCCCCC(40) <=> CH2CHO(36) + CCCCCCC(555)
    CH3CHO(37) + [CH2]CCCCCC(40) <=> CH3CO(35) + CCCCCCC(555)
    CH3CHO(37) + [CH2]CCCCCC(40) <=> C[CH]OCCCCCCC(593)
    CH3CHO(37) + [CH2]CCCCCC(40) <=> CCCCCCCC(C)[O](594)
    [CH2]CCCCCC(40) + C12H24(1) <=> CCCCCCC(555) + CCCC[CH]CCCCCCC(43)
    [CH2]CCCCCC(40) + C12H24(1) <=> CCCCCCC(555) + CCCCC[CH]CCCCCC(45)
    [CH2]CCCCCC(40) + C12H24(1) <=> CCCCCCC(555) + CCC[CH]CCCCCCCC(48)
    [CH2]CCCCCC(40) + C12H24(1) <=> CCCCCCC(555) + CC[CH]CCCCCCCCC(50)
    [CH2]CCCCCC(40) + C12H24(1) <=> CCCCCCC(555) + C[CH]CCCCCCCCCC(52)
    CCCCCCC(555) + [CH2]CCCCCCCCCCC(53) <=> [CH2]CCCCCC(40) + C12H24(1)
    O2(2) + [CH2]CCCCCC(40) <=> HO2(10) + C=CCCCCC(546)
    HO2(10) + [CH]CCCCCC(545) <=> O2(2) + [CH2]CCCCCC(40)
    HO2(10) + [CH2]CC[CH]CCC(547) <=> O2(2) + [CH2]CCCCCC(40)
    HO2(10) + [CH2]CCC[CH]CC(548) <=> O2(2) + [CH2]CCCCCC(40)
    HO2(10) + [CH2]C[CH]CCCC(549) <=> O2(2) + [CH2]CCCCCC(40)
    HO2(10) + [CH2]CCCC[CH]C(550) <=> O2(2) + [CH2]CCCCCC(40)
    HO2(10) + [CH2]CCCCC[CH2](140) <=> O2(2) + [CH2]CCCCCC(40)
    O2(2) + [CH2]CCCCCC(40) <=> CCCCCCCO[O](595)
    [CH2]CCCCCC(40) + [CH2]CCCCCC(40) <=> C=CCCCCC(546) + CCCCCCC(555)
    [CH]CCCCCC(545) + CCCCCCC(555) <=> [CH2]CCCCCC(40) + [CH2]CCCCCC(40)
    [CH2]CCCCCC(40) + [CH2]CCCCCC(40) <=> [CH2]CC[CH]CCC(547) + CCCCCCC(555)
    [CH2]CCCCCC(40) + [CH2]CCCCCC(40) <=> [CH2]CCC[CH]CC(548) + CCCCCCC(555)
    [CH2]CCCCCC(40) + [CH2]CCCCCC(40) <=> [CH2]C[CH]CCCC(549) + CCCCCCC(555)
    [CH2]CCCCCC(40) + [CH2]CCCCCC(40) <=> [CH2]CCCC[CH]C(550) + CCCCCCC(555)
    [CH2]CCCCC[CH2](140) + CCCCCCC(555) <=> [CH2]CCCCCC(40) + [CH2]CCCCCC(40)
    [CH2]CCCCCC(40) + [CH2]CCCCCC(40) <=> CCCCCCCCCCCCCC(596)

After model enlargement:
    The model core has 44 species and 396 reactions
    The model edge has 553 species and 1856 reactions


Saving current model core to Chemkin file...
Chemkin file contains 403 reactions.
Saving annotated version of Chemkin file...
Chemkin file contains 403 reactions.
Saving current model core and edge to Chemkin file...
Chemkin file contains 2259 reactions.
Saving annotated version of Chemkin file...
Chemkin file contains 2259 reactions.
Saving current model core to HTML file...
Saving current model edge to HTML file...
Updating RMG execution statistics...
    Execution time (DD:HH:MM:SS): 00:00:00:53
    Memory used: 876.22 MB

Making seed mechanism...
Conducting simulation of reaction system 1...
At time 0.0000e+00 s, species [CH2]CCCC(39) at 0.2969425040107811 exceeded the minimum rate for simulation interruption of 0.1
At time 0.0000e+00 s, species [CH2]CCCCCCCCC(49) at 0.1329678952476369 exceeded the minimum rate for simulation interruption of 0.1
Exceeded max number of objects...removing excess objects
Reached max number of objects...preparing to terminate
At time 0.0000e+00 s, species [CH2]CCCC(39) at rate ratio 0.2969425040107811 exceeded the minimum rate for moving to model core of 0.1
terminating simulation due to interrupt...


Adding species [CH2]CCCC(39) to model core

Summary of Model Enlargement
---------------------------------
Added 1 new core species
    [CH2]CCCC(39)
Created 0 new edge species
Moved 6 reactions from edge to core
    [CH2]CCCC(39) + [CH2]CCCCCC(40) <=> C12H24(1)
    C2H4(30) + [CH2]CC(47) <=> [CH2]CCCC(39)
    CH2(S)(24) + [CH2]CCCC(39) <=> [CH2]CCCCC(44)
    CH2(S)(24) + [CH2]CCCC(39) <=> [CH2]CCCCC(44)
    CH2(T)(17) + [CH2]CCCC(39) <=> [CH2]CCCCC(44)
    C2H4(30) + [CH2]CCCC(39) <=> [CH2]CCCCCC(40)
Added 0 new core reactions
Created 0 new edge reactions

After model enlargement:
    The model core has 45 species and 402 reactions
    The model edge has 552 species and 1850 reactions


At time 2.7611e-04 s, reached target termination conversion: 0.900000 of C12H24(1)
    C12H24(1) conversion: 0.9016    

For reaction generation 1 process is used.
Generating thermo for new species...
Generating kinetics for new reactions...
For reaction CH2O(19) + CH2CHO(36) <=> [CH2]OOC=C(618), Ea raised from 265.9 to 269.2 kJ/mol to match endothermicity of reaction.

Summary of Secondary Model Edge Enlargement
---------------------------------
Added 0 new core species
Created 24 new edge species
    [CH]CCCC(597)
    C=CCCC(598)
    [CH2]C[CH]CC(599)
    [CH2]CC[CH]C(600)
    [CH2][CH]CCC(601)
    C[CH]CCC(602)
    CC[CH]CC(603)
    [CH2]OC=C(604)
    C=CC[O](605)
    [CH2]C([O])C[O](606)
    [CH2][CH]OC[O](607)
    [CH2]OC([CH2])[O](608)
    [CH2][CH]OO[CH2](609)
    [CH2]C1COO1(610)
    [CH2]C1OCO1(611)
    [CH2]OCC=O(612)
    [O]CCC=O(613)
    [O][CH]CC[O](614)
    [CH2]OC[CH][O](615)
    [O]C1CCO1(616)
    [O]C1COC1(617)
    [CH2]OOC=C(618)
    C=COC[O](619)
    CCCCCO[O](620)
Added 4 new core reactions
    CH2(S)(24) + [CH2]CCC(41) <=> [CH2]CCCC(39)
    CH2(S)(24) + [CH2]CCC(41) <=> [CH2]CCCC(39)
    CH2(T)(17) + [CH2]CCC(41) <=> [CH2]CCCC(39)
    CH2O(19) + CH2CHO(36) <=> HCO(14) + CH3CHO(37)
Created 52 new edge reactions
    H(3) + [CH]CCCC(597) <=> [CH2]CCCC(39)
    H(3) + C=CCCC(598) <=> [CH2]CCCC(39)
    C2H5(33) + [CH2]C[CH2](146) <=> [CH2]CCCC(39)
    [CH2][CH2](66) + [CH2]CC(47) <=> [CH2]CCCC(39)
    H(3) + [CH2]C[CH]CC(599) <=> [CH2]CCCC(39)
    CH3(18) + [CH2]CC[CH2](144) <=> [CH2]CCCC(39)
    H(3) + [CH2]CC[CH]C(600) <=> [CH2]CCCC(39)
    H(3) + [CH2][CH]CCC(601) <=> [CH2]CCCC(39)
    H(3) + [CH2]CCC[CH2](142) <=> [CH2]CCCC(39)
    [CH2]CCCC(39) <=> C[CH]CCC(602)
    [CH2]CCCC(39) <=> CC[CH]CC(603)
    [CH2]CCCC(39) <=> C[CH]CCC(602)
    HCO(14) + [CH]C(65) <=> CH2O(19) + C2H3(29)
    CH2OH(34) + [C]=C(62) <=> CH2O(19) + C2H3(29)
    CH2OH(34) + [CH]=[CH](63) <=> CH2O(19) + C2H3(29)
    CH3O(27) + [C]=C(62) <=> CH2O(19) + C2H3(29)
    CH3O(27) + [CH]=[CH](63) <=> CH2O(19) + C2H3(29)
    CH2O(19) + C2H3(29) <=> [CH2]OC=C(604)
    CH2O(19) + C2H3(29) <=> C=CC[O](605)
    [CH2]C([O])C[O](606) <=> CH2O(19) + CH2CHO(36)
    [CH2][CH]OC[O](607) <=> CH2O(19) + CH2CHO(36)
    [CH2]OC([CH2])[O](608) <=> CH2O(19) + CH2CHO(36)
    [CH2][CH]OO[CH2](609) <=> CH2O(19) + CH2CHO(36)
    CH2O(19) + CH2CHO(36) <=> [CH2]C1COO1(610)
    CH2O(19) + CH2CHO(36) <=> [CH2]C1OCO1(611)
    HCO(14) + [CH2][CH]O(126) <=> CH2O(19) + CH2CHO(36)
    HCO(14) + [CH2]C[O](71) <=> CH2O(19) + CH2CHO(36)
    CH2OH(34) + [CH]=C[O](60) <=> CH2O(19) + CH2CHO(36)
    CH2OH(34) + [CH2][C]=O(68) <=> CH2O(19) + CH2CHO(36)
    CH3O(27) + [CH]=C[O](60) <=> CH2O(19) + CH2CHO(36)
    CH3O(27) + [CH2][C]=O(68) <=> CH2O(19) + CH2CHO(36)
    CH2O(19) + CH2CHO(36) <=> [CH2]OCC=O(612)
    CH2O(19) + CH2CHO(36) <=> [O]CCC=O(613)
    [O][CH]CC[O](614) <=> CH2O(19) + CH2CHO(36)
    [CH2]OC[CH][O](615) <=> CH2O(19) + CH2CHO(36)
    CH2O(19) + CH2CHO(36) <=> [O]C1CCO1(616)
    CH2O(19) + CH2CHO(36) <=> [O]C1COC1(617)
    HCO(14) + C[CH][O](127) <=> CH2O(19) + CH2CHO(36)
    HCO(14) + C2H3OH(72) <=> CH2O(19) + CH2CHO(36)
    CH2O(19) + CH2CHO(36) <=> [CH2]OOC=C(618)
    CH2O(19) + CH2CHO(36) <=> C=COC[O](619)
    CH3(18) + [CH]C(65) <=> CH4(31) + C2H3(29)
    CH3(18) + [CH2][CH]O(126) <=> CH4(31) + CH2CHO(36)
    CH3(18) + [CH2]C[O](71) <=> CH4(31) + CH2CHO(36)
    CH3(18) + C[CH][O](127) <=> CH4(31) + CH2CHO(36)
    CH3(18) + C2H3OH(72) <=> CH4(31) + CH2CHO(36)
    O2(2) + [CH2]CCCC(39) <=> HO2(10) + C=CCCC(598)
    HO2(10) + [CH]CCCC(597) <=> O2(2) + [CH2]CCCC(39)
    HO2(10) + [CH2]C[CH]CC(599) <=> O2(2) + [CH2]CCCC(39)
    HO2(10) + [CH2]CC[CH]C(600) <=> O2(2) + [CH2]CCCC(39)
    HO2(10) + [CH2]CCC[CH2](142) <=> O2(2) + [CH2]CCCC(39)
    O2(2) + [CH2]CCCC(39) <=> CCCCCO[O](620)

After model enlargement:
    The model core has 45 species and 406 reactions
    The model edge has 576 species and 1902 reactions


Saving current model core to Chemkin file...
Chemkin file contains 413 reactions.
Saving annotated version of Chemkin file...
Chemkin file contains 413 reactions.
Saving current model core and edge to Chemkin file...
Chemkin file contains 2315 reactions.
Saving annotated version of Chemkin file...
Chemkin file contains 2315 reactions.
Saving current model core to HTML file...
Saving current model edge to HTML file...
Updating RMG execution statistics...
    Execution time (DD:HH:MM:SS): 00:00:00:56
    Memory used: 881.04 MB

Making seed mechanism...
Conducting simulation of reaction system 1...
At time 0.0000e+00 s, species [CH2]CCCCCCCCC(49) at 0.10176704374711182 exceeded the minimum rate for simulation interruption of 0.1
Reached max number of objects...preparing to terminate
At time 0.0000e+00 s, species [CH2]CCCCCCCCC(49) at rate ratio 0.10176704374711182 exceeded the minimum rate for moving to model core of 0.1
terminating simulation due to interrupt...


Adding species [CH2]CCCCCCCCC(49) to model core

Summary of Model Enlargement
---------------------------------
Added 1 new core species
    [CH2]CCCCCCCCC(49)
Created 0 new edge species
Moved 2 reactions from edge to core
    C2H5(33) + [CH2]CCCCCCCCC(49) <=> C12H24(1)
    C2H4(30) + [CH2]CCCCCCC(42) <=> [CH2]CCCCCCCCC(49)
Added 0 new core reactions
Created 0 new edge reactions

After model enlargement:
    The model core has 46 species and 408 reactions
    The model edge has 575 species and 1900 reactions


At time 2.4336e-04 s, reached target termination conversion: 0.900000 of C12H24(1)
    C12H24(1) conversion: 0.9002    

For reaction generation 1 process is used.
Generating thermo for new species...
Generating kinetics for new reactions...

Summary of Secondary Model Edge Enlargement
---------------------------------
Added 0 new core species
Created 15 new edge species
    [CH]CCCCCCCCC(621)
    C=CCCCCCCCC(622)
    [CH2]CCCCCC[CH]CC(623)
    [CH2]CCCCC[CH]CCC(624)
    [CH2]CCCC[CH]CCCC(625)
    [CH2]CCC[CH]CCCCC(626)
    [CH2]CC[CH]CCCCCC(627)
    [CH2]C[CH]CCCCCCC(628)
    [CH2]CCCCCCC[CH]C(629)
    [CH2][CH]CCCCCCCC(630)
    [CH2]CCCCCCCC[CH2](631)
    C[CH]CCCCCCCC(632)
    CC[CH]CCCCCCC(633)
    CCC[CH]CCCCCC(634)
    CCCC[CH]CCCCC(635)
Added 3 new core reactions
    CH2(S)(24) + [CH2]CCCCCCCC(46) <=> [CH2]CCCCCCCCC(49)
    CH2(S)(24) + [CH2]CCCCCCCC(46) <=> [CH2]CCCCCCCCC(49)
    CH2(T)(17) + [CH2]CCCCCCCC(46) <=> [CH2]CCCCCCCCC(49)
Created 26 new edge reactions
    H(3) + [CH]CCCCCCCCC(621) <=> [CH2]CCCCCCCCC(49)
    H(3) + C=CCCCCCCCC(622) <=> [CH2]CCCCCCCCC(49)
    [CH2]CC(47) + [CH2]CCCCC[CH2](140) <=> [CH2]CCCCCCCCC(49)
    C2H5(33) + [CH2]CCCCCC[CH2](149) <=> [CH2]CCCCCCCCC(49)
    H(3) + [CH2]CCCCCC[CH]CC(623) <=> [CH2]CCCCCCCCC(49)
    [CH2]CCC(41) + [CH2]CCCC[CH2](139) <=> [CH2]CCCCCCCCC(49)
    H(3) + [CH2]CCCCC[CH]CCC(624) <=> [CH2]CCCCCCCCC(49)
    [CH2]CCC[CH2](142) + [CH2]CCCC(39) <=> [CH2]CCCCCCCCC(49)
    H(3) + [CH2]CCCC[CH]CCCC(625) <=> [CH2]CCCCCCCCC(49)
    [CH2]CC[CH2](144) + [CH2]CCCCC(44) <=> [CH2]CCCCCCCCC(49)
    H(3) + [CH2]CCC[CH]CCCCC(626) <=> [CH2]CCCCCCCCC(49)
    [CH2]C[CH2](146) + [CH2]CCCCCC(40) <=> [CH2]CCCCCCCCC(49)
    H(3) + [CH2]CC[CH]CCCCCC(627) <=> [CH2]CCCCCCCCC(49)
    [CH2][CH2](66) + [CH2]CCCCCCC(42) <=> [CH2]CCCCCCCCC(49)
    H(3) + [CH2]C[CH]CCCCCCC(628) <=> [CH2]CCCCCCCCC(49)
    CH3(18) + [CH2]CCCCCCC[CH2](152) <=> [CH2]CCCCCCCCC(49)
    H(3) + [CH2]CCCCCCC[CH]C(629) <=> [CH2]CCCCCCCCC(49)
    H(3) + [CH2][CH]CCCCCCCC(630) <=> [CH2]CCCCCCCCC(49)
    H(3) + [CH2]CCCCCCCC[CH2](631) <=> [CH2]CCCCCCCCC(49)
    [CH2]CCCCCCCCC(49) <=> C[CH]CCCCCCCC(632)
    [CH2]CCCCCCCCC(49) <=> CC[CH]CCCCCCC(633)
    [CH2]CCCCCCCCC(49) <=> CCC[CH]CCCCCC(634)
    [CH2]CCCCCCCCC(49) <=> CCCC[CH]CCCCC(635)
    [CH2]CCCCCCCCC(49) <=> CCCC[CH]CCCCC(635)
    [CH2]CCCCCCCCC(49) <=> CCC[CH]CCCCCC(634)
    CC[CH]CCCCCCC(633) <=> [CH2]CCCCCCCCC(49)

After model enlargement:
    The model core has 46 species and 411 reactions
    The model edge has 590 species and 1926 reactions


Saving current model core to Chemkin file...
Chemkin file contains 418 reactions.
Saving annotated version of Chemkin file...
Chemkin file contains 418 reactions.
Saving current model core and edge to Chemkin file...
Chemkin file contains 2344 reactions.
Saving annotated version of Chemkin file...
Chemkin file contains 2344 reactions.
Saving current model core to HTML file...
Saving current model edge to HTML file...
Updating RMG execution statistics...
    Execution time (DD:HH:MM:SS): 00:00:00:58
    Memory used: 885.17 MB

Making seed mechanism...
Conducting simulation of reaction system 1...
At time 5.6402e-10 s, species C[CH]CCCC(519) at 0.1050786591663124 exceeded the minimum rate for simulation interruption of 0.1
Reached max number of objects...preparing to terminate
At time 5.6402e-10 s, species C[CH]CCCC(519) at rate ratio 0.1050786591663124 exceeded the minimum rate for moving to model core of 0.1
terminating simulation due to interrupt...


Adding species C[CH]CCCC(519) to model core

Summary of Model Enlargement
---------------------------------
Added 1 new core species
    C[CH]CCCC(519)
Created 0 new edge species
Moved 2 reactions from edge to core
    [CH2]CCCCC(44) <=> C[CH]CCCC(519)
    [CH2]CCCCC(44) <=> C[CH]CCCC(519)
Added 0 new core reactions
Created 0 new edge reactions

After model enlargement:
    The model core has 47 species and 413 reactions
    The model edge has 589 species and 1924 reactions


At time 2.4470e-04 s, reached target termination conversion: 0.900000 of C12H24(1)
    C12H24(1) conversion: 0.9015    

For reaction generation 1 process is used.
Generating thermo for new species...
Generating kinetics for new reactions...

Summary of Secondary Model Edge Enlargement
---------------------------------
Added 0 new core species
Created 7 new edge species
    [CH2]C(C)CCC(636)
    C[C]CCCC(637)
    CC=CCCC(638)
    C[CH]C[CH]CC(639)
    C[CH]CC[CH]C(640)
    C[CH][CH]CCC(641)
    CCCCC(C)O[O](642)
Added 2 new core reactions
    [CH2]CCCCC(44) <=> C[CH]CCCC(519)
    [CH2]CCCCC(44) <=> C[CH]CCCC(519)
Created 26 new edge reactions
    CH2(S)(24) + C[CH]CCC(602) <=> C[CH]CCCC(519)
    CH2(S)(24) + C[CH]CCC(602) <=> C[CH]CCCC(519)
    [CH2]C(C)CCC(636) <=> C[CH]CCCC(519)
    [CH]C(65) + [CH2]CCC(41) <=> C[CH]CCCC(519)
    CH3(18) + [CH]CCCC(597) <=> C[CH]CCCC(519)
    H(3) + C[C]CCCC(637) <=> C[CH]CCCC(519)
    H(3) + CC=CCCC(638) <=> C[CH]CCCC(519)
    H(3) + C=CCCCC(514) <=> C[CH]CCCC(519)
    C=CC(158) + [CH2]CC(47) <=> C[CH]CCCC(519)
    C2H5(33) + [CH2]C[CH]C(467) <=> C[CH]CCCC(519)
    [CH2][CH]C(159) + [CH2]CC(47) <=> C[CH]CCCC(519)
    H(3) + C[CH]C[CH]CC(639) <=> C[CH]CCCC(519)
    CH3(18) + [CH2]CC[CH]C(600) <=> C[CH]CCCC(519)
    H(3) + C[CH]CC[CH]C(640) <=> C[CH]CCCC(519)
    H(3) + C[CH][CH]CCC(641) <=> C[CH]CCCC(519)
    H(3) + [CH2]CCC[CH]C(517) <=> C[CH]CCCC(519)
    H(3) + [CH2][CH]CCCC(518) <=> C[CH]CCCC(519)
    CC[CH]CCC(520) <=> C[CH]CCCC(519)
    CC[CH]CCC(520) <=> C[CH]CCCC(519)
    O2(2) + C[CH]CCCC(519) <=> HO2(10) + CC=CCCC(638)
    O2(2) + C[CH]CCCC(519) <=> HO2(10) + C=CCCCC(514)
    HO2(10) + C[C]CCCC(637) <=> O2(2) + C[CH]CCCC(519)
    HO2(10) + C[CH]C[CH]CC(639) <=> O2(2) + C[CH]CCCC(519)
    HO2(10) + C[CH]CC[CH]C(640) <=> O2(2) + C[CH]CCCC(519)
    HO2(10) + [CH2]CCC[CH]C(517) <=> O2(2) + C[CH]CCCC(519)
    O2(2) + C[CH]CCCC(519) <=> CCCCC(C)O[O](642)

After model enlargement:
    The model core has 47 species and 415 reactions
    The model edge has 596 species and 1950 reactions


Saving current model core to Chemkin file...
Chemkin file contains 422 reactions.
Saving annotated version of Chemkin file...
Chemkin file contains 422 reactions.
Saving current model core and edge to Chemkin file...
Chemkin file contains 2372 reactions.
Saving annotated version of Chemkin file...
Chemkin file contains 2372 reactions.
Saving current model core to HTML file...
Saving current model edge to HTML file...
Updating RMG execution statistics...
    Execution time (DD:HH:MM:SS): 00:00:01:01
    Memory used: 889.53 MB

Making seed mechanism...
Conducting simulation of reaction system 1...
At time 1.6559e-09 s, species C=CC(158) at 0.10149332731681186 exceeded the minimum rate for simulation interruption of 0.1
Reached max number of objects...preparing to terminate
At time 1.6559e-09 s, species C=CC(158) at rate ratio 0.10149332731681186 exceeded the minimum rate for moving to model core of 0.1
terminating simulation due to interrupt...


Adding species C=CC(158) to model core

Summary of Model Enlargement
---------------------------------
Added 1 new core species
    C=CC(158)
Created 0 new edge species
Moved 5 reactions from edge to core
    H(3) + C=CC(158) <=> [CH2]CC(47)
    O(4) + [CH2]CC(47) <=> OH(5) + C=CC(158)
    OH(5) + [CH2]CC(47) <=> H2O(7) + C=CC(158)
    O2(2) + [CH2]CC(47) <=> HO2(10) + C=CC(158)
    C=CC(158) + [CH2]CC(47) <=> C[CH]CCCC(519)
Added 0 new core reactions
Created 0 new edge reactions

After model enlargement:
    The model core has 48 species and 420 reactions
    The model edge has 595 species and 1945 reactions


At time 2.4322e-04 s, reached target termination conversion: 0.900000 of C12H24(1)
    C12H24(1) conversion: 0.9001    

For reaction generation 1 process is used.
Generating thermo for new species...
Generating kinetics for new reactions...
For reaction O2(2) + C=CC(158) <=> [CH2]C(C)O[O](730), Ea raised from 126.4 to 147.0 kJ/mol to match endothermicity of reaction.
For reaction O2(2) + C=CC(158) <=> C[CH]CO[O](731), Ea raised from 124.7 to 146.1 kJ/mol to match endothermicity of reaction.

Summary of Secondary Model Edge Enlargement
---------------------------------
Added 0 new core species
Created 92 new edge species
    [CH2]C=C(643)
    C=[C]C(644)
    C[C]C(645)
    [CH]CC(646)
    [CH2]C(C)[O](647)
    C[CH]C[O](648)
    [CH2]C(C)O(649)
    C[CH]CO(650)
    CC(C)O(651)
    CC(C)O[O](652)
    [CH2]C(C)OO(653)
    C[CH]COO(654)
    C=CCC=O(655)
    C=C(C)C=O(656)
    CC=CC=O(657)
    C=CC(C)=O(658)
    [C-]=[O+]CC=C(659)
    C=CC[C-]=[OH+](660)
    C=CCOC=O(661)
    C=C(C)OC=O(662)
    CC=COC=O(663)
    C=CC(=O)OC(664)
    C=CCC(=O)O(665)
    C=C(C)C(=O)O(666)
    CC=CC(=O)O(667)
    C[CH]CC([O])=O(668)
    [CH2]C(C)C([O])=O(669)
    C[CH]CO[C]=O(670)
    [CH2]C(C)O[C]=O(671)
    C[CH]CC=O(672)
    [CH2]C(C)C(673)
    C[CH]CC[O](674)
    [CH2]C(C)C[O](675)
    [CH2]OC[CH]C(676)
    [CH2]OC([CH2])C(677)
    CC1COC1(678)
    C=CCOC(679)
    C=CCCO(680)
    [CH]=CC[CH]C(681)
    [CH]=CC([CH2])C(682)
    C=CCC=C(683)
    CCCOC(684)
    COC(C)C(685)
    CC(C)CO(686)
    CCC(C)O(687)
    C=C([O])C[CH]C(688)
    [CH2]C(C)C(=C)[O](689)
    C=[C]OC[CH]C(690)
    [CH2]C(C)O[C]=C(691)
    C[CH]CC[C]=O(692)
    [CH2]C(C)C[C]=O(693)
    CC1CCC1=O(694)
    CC1CC(=O)C1(695)
    C#COC(C)C(696)
    C#COCCC(697)
    C=CCOC=C(698)
    C=CCCC=O(699)
    C=CCC(=C)O(700)
    C=CCC(C)=O(701)
    [CH2]CC([CH2])C(702)
    [CH2]C(C)CC(703)
    [CH2]C([O])C[CH]C(704)
    [CH2]C(C)C([CH2])[O](705)
    [CH2][CH]OC[CH]C(706)
    [CH2][CH]OC([CH2])C(707)
    [CH2]C1CC(C)O1(708)
    [CH2]C1OCC1C(709)
    [CH2]C(C)CC=O(710)
    C[CH]CCC=O(711)
    [CH2]COCC=C(712)
    [CH2]C(O)CC=C(713)
    C[CH]CC[CH][O](714)
    [CH2]C(C)C[CH][O](715)
    [CH2]C(C)OC=C(716)
    C=COC[CH]C(717)
    C=CCCC[O](718)
    C=CCC(C)[O](719)
    C[CH]CC(C)[O](720)
    [CH2]C(C)C(C)[O](721)
    C[CH]CO[CH]C(722)
    [CH2]C(C)O[CH]C(723)
    CC1CC(C)O1(724)
    CC1COC1C(725)
    C=COC(C)C(726)
    C=COCCC(727)
    C=CCOCC(728)
    C=CCC(C)O(729)
    [CH2]C(C)O[O](730)
    C[CH]CO[O](731)
    [CH2]C(C)C[CH]C(732)
    [CH2]C(C)C([CH2])C(733)
    C=CCC(C)C(734)
Added 15 new core reactions
    CH2(S)(24) + C2H4(30) <=> C=CC(158)
    CH3(18) + C2H3(29) <=> C=CC(158)
    H(3) + [CH2]CC(47) <=> H2(6) + C=CC(158)
    HO2(10) + [CH2]CC(47) <=> H2O2(11) + C=CC(158)
    CH2(T)(17) + [CH2]CC(47) <=> CH3(18) + C=CC(158)
    HCO(14) + [CH2]CC(47) <=> CH2O(19) + C=CC(158)
    C2H(21) + [CH2]CC(47) <=> C2H2(22) + C=CC(158)
    CH2OH(34) + [CH2]CC(47) <=> CH3OH(26) + C=CC(158)
    CH3O(27) + [CH2]CC(47) <=> CH3OH(26) + C=CC(158)
    HCCO(20) + [CH2]CC(47) <=> CH2CO(28) + C=CC(158)
    C2H3(29) + [CH2]CC(47) <=> C2H4(30) + C=CC(158)
    CH3(18) + [CH2]CC(47) <=> CH4(31) + C=CC(158)
    C2H5(33) + [CH2]CC(47) <=> C2H6(32) + C=CC(158)
    CH2CHO(36) + [CH2]CC(47) <=> CH3CHO(37) + C=CC(158)
    CH3CO(35) + [CH2]CC(47) <=> CH3CHO(37) + C=CC(158)
Created 230 new edge reactions
    [CH2]C[CH2](146) <=> C=CC(158)
    H(3) + [CH2]C=C(643) <=> C=CC(158)
    H(3) + C=[C]C(644) <=> C=CC(158)
    H(3) + [CH]=CC(374) <=> C=CC(158)
    C[C]C(645) <=> C=CC(158)
    [CH]CC(646) <=> C=CC(158)
    H(3) + C=CC(158) <=> H2(6) + [CH2]C=C(643)
    H(3) + C=CC(158) <=> H2(6) + C=[C]C(644)
    H(3) + C=CC(158) <=> H2(6) + [CH]=CC(374)
    H(3) + C=CC(158) <=> C[CH]C(160)
    O(4) + C=CC(158) <=> OH(5) + [CH2]C=C(643)
    O(4) + C=CC(158) <=> OH(5) + C=[C]C(644)
    O(4) + C=CC(158) <=> OH(5) + [CH]=CC(374)
    O(4) + C=CC(158) <=> [CH2]C(C)[O](647)
    O(4) + C=CC(158) <=> C[CH]C[O](648)
    O(4) + C[CH]C(160) <=> OH(5) + C=CC(158)
    OH(5) + C=CC(158) <=> H2O(7) + [CH2]C=C(643)
    OH(5) + C=CC(158) <=> H2O(7) + C=[C]C(644)
    OH(5) + C=CC(158) <=> H2O(7) + [CH]=CC(374)
    OH(5) + C=CC(158) <=> [CH2]C(C)O(649)
    OH(5) + C=CC(158) <=> C[CH]CO(650)
    H(3) + C[CH]C(160) <=> H2(6) + C=CC(158)
    H2O(7) + C=CC(158) <=> CCCO(166)
    H2O(7) + C=CC(158) <=> CC(C)O(651)
    OH(5) + C[CH]C(160) <=> H2O(7) + C=CC(158)
    O2(2) + C[CH]C(160) <=> HO2(10) + C=CC(158)
    CC(C)O[O](652) <=> HO2(10) + C=CC(158)
    CCCO[O](216) <=> HO2(10) + C=CC(158)
    H2O2(11) + [CH2]C=C(643) <=> HO2(10) + C=CC(158)
    H2O2(11) + C=[C]C(644) <=> HO2(10) + C=CC(158)
    H2O2(11) + [CH]=CC(374) <=> HO2(10) + C=CC(158)
    HO2(10) + C=CC(158) <=> [CH2]C(C)OO(653)
    HO2(10) + C=CC(158) <=> C[CH]COO(654)
    HO2(10) + C[CH]C(160) <=> H2O2(11) + C=CC(158)
    CO(12) + C=CC(158) <=> C=CCC=O(655)
    CO(12) + C=CC(158) <=> C=C(C)C=O(656)
    CO(12) + C=CC(158) <=> CC=CC=O(657)
    CO(12) + C=CC(158) <=> C=CC(C)=O(658)
    HCO(14) + [CH2]C=C(643) <=> CO(12) + C=CC(158)
    HCO(14) + C=[C]C(644) <=> CO(12) + C=CC(158)
    HCO(14) + [CH]=CC(374) <=> CO(12) + C=CC(158)
    [C-]=[O+]CC=C(659) <=> CO(12) + C=CC(158)
    C=CC[C-]=[OH+](660) <=> CO(12) + C=CC(158)
    CO2(13) + C=CC(158) <=> C=CCOC=O(661)
    CO2(13) + C=CC(158) <=> C=C(C)OC=O(662)
    CO2(13) + C=CC(158) <=> CC=COC=O(663)
    CO2(13) + C=CC(158) <=> C=CC(=O)OC(664)
    CO2(13) + C=CC(158) <=> C=CCC(=O)O(665)
    CO2(13) + C=CC(158) <=> C=C(C)C(=O)O(666)
    CO2(13) + C=CC(158) <=> CC=CC(=O)O(667)
    CO2(13) + C=CC(158) <=> C=COC(C)=O(440)
    C[CH]CC([O])=O(668) <=> CO2(13) + C=CC(158)
    [CH2]C(C)C([O])=O(669) <=> CO2(13) + C=CC(158)
    C[CH]CO[C]=O(670) <=> CO2(13) + C=CC(158)
    [CH2]C(C)O[C]=O(671) <=> CO2(13) + C=CC(158)
    HOCO(102) + [CH2]C=C(643) <=> CO2(13) + C=CC(158)
    HOCO(102) + C=[C]C(644) <=> CO2(13) + C=CC(158)
    HOCO(102) + [CH]=CC(374) <=> CO2(13) + C=CC(158)
    [O]C=O(103) + [CH2]C=C(643) <=> CO2(13) + C=CC(158)
    [O]C=O(103) + C=[C]C(644) <=> CO2(13) + C=CC(158)
    [O]C=O(103) + [CH]=CC(374) <=> CO2(13) + C=CC(158)
    C=CCOC=O(661) <=> CO2(13) + C=CC(158)
    C=CCC(=O)O(665) <=> CO2(13) + C=CC(158)
    [C]=O(54) + [CH2]CC(47) <=> HCO(14) + C=CC(158)
    [C]=O(54) + C[CH]C(160) <=> HCO(14) + C=CC(158)
    [CH]O(219) + [CH2]C=C(643) <=> HCO(14) + C=CC(158)
    [CH]O(219) + C=[C]C(644) <=> HCO(14) + C=CC(158)
    [CH]O(219) + [CH]=CC(374) <=> HCO(14) + C=CC(158)
    CH2O(19) + [CH2]C=C(643) <=> HCO(14) + C=CC(158)
    CH2O(19) + C=[C]C(644) <=> HCO(14) + C=CC(158)
    CH2O(19) + [CH]=CC(374) <=> HCO(14) + C=CC(158)
    HCO(14) + C=CC(158) <=> [CH2]C(C)C=O(177)
    HCO(14) + C=CC(158) <=> C[CH]CC=O(672)
    CH2(T)(17) + C[CH]C(160) <=> CH3(18) + C=CC(158)
    CH3(18) + C=CC(158) <=> CH4(31) + [CH2]C=C(643)
    CH3(18) + C=CC(158) <=> CH4(31) + C=[C]C(644)
    CH3(18) + C=CC(158) <=> CH4(31) + [CH]=CC(374)
    CH3(18) + C=CC(158) <=> [CH2]C(C)C(673)
    CH3(18) + C=CC(158) <=> C[CH]CC(469)
    C[CH]CC[O](674) <=> CH2O(19) + C=CC(158)
    [CH2]C(C)C[O](675) <=> CH2O(19) + C=CC(158)
    [CH2]OC[CH]C(676) <=> CH2O(19) + C=CC(158)
    [CH2]OC([CH2])C(677) <=> CH2O(19) + C=CC(158)
    CH2O(19) + C=CC(158) <=> CC1CCO1(447)
    CH2O(19) + C=CC(158) <=> CC1COC1(678)
    HCO(14) + C[CH]C(160) <=> CH2O(19) + C=CC(158)
    CH2OH(34) + [CH2]C=C(643) <=> CH2O(19) + C=CC(158)
    CH2OH(34) + C=[C]C(644) <=> CH2O(19) + C=CC(158)
    CH2OH(34) + [CH]=CC(374) <=> CH2O(19) + C=CC(158)
    CH3O(27) + [CH2]C=C(643) <=> CH2O(19) + C=CC(158)
    CH3O(27) + C=[C]C(644) <=> CH2O(19) + C=CC(158)
    CH3O(27) + [CH]=CC(374) <=> CH2O(19) + C=CC(158)
    C=CCOC(679) <=> CH2O(19) + C=CC(158)
    C=CCCO(680) <=> CH2O(19) + C=CC(158)
    [CH]=CC[CH]C(681) <=> C2H2(22) + C=CC(158)
    [CH]=CC([CH2])C(682) <=> C2H2(22) + C=CC(158)
    C2H(21) + C[CH]C(160) <=> C2H2(22) + C=CC(158)
    C2H3(29) + [CH2]C=C(643) <=> C2H2(22) + C=CC(158)
    C2H3(29) + C=[C]C(644) <=> C2H2(22) + C=CC(158)
    C2H3(29) + [CH]=CC(374) <=> C2H2(22) + C=CC(158)
    C=CCC=C(683) <=> C2H2(22) + C=CC(158)
    CH3OH(26) + C=CC(158) <=> CCCOC(684)
    CH3OH(26) + C=CC(158) <=> COC(C)C(685)
    CH3OH(26) + C=CC(158) <=> CC(C)CO(686)
    CH3OH(26) + C=CC(158) <=> CCC(C)O(687)
    CH2OH(34) + C[CH]C(160) <=> CH3OH(26) + C=CC(158)
    CH3O(27) + C[CH]C(160) <=> CH3OH(26) + C=CC(158)
    C=C([O])C[CH]C(688) <=> CH2CO(28) + C=CC(158)
    [CH2]C(C)C(=C)[O](689) <=> CH2CO(28) + C=CC(158)
    C=[C]OC[CH]C(690) <=> CH2CO(28) + C=CC(158)
    [CH2]C(C)O[C]=C(691) <=> CH2CO(28) + C=CC(158)
    C[CH]CC[C]=O(692) <=> CH2CO(28) + C=CC(158)
    [CH2]C(C)C[C]=O(693) <=> CH2CO(28) + C=CC(158)
    CH2CO(28) + C=CC(158) <=> CC1CCC1=O(694)
    CH2CO(28) + C=CC(158) <=> CC1CC(=O)C1(695)
    HCCO(20) + C[CH]C(160) <=> CH2CO(28) + C=CC(158)
    C=[C]O(69) + [CH2]C=C(643) <=> CH2CO(28) + C=CC(158)
    C=[C]O(69) + C=[C]C(644) <=> CH2CO(28) + C=CC(158)
    C=[C]O(69) + [CH]=CC(374) <=> CH2CO(28) + C=CC(158)
    CH3CO(35) + [CH2]C=C(643) <=> CH2CO(28) + C=CC(158)
    CH3CO(35) + C=[C]C(644) <=> CH2CO(28) + C=CC(158)
    CH3CO(35) + [CH]=CC(374) <=> CH2CO(28) + C=CC(158)
    CH2CHO(36) + [CH2]C=C(643) <=> CH2CO(28) + C=CC(158)
    CH2CHO(36) + C=[C]C(644) <=> CH2CO(28) + C=CC(158)
    CH2CHO(36) + [CH]=CC(374) <=> CH2CO(28) + C=CC(158)
    C#COC(C)C(696) <=> CH2CO(28) + C=CC(158)
    C#COCCC(697) <=> CH2CO(28) + C=CC(158)
    C=CCOC=C(698) <=> CH2CO(28) + C=CC(158)
    C=CCCC=O(699) <=> CH2CO(28) + C=CC(158)
    C=CCC(=C)O(700) <=> CH2CO(28) + C=CC(158)
    C=CCC(C)=O(701) <=> CH2CO(28) + C=CC(158)
    [CH2]CC[CH]C(600) <=> C2H4(30) + C=CC(158)
    [CH2]CC([CH2])C(702) <=> C2H4(30) + C=CC(158)
    C2H3(29) + C[CH]C(160) <=> C2H4(30) + C=CC(158)
    C2H5(33) + [CH2]C=C(643) <=> C2H4(30) + C=CC(158)
    C2H5(33) + C=[C]C(644) <=> C2H4(30) + C=CC(158)
    C2H5(33) + [CH]=CC(374) <=> C2H4(30) + C=CC(158)
    C=CCCC(598) <=> C2H4(30) + C=CC(158)
    CH3(18) + C[CH]C(160) <=> CH4(31) + C=CC(158)
    C2H5(33) + C[CH]C(160) <=> C2H6(32) + C=CC(158)
    [CH]C(65) + [CH2]CC(47) <=> C2H5(33) + C=CC(158)
    [CH]C(65) + C[CH]C(160) <=> C2H5(33) + C=CC(158)
    [CH2][CH2](66) + [CH2]CC(47) <=> C2H5(33) + C=CC(158)
    [CH2][CH2](66) + C[CH]C(160) <=> C2H5(33) + C=CC(158)
    C2H6(32) + [CH2]C=C(643) <=> C2H5(33) + C=CC(158)
    C2H5(33) + C=CC(158) <=> C2H6(32) + C=[C]C(644)
    C2H5(33) + C=CC(158) <=> C2H6(32) + [CH]=CC(374)
    C2H5(33) + C=CC(158) <=> [CH2]C(C)CC(703)
    C2H5(33) + C=CC(158) <=> C[CH]CCC(602)
    [CH2]C([O])C[CH]C(704) <=> CH2CHO(36) + C=CC(158)
    [CH2]C(C)C([CH2])[O](705) <=> CH2CHO(36) + C=CC(158)
    [CH2][CH]OC[CH]C(706) <=> CH2CHO(36) + C=CC(158)
    [CH2][CH]OC([CH2])C(707) <=> CH2CHO(36) + C=CC(158)
    CH2CHO(36) + C=CC(158) <=> [CH2]C1CC(C)O1(708)
    CH2CHO(36) + C=CC(158) <=> [CH2]C1OCC1C(709)
    [CH]=C[O](60) + [CH2]CC(47) <=> CH2CHO(36) + C=CC(158)
    [CH]=C[O](60) + C[CH]C(160) <=> CH2CHO(36) + C=CC(158)
    [CH2][C]=O(68) + [CH2]CC(47) <=> CH2CHO(36) + C=CC(158)
    [CH2][C]=O(68) + C[CH]C(160) <=> CH2CHO(36) + C=CC(158)
    [CH2][CH]O(126) + [CH2]C=C(643) <=> CH2CHO(36) + C=CC(158)
    [CH2][CH]O(126) + C=[C]C(644) <=> CH2CHO(36) + C=CC(158)
    [CH2][CH]O(126) + [CH]=CC(374) <=> CH2CHO(36) + C=CC(158)
    [CH2]C[O](71) + [CH2]C=C(643) <=> CH2CHO(36) + C=CC(158)
    [CH2]C[O](71) + C=[C]C(644) <=> CH2CHO(36) + C=CC(158)
    [CH2]C[O](71) + [CH]=CC(374) <=> CH2CHO(36) + C=CC(158)
    CH2CHO(36) + C=CC(158) <=> CH3CHO(37) + [CH2]C=C(643)
    CH3CHO(37) + C=[C]C(644) <=> CH2CHO(36) + C=CC(158)
    CH3CHO(37) + [CH]=CC(374) <=> CH2CHO(36) + C=CC(158)
    CH2CHO(36) + C=CC(158) <=> [CH2]C(C)CC=O(710)
    CH2CHO(36) + C=CC(158) <=> C[CH]CCC=O(711)
    [CH2]COCC=C(712) <=> CH2CHO(36) + C=CC(158)
    [CH2]C(O)CC=C(713) <=> CH2CHO(36) + C=CC(158)
    C[CH]CC[CH][O](714) <=> CH2CHO(36) + C=CC(158)
    [CH2]C(C)C[CH][O](715) <=> CH2CHO(36) + C=CC(158)
    C[CH][O](127) + [CH2]C=C(643) <=> CH2CHO(36) + C=CC(158)
    C[CH][O](127) + C=[C]C(644) <=> CH2CHO(36) + C=CC(158)
    C[CH][O](127) + [CH]=CC(374) <=> CH2CHO(36) + C=CC(158)
    C2H3OH(72) + [CH2]C=C(643) <=> CH2CHO(36) + C=CC(158)
    C2H3OH(72) + C=[C]C(644) <=> CH2CHO(36) + C=CC(158)
    C2H3OH(72) + [CH]=CC(374) <=> CH2CHO(36) + C=CC(158)
    CH2CHO(36) + C=CC(158) <=> [CH2]C(C)OC=C(716)
    CH2CHO(36) + C=CC(158) <=> C=COC[CH]C(717)
    C=CCCC[O](718) <=> CH2CHO(36) + C=CC(158)
    C=CCC(C)[O](719) <=> CH2CHO(36) + C=CC(158)
    C[CH]CC(C)[O](720) <=> CH3CHO(37) + C=CC(158)
    [CH2]C(C)C(C)[O](721) <=> CH3CHO(37) + C=CC(158)
    C[CH]CO[CH]C(722) <=> CH3CHO(37) + C=CC(158)
    [CH2]C(C)O[CH]C(723) <=> CH3CHO(37) + C=CC(158)
    CH3CHO(37) + C=CC(158) <=> CC1CC(C)O1(724)
    CH3CHO(37) + C=CC(158) <=> CC1COC1C(725)
    CH2CHO(36) + C[CH]C(160) <=> CH3CHO(37) + C=CC(158)
    CH3CO(35) + C[CH]C(160) <=> CH3CHO(37) + C=CC(158)
    CH3CHOH(133) + [CH2]C=C(643) <=> CH3CHO(37) + C=CC(158)
    CH3CHOH(133) + C=[C]C(644) <=> CH3CHO(37) + C=CC(158)
    CH3CHOH(133) + [CH]=CC(374) <=> CH3CHO(37) + C=CC(158)
    CH3CH2O(134) + [CH2]C=C(643) <=> CH3CHO(37) + C=CC(158)
    CH3CH2O(134) + C=[C]C(644) <=> CH3CHO(37) + C=CC(158)
    CH3CH2O(134) + [CH]=CC(374) <=> CH3CHO(37) + C=CC(158)
    C=COC(C)C(726) <=> CH3CHO(37) + C=CC(158)
    C=COCCC(727) <=> CH3CHO(37) + C=CC(158)
    C=CCOCC(728) <=> CH3CHO(37) + C=CC(158)
    C=CCC(C)O(729) <=> CH3CHO(37) + C=CC(158)
    [CH2]CC(47) + CCCC[CH]CCCCCCC(43) <=> C=CC(158) + C12H24(1)
    C[CH]C(160) + CCCC[CH]CCCCCCC(43) <=> C=CC(158) + C12H24(1)
    [CH2]CC(47) + CCCCC[CH]CCCCCC(45) <=> C=CC(158) + C12H24(1)
    C[CH]C(160) + CCCCC[CH]CCCCCC(45) <=> C=CC(158) + C12H24(1)
    [CH2]CC(47) + CCC[CH]CCCCCCCC(48) <=> C=CC(158) + C12H24(1)
    C[CH]C(160) + CCC[CH]CCCCCCCC(48) <=> C=CC(158) + C12H24(1)
    [CH2]CC(47) + CC[CH]CCCCCCCCC(50) <=> C=CC(158) + C12H24(1)
    C[CH]C(160) + CC[CH]CCCCCCCCC(50) <=> C=CC(158) + C12H24(1)
    [CH2]CC(47) + C[CH]CCCCCCCCCC(52) <=> C=CC(158) + C12H24(1)
    C[CH]C(160) + C[CH]CCCCCCCCCC(52) <=> C=CC(158) + C12H24(1)
    [CH2]CC(47) + [CH2]CCCCCCCCCCC(53) <=> C=CC(158) + C12H24(1)
    C[CH]C(160) + [CH2]CCCCCCCCCCC(53) <=> C=CC(158) + C12H24(1)
    HO2(10) + [CH2]C=C(643) <=> O2(2) + C=CC(158)
    HO2(10) + C=[C]C(644) <=> O2(2) + C=CC(158)
    O2(2) + C=CC(158) <=> HO2(10) + [CH]=CC(374)
    O2(2) + C=CC(158) <=> [CH2]C(C)O[O](730)
    O2(2) + C=CC(158) <=> C[CH]CO[O](731)
    C[CH]CC[CH]C(640) <=> C=CC(158) + C=CC(158)
    [CH2]C(C)C[CH]C(732) <=> C=CC(158) + C=CC(158)
    [CH2]C(C)C([CH2])C(733) <=> C=CC(158) + C=CC(158)
    [CH2]C=C(643) + [CH2]CC(47) <=> C=CC(158) + C=CC(158)
    [CH2]C=C(643) + C[CH]C(160) <=> C=CC(158) + C=CC(158)
    C=[C]C(644) + [CH2]CC(47) <=> C=CC(158) + C=CC(158)
    C=[C]C(644) + C[CH]C(160) <=> C=CC(158) + C=CC(158)
    [CH]=CC(374) + [CH2]CC(47) <=> C=CC(158) + C=CC(158)
    [CH]=CC(374) + C[CH]C(160) <=> C=CC(158) + C=CC(158)
    C=CCC(C)C(734) <=> C=CC(158) + C=CC(158)
    C=CCCCC(514) <=> C=CC(158) + C=CC(158)

After model enlargement:
    The model core has 48 species and 435 reactions
    The model edge has 687 species and 2175 reactions


Saving current model core to Chemkin file...
Chemkin file contains 442 reactions.
Saving annotated version of Chemkin file...
Chemkin file contains 442 reactions.
Saving current model core and edge to Chemkin file...
Chemkin file contains 2617 reactions.
Saving annotated version of Chemkin file...
Chemkin file contains 2617 reactions.
Saving current model core to HTML file...
Saving current model edge to HTML file...
Updating RMG execution statistics...
    Execution time (DD:HH:MM:SS): 00:00:01:05
    Memory used: 892.51 MB

Making seed mechanism...
Conducting simulation of reaction system 1...
At time 3.0399e-08 s, species CH3O2(108) at 0.10224771314648862 exceeded the minimum rate for simulation interruption of 0.1
Reached max number of objects...preparing to terminate
At time 3.0399e-08 s, species CH3O2(108) at rate ratio 0.10224771314648862 exceeded the minimum rate for moving to model core of 0.1
terminating simulation due to interrupt...


Adding species CH3O2(108) to model core

Summary of Model Enlargement
---------------------------------
Added 1 new core species
    CH3O2(108)
Created 0 new edge species
Moved 1 reactions from edge to core
    CH3O2(108) <=> O2(2) + CH3(18)
Added 0 new core reactions
Created 0 new edge reactions

After model enlargement:
    The model core has 49 species and 436 reactions
    The model edge has 686 species and 2174 reactions


At time 2.4371e-04 s, reached target termination conversion: 0.900000 of C12H24(1)
    C12H24(1) conversion: 0.9005    

For reaction generation 1 process is used.
Generating thermo for new species...
Generating kinetics for new reactions...
For reaction CH3O2H(253) + [CH2]CCCCCCCCCCC(53) <=> CH3O2(108) + C12H24(1) Ea raised from -7.3 to -7.3 kJ/mol.
For reaction O2(2) + CH3O2(108) <=> COOO[O](739), Ea raised from 79.5 to 85.3 kJ/mol to match endothermicity of reaction.

Summary of Secondary Model Edge Enlargement
---------------------------------
Added 0 new core species
Created 5 new edge species
    COO[C]=O(735)
    [CH2]C(C)C=C(736)
    C=CC[CH]C(737)
    [CH2]COOC(738)
    COOO[O](739)
Added 2 new core reactions
    HO2(10) + CH2(S)(24) <=> CH3O2(108)
    O(4) + CH3O(27) <=> CH3O2(108)
Created 29 new edge reactions
    H(3) + [CH2]O[O](73) <=> CH3O2(108)
    CH3O2(108) <=> [CH2]OO(236)
    OH(5) + CH3O2H(253) <=> H2O(7) + CH3O2(108)
    CO(12) + CH3O2(108) <=> [O]OCC=O(130)
    HCO(14) + [CH2]O[O](73) <=> CO(12) + CH3O2(108)
    CO(12) + CH3O2(108) <=> COO[C]=O(735)
    [C]=C(62) + [CH2]CC(47) <=> C2H3(29) + C=CC(158)
    [C]=C(62) + C[CH]C(160) <=> C2H3(29) + C=CC(158)
    [CH]=[CH](63) + [CH2]CC(47) <=> C2H3(29) + C=CC(158)
    [CH]=[CH](63) + C[CH]C(160) <=> C2H3(29) + C=CC(158)
    [CH]C(65) + [CH2]C=C(643) <=> C2H3(29) + C=CC(158)
    [CH]C(65) + C=[C]C(644) <=> C2H3(29) + C=CC(158)
    [CH]C(65) + [CH]=CC(374) <=> C2H3(29) + C=CC(158)
    C2H3(29) + C=CC(158) <=> C2H4(30) + [CH2]C=C(643)
    C2H3(29) + C=CC(158) <=> C2H4(30) + C=[C]C(644)
    C2H3(29) + C=CC(158) <=> C2H4(30) + [CH]=CC(374)
    C2H3(29) + C=CC(158) <=> [CH2]C(C)C=C(736)
    C2H3(29) + C=CC(158) <=> C=CC[CH]C(737)
    [CH2]O[O](73) + C2H5(33) <=> CH3O2(108) + C2H4(30)
    CH3O2H(253) + C2H3(29) <=> CH3O2(108) + C2H4(30)
    CH3O2(108) + C2H4(30) <=> [CH2]COOC(738)
    CH3O2H(253) + CCCC[CH]CCCCCCC(43) <=> CH3O2(108) + C12H24(1)
    CH3O2H(253) + CCCCC[CH]CCCCCC(45) <=> CH3O2(108) + C12H24(1)
    CH3O2H(253) + CCC[CH]CCCCCCCC(48) <=> CH3O2(108) + C12H24(1)
    CH3O2H(253) + CC[CH]CCCCCCCCC(50) <=> CH3O2(108) + C12H24(1)
    CH3O2H(253) + C[CH]CCCCCCCCCC(52) <=> CH3O2(108) + C12H24(1)
    CH3O2H(253) + [CH2]CCCCCCCCCCC(53) <=> CH3O2(108) + C12H24(1)
    O2(2) + CH3O2(108) <=> HO2(10) + [CH2]O[O](73)
    O2(2) + CH3O2(108) <=> COOO[O](739)

After model enlargement:
    The model core has 49 species and 438 reactions
    The model edge has 691 species and 2203 reactions


Saving current model core to Chemkin file...
Chemkin file contains 445 reactions.
Saving annotated version of Chemkin file...
Chemkin file contains 445 reactions.
Saving current model core and edge to Chemkin file...
Chemkin file contains 2648 reactions.
Saving annotated version of Chemkin file...
Chemkin file contains 2648 reactions.
Saving current model core to HTML file...
Saving current model edge to HTML file...
Updating RMG execution statistics...
    Execution time (DD:HH:MM:SS): 00:00:01:08
    Memory used: 892.74 MB

Making seed mechanism...
Conducting simulation of reaction system 1...
At time 1.7648e-07 s, species CCO[O](125) at 0.1011616308199942 exceeded the minimum rate for simulation interruption of 0.1
Reached max number of objects...preparing to terminate
At time 1.7648e-07 s, species CCO[O](125) at rate ratio 0.1011616308199942 exceeded the minimum rate for moving to model core of 0.1
terminating simulation due to interrupt...


Adding species CCO[O](125) to model core

Summary of Model Enlargement
---------------------------------
Added 1 new core species
    CCO[O](125)
Created 0 new edge species
Moved 2 reactions from edge to core
    CCO[O](125) <=> O2(2) + C2H5(33)
    CCO[O](125) <=> HO2(10) + C2H4(30)
Added 0 new core reactions
Created 0 new edge reactions

After model enlargement:
    The model core has 50 species and 440 reactions
    The model edge has 690 species and 2201 reactions


At time 2.4376e-04 s, reached target termination conversion: 0.900000 of C12H24(1)
    C12H24(1) conversion: 0.9006    

For reaction generation 1 process is used.
Generating thermo for new species...
Generating kinetics for new reactions...
For reaction O2(2) + CCO[O](125) <=> CCOOO[O](741), Ea raised from 74.1 to 80.6 kJ/mol to match endothermicity of reaction.

Summary of Secondary Model Edge Enlargement
---------------------------------
Added 0 new core species
Created 2 new edge species
    C[CH]O[O](740)
    CCOOO[O](741)
Added 1 new core reactions
    CH2(S)(24) + CH3O2(108) <=> CCO[O](125)
Created 9 new edge reactions
    CCO[O](125) <=> O(4) + CH3CH2O(134)
    [CH2]O[O](73) + CH3(18) <=> CCO[O](125)
    H(3) + C[CH]O[O](740) <=> CCO[O](125)
    H(3) + [CH2]CO[O](124) <=> CCO[O](125)
    CCO[O](125) <=> C[CH]OO(242)
    CCO[O](125) <=> [CH2]COO(263)
    HO2(10) + C[CH]O[O](740) <=> O2(2) + CCO[O](125)
    HO2(10) + [CH2]CO[O](124) <=> O2(2) + CCO[O](125)
    O2(2) + CCO[O](125) <=> CCOOO[O](741)

After model enlargement:
    The model core has 50 species and 441 reactions
    The model edge has 692 species and 2210 reactions


Saving current model core to Chemkin file...
Chemkin file contains 448 reactions.
Saving annotated version of Chemkin file...
Chemkin file contains 448 reactions.
Saving current model core and edge to Chemkin file...
Chemkin file contains 2658 reactions.
Saving annotated version of Chemkin file...
Chemkin file contains 2658 reactions.
Saving current model core to HTML file...
Saving current model edge to HTML file...
Updating RMG execution statistics...
    Execution time (DD:HH:MM:SS): 00:00:01:10
    Memory used: 892.97 MB

Making seed mechanism...
Conducting simulation of reaction system 1...
At time 2.0382e-07 s, species [O]OO(79) at 0.10301944356053756 exceeded the minimum rate for simulation interruption of 0.1
At time 2.0382e-07 s, species [O]OO(79) at rate ratio 0.10301944356053756 exceeded the minimum rate for moving to model core of 0.1
terminating simulation due to interrupt...


Adding species [O]OO(79) to model core
Species [O]OO(79) was Forbidden and not added to Core...Removing from Edge.

Summary of Model Enlargement
---------------------------------
Added 0 new core species
Created 0 new edge species
Added 0 new core reactions
Created 0 new edge reactions

After model enlargement:
    The model core has 50 species and 441 reactions
    The model edge has 691 species and 2208 reactions


At time 2.4335e-04 s, reached target termination conversion: 0.900000 of C12H24(1)
    C12H24(1) conversion: 0.9002    

For reaction generation 1 process is used.

Summary of Secondary Model Edge Enlargement
---------------------------------
Added 0 new core species
Created 0 new edge species
Added 0 new core reactions
Created 0 new edge reactions

After model enlargement:
    The model core has 50 species and 441 reactions
    The model edge has 691 species and 2208 reactions


Saving current model core to Chemkin file...
Chemkin file contains 448 reactions.
Saving annotated version of Chemkin file...
Chemkin file contains 448 reactions.
Saving current model core and edge to Chemkin file...
Chemkin file contains 2656 reactions.
Saving annotated version of Chemkin file...
Chemkin file contains 2656 reactions.
Saving current model core to HTML file...
Saving current model edge to HTML file...
Updating RMG execution statistics...
    Execution time (DD:HH:MM:SS): 00:00:01:13
    Memory used: 892.97 MB

Making seed mechanism...
Conducting simulation of reaction system 1...
At time 6.2589e-07 s, species CCCC[CH]CCCCCCC(43) at 0.10140056281822064 exceeded the minimum rate for simulation interruption of 0.1
At time 6.2589e-07 s, species CCCCC[CH]CCCCCC(45) at 0.10140056281822064 exceeded the minimum rate for simulation interruption of 0.1
At time 6.2589e-07 s, species CCC[CH]CCCCCCCC(48) at 0.10140056281822064 exceeded the minimum rate for simulation interruption of 0.1
At time 6.2589e-07 s, species CC[CH]CCCCCCCCC(50) at 0.10140056281822064 exceeded the minimum rate for simulation interruption of 0.1
At time 6.2589e-07 s, species C[CH]CCCCCCCCCC(52) at 0.10144126864803225 exceeded the minimum rate for simulation interruption of 0.1
At time 6.2589e-07 s, species [CH2]CCCCCCCCCCC(53) at 0.10069891983613787 exceeded the minimum rate for simulation interruption of 0.1
Exceeded max number of objects...removing excess objects
At time 6.2589e-07 s, species C[CH]CCCCCCCCCC(52) at rate ratio 0.10144126864803225 exceeded the minimum rate for moving to model core of 0.1
terminating simulation due to interrupt...


Adding species C[CH]CCCCCCCCCC(52) to model core

Summary of Model Enlargement
---------------------------------
Added 1 new core species
    C[CH]CCCCCCCCCC(52)
Created 0 new edge species
Moved 21 reactions from edge to core
    H(3) + C[CH]CCCCCCCCCC(52) <=> C12H24(1)
    HO2(10) + C[CH]CCCCCCCCCC(52) <=> O2(2) + C12H24(1)
    H(3) + C12H24(1) <=> H2(6) + C[CH]CCCCCCCCCC(52)
    O(4) + C12H24(1) <=> OH(5) + C[CH]CCCCCCCCCC(52)
    OH(5) + C12H24(1) <=> H2O(7) + C[CH]CCCCCCCCCC(52)
    H2O2(11) + C[CH]CCCCCCCCCC(52) <=> HO2(10) + C12H24(1)
    HCO(14) + C[CH]CCCCCCCCCC(52) <=> CO(12) + C12H24(1)
    CH2(T)(17) + C12H24(1) <=> CH3(18) + C[CH]CCCCCCCCCC(52)
    CH3(18) + C12H24(1) <=> CH4(31) + C[CH]CCCCCCCCCC(52)
    CH2OH(34) + C[CH]CCCCCCCCCC(52) <=> CH2O(19) + C12H24(1)
    CH3O(27) + C[CH]CCCCCCCCCC(52) <=> CH2O(19) + C12H24(1)
    HCCO(20) + C12H24(1) <=> CH2CO(28) + C[CH]CCCCCCCCCC(52)
    C2H3(29) + C[CH]CCCCCCCCCC(52) <=> C2H2(22) + C12H24(1)
    CH3CO(35) + C[CH]CCCCCCCCCC(52) <=> CH2CO(28) + C12H24(1)
    CH2CHO(36) + C[CH]CCCCCCCCCC(52) <=> CH2CO(28) + C12H24(1)
    C2H5(33) + C[CH]CCCCCCCCCC(52) <=> C2H4(30) + C12H24(1)
    C2H5(33) + C12H24(1) <=> C2H6(32) + C[CH]CCCCCCCCCC(52)
    CH3CHO(37) + C[CH]CCCCCCCCCC(52) <=> CH2CHO(36) + C12H24(1)
    CH2O(19) + C[CH]CCCCCCCCCC(52) <=> HCO(14) + C12H24(1)
    C2H3(29) + C12H24(1) <=> C2H4(30) + C[CH]CCCCCCCCCC(52)
    [CH2]CC(47) + C[CH]CCCCCCCCCC(52) <=> C=CC(158) + C12H24(1)
Added 0 new core reactions
Created 0 new edge reactions

After model enlargement:
    The model core has 51 species and 462 reactions
    The model edge has 690 species and 2187 reactions


At time 2.6463e-04 s, reached target termination conversion: 0.900000 of C12H24(1)
    C12H24(1) conversion: 0.9015    

For reaction generation 1 process is used.
Generating thermo for new species...
Generating kinetics for new reactions...
For reaction CO2(13) + C[CH]CCCCCCCCCC(52) <=> CCCCCCCCCCC(C)O[C]=O(799), Ea raised from 77.3 to 80.4 kJ/mol to match endothermicity of reaction.
For reaction CO2(13) + C[CH]CCCCCCCCCC(52) <=> CCCCCCCCCCC(C)C([O])=O(800), Ea raised from 54.2 to 56.4 kJ/mol to match endothermicity of reaction.

Summary of Secondary Model Edge Enlargement
---------------------------------
Added 0 new core species
Created 74 new edge species
    C[CH]CCCCCCCCC(742)
    [CH2]C(C)CCCCCCCCC(743)
    [CH]CCCCCCCCCC(744)
    C[C]CCCCCCCCCC(745)
    CC=CCCCCCCCCC(746)
    C=CCCCCCCCCCC(747)
    C[CH]CCCCCCC[CH]CC(748)
    C[CH]CCCCCC[CH]CCC(749)
    C[CH]CCCCC[CH]CCCC(750)
    C[CH]CCCC[CH]CCCCC(751)
    C[CH]CCC[CH]CCCCCC(752)
    C[CH]CC[CH]CCCCCCC(753)
    C[CH]C[CH]CCCCCCCC(754)
    [CH2]CCCCCCCC[CH]C(755)
    C[CH]CCCCCCCC[CH]C(756)
    C[CH][CH]CCCCCCCCC(757)
    [CH2]CCCCCCCCC[CH]C(758)
    [CH2][CH]CCCCCCCCCC(759)
    CCCCCCCCCCC(C)O(760)
    CCCCCCCCCCC(C)OO(761)
    C[CH]CCCCCCCC(C=O)CC(762)
    C[CH]CCCCCCC(C=O)CCC(763)
    C[CH]CCCCCC(C=O)CCCC(764)
    C[CH]CCCCC(C=O)CCCCC(765)
    C[CH]CCCC(C=O)CCCCCC(766)
    C[CH]CCC(C=O)CCCCCCC(767)
    C[CH]CC(C=O)CCCCCCCC(768)
    C[CH]CCCCCCCCC(C)C=O(769)
    C[CH]C(C=O)CCCCCCCCC(770)
    C[CH]CCCCCCCCCCC=O(771)
    CCCCCCCCCC[CH]CC=O(772)
    C[CH]CCCCCCCCCC(C)=O(773)
    CCCCCCCCCCC(C)[C]=O(774)
    C[CH]CCCCCCCC(CC)OC=O(775)
    C[CH]CCCCCCC(CCC)OC=O(776)
    C[CH]CCCCCC(CCCC)OC=O(777)
    C[CH]CCCCC(CCCCC)OC=O(778)
    C[CH]CCCC(CCCCCC)OC=O(779)
    C[CH]CCC(CCCCCCC)OC=O(780)
    C[CH]CC(CCCCCCCC)OC=O(781)
    C[CH]CCCCCCCCC(C)OC=O(782)
    C[CH]C(CCCCCCCCC)OC=O(783)
    C[CH]CCCCCCCCCCOC=O(784)
    CCCCCCCCCC[CH]COC=O(785)
    C[CH]CCCCCCCCCC(=O)OC(786)
    C[CH]CCCCCCCC(CC)C(=O)O(787)
    C[CH]CCCCCCC(CCC)C(=O)O(788)
    C[CH]CCCCCC(CCCC)C(=O)O(789)
    C[CH]CCCCC(CCCCC)C(=O)O(790)
    C[CH]CCCC(CCCCCC)C(=O)O(791)
    C[CH]CCC(CCCCCCC)C(=O)O(792)
    C[CH]CC(CCCCCCCC)C(=O)O(793)
    C[CH]CCCCCCCCC(C)C(=O)O(794)
    C[CH]C(CCCCCCCCC)C(=O)O(795)
    C[CH]CCCCCCCCCCC(=O)O(796)
    CCCCCCCCCC[CH]CC(=O)O(797)
    C[CH]CCCCCCCCCOC(C)=O(798)
    CCCCCCCCCCC(C)O[C]=O(799)
    CCCCCCCCCCC(C)C([O])=O(800)
    CCCCCCCCCCC(C)C(801)
    [CH2]OC(C)CCCCCCCCCC(802)
    CCCCCCCCCCC(C)C[O](803)
    [CH]=CC(C)CCCCCCCCCC(804)
    C=[C]OC(C)CCCCCCCCCC(805)
    CCCCCCCCCCC(C)C[C]=O(806)
    C=C([O])C(C)CCCCCCCCCC(807)
    [CH2]CC(C)CCCCCCCCCC(808)
    CCCCCCCCCCC(C)CC(809)
    C[CH]OC(C)CCCCCCCCCC(810)
    CCCCCCCCCCC(C)C(C)[O](811)
    CCCCCCCCCCC(C)O[O](812)
    [CH2]C(C)C(C)CCCCCCCCCC(813)
    C[CH]CC(C)CCCCCCCCCC(814)
    CCCCCCCCCCC(C)C(C)CCCCCCCCCC(815)
Added 5 new core reactions
    C=CC(158) + [CH2]CCCCCCCC(46) <=> C[CH]CCCCCCCCCC(52)
    C2H(21) + C12H24(1) <=> C2H2(22) + C[CH]CCCCCCCCCC(52)
    CH3O(27) + C12H24(1) <=> CH3OH(26) + C[CH]CCCCCCCCCC(52)
    CH3OH(26) + C[CH]CCCCCCCCCC(52) <=> CH2OH(34) + C12H24(1)
    CH3CHO(37) + C[CH]CCCCCCCCCC(52) <=> CH3CO(35) + C12H24(1)
Created 341 new edge reactions
    CH2(S)(24) + C[CH]CCCCCCCCC(742) <=> C[CH]CCCCCCCCCC(52)
    CH2(S)(24) + C[CH]CCCCCCCCC(742) <=> C[CH]CCCCCCCCCC(52)
    [CH2]C(C)CCCCCCCCC(743) <=> C[CH]CCCCCCCCCC(52)
    [CH]C(65) + [CH2]CCCCCCCCC(49) <=> C[CH]CCCCCCCCCC(52)
    CH3(18) + [CH]CCCCCCCCCC(744) <=> C[CH]CCCCCCCCCC(52)
    H(3) + C[C]CCCCCCCCCC(745) <=> C[CH]CCCCCCCCCC(52)
    H(3) + CC=CCCCCCCCCC(746) <=> C[CH]CCCCCCCCCC(52)
    H(3) + C=CCCCCCCCCCC(747) <=> C[CH]CCCCCCCCCC(52)
    [CH2]CC(47) + [CH2]CCCCCC[CH]C(150) <=> C[CH]CCCCCCCCCC(52)
    C2H5(33) + [CH2]CCCCCCC[CH]C(629) <=> C[CH]CCCCCCCCCC(52)
    H(3) + C[CH]CCCCCCC[CH]CC(748) <=> C[CH]CCCCCCCCCC(52)
    [CH2]CCC(41) + [CH2]CCCCC[CH]C(226) <=> C[CH]CCCCCCCCCC(52)
    H(3) + C[CH]CCCCCC[CH]CCC(749) <=> C[CH]CCCCCCCCCC(52)
    [CH2]CCCC(39) + [CH2]CCCC[CH]C(550) <=> C[CH]CCCCCCCCCC(52)
    H(3) + C[CH]CCCCC[CH]CCCC(750) <=> C[CH]CCCCCCCCCC(52)
    [CH2]CCC[CH]C(517) + [CH2]CCCCC(44) <=> C[CH]CCCCCCCCCC(52)
    H(3) + C[CH]CCCC[CH]CCCCC(751) <=> C[CH]CCCCCCCCCC(52)
    [CH2]CC[CH]C(600) + [CH2]CCCCCC(40) <=> C[CH]CCCCCCCCCC(52)
    H(3) + C[CH]CCC[CH]CCCCCC(752) <=> C[CH]CCCCCCCCCC(52)
    [CH2]C[CH]C(467) + [CH2]CCCCCCC(42) <=> C[CH]CCCCCCCCCC(52)
    H(3) + C[CH]CC[CH]CCCCCCC(753) <=> C[CH]CCCCCCCCCC(52)
    [CH2][CH]C(159) + [CH2]CCCCCCCC(46) <=> C[CH]CCCCCCCCCC(52)
    H(3) + C[CH]C[CH]CCCCCCCC(754) <=> C[CH]CCCCCCCCCC(52)
    CH3(18) + [CH2]CCCCCCCC[CH]C(755) <=> C[CH]CCCCCCCCCC(52)
    H(3) + C[CH]CCCCCCCC[CH]C(756) <=> C[CH]CCCCCCCCCC(52)
    H(3) + C[CH][CH]CCCCCCCCC(757) <=> C[CH]CCCCCCCCCC(52)
    H(3) + [CH2]CCCCCCCCC[CH]C(758) <=> C[CH]CCCCCCCCCC(52)
    H(3) + [CH2][CH]CCCCCCCCCC(759) <=> C[CH]CCCCCCCCCC(52)
    CC[CH]CCCCCCCCC(50) <=> C[CH]CCCCCCCCCC(52)
    [CH2]CCCCCCCCCCC(53) <=> C[CH]CCCCCCCCCC(52)
    CCC[CH]CCCCCCCC(48) <=> C[CH]CCCCCCCCCC(52)
    CCCC[CH]CCCCCCC(43) <=> C[CH]CCCCCCCCCC(52)
    CCCCC[CH]CCCCCC(45) <=> C[CH]CCCCCCCCCC(52)
    CCCCC[CH]CCCCCC(45) <=> C[CH]CCCCCCCCCC(52)
    CCCC[CH]CCCCCCC(43) <=> C[CH]CCCCCCCCCC(52)
    CCC[CH]CCCCCCCC(48) <=> C[CH]CCCCCCCCCC(52)
    OH(5) + C[CH]CCCCCCCCCC(52) <=> H2O(7) + CC=CCCCCCCCCC(746)
    OH(5) + C[CH]CCCCCCCCCC(52) <=> H2O(7) + C=CCCCCCCCCCC(747)
    OH(5) + C[CH]CCCCCCCCCC(52) <=> H2O(7) + C[C]CCCCCCCCCC(745)
    OH(5) + C[CH]CCCCCCCCCC(52) <=> H2O(7) + C[CH]CCCCCCC[CH]CC(748)
    OH(5) + C[CH]CCCCCCCCCC(52) <=> H2O(7) + C[CH]CCCCCC[CH]CCC(749)
    OH(5) + C[CH]CCCCCCCCCC(52) <=> H2O(7) + C[CH]CCCCC[CH]CCCC(750)
    OH(5) + C[CH]CCCCCCCCCC(52) <=> H2O(7) + C[CH]CCCC[CH]CCCCC(751)
    OH(5) + C[CH]CCCCCCCCCC(52) <=> H2O(7) + C[CH]CCC[CH]CCCCCC(752)
    OH(5) + C[CH]CCCCCCCCCC(52) <=> H2O(7) + C[CH]CC[CH]CCCCCCC(753)
    OH(5) + C[CH]CCCCCCCCCC(52) <=> H2O(7) + C[CH]C[CH]CCCCCCCC(754)
    OH(5) + C[CH]CCCCCCCCCC(52) <=> H2O(7) + C[CH]CCCCCCCC[CH]C(756)
    OH(5) + C[CH]CCCCCCCCCC(52) <=> H2O(7) + [CH2]CCCCCCCCC[CH]C(758)
    OH(5) + C[CH]CCCCCCCCCC(52) <=> CCCCCCCCCCC(C)O(760)
    HO2(10) + C[CH]CCCCCCCCCC(52) <=> H2O2(11) + CC=CCCCCCCCCC(746)
    HO2(10) + C[CH]CCCCCCCCCC(52) <=> H2O2(11) + C=CCCCCCCCCCC(747)
    H2O2(11) + C[C]CCCCCCCCCC(745) <=> HO2(10) + C[CH]CCCCCCCCCC(52)
    H2O2(11) + C[CH]CCCCCCC[CH]CC(748) <=> HO2(10) + C[CH]CCCCCCCCCC(52)
    H2O2(11) + C[CH]CCCCCC[CH]CCC(749) <=> HO2(10) + C[CH]CCCCCCCCCC(52)
    H2O2(11) + C[CH]CCCCC[CH]CCCC(750) <=> HO2(10) + C[CH]CCCCCCCCCC(52)
    H2O2(11) + C[CH]CCCC[CH]CCCCC(751) <=> HO2(10) + C[CH]CCCCCCCCCC(52)
    H2O2(11) + C[CH]CCC[CH]CCCCCC(752) <=> HO2(10) + C[CH]CCCCCCCCCC(52)
    H2O2(11) + C[CH]CC[CH]CCCCCCC(753) <=> HO2(10) + C[CH]CCCCCCCCCC(52)
    H2O2(11) + C[CH]C[CH]CCCCCCCC(754) <=> HO2(10) + C[CH]CCCCCCCCCC(52)
    H2O2(11) + C[CH]CCCCCCCC[CH]C(756) <=> HO2(10) + C[CH]CCCCCCCCCC(52)
    H2O2(11) + [CH2]CCCCCCCCC[CH]C(758) <=> HO2(10) + C[CH]CCCCCCCCCC(52)
    HO2(10) + C[CH]CCCCCCCCCC(52) <=> CCCCCCCCCCC(C)OO(761)
    CO(12) + C[CH]CCCCCCCCCC(52) <=> C[CH]CCCCCCCC(C=O)CC(762)
    CO(12) + C[CH]CCCCCCCCCC(52) <=> C[CH]CCCCCCC(C=O)CCC(763)
    CO(12) + C[CH]CCCCCCCCCC(52) <=> C[CH]CCCCCC(C=O)CCCC(764)
    CO(12) + C[CH]CCCCCCCCCC(52) <=> C[CH]CCCCC(C=O)CCCCC(765)
    CO(12) + C[CH]CCCCCCCCCC(52) <=> C[CH]CCCC(C=O)CCCCCC(766)
    CO(12) + C[CH]CCCCCCCCCC(52) <=> C[CH]CCC(C=O)CCCCCCC(767)
    CO(12) + C[CH]CCCCCCCCCC(52) <=> C[CH]CC(C=O)CCCCCCCC(768)
    CO(12) + C[CH]CCCCCCCCCC(52) <=> C[CH]CCCCCCCCC(C)C=O(769)
    CO(12) + C[CH]CCCCCCCCCC(52) <=> C[CH]C(C=O)CCCCCCCCC(770)
    CO(12) + C[CH]CCCCCCCCCC(52) <=> C[CH]CCCCCCCCCCC=O(771)
    CO(12) + C[CH]CCCCCCCCCC(52) <=> CCCCCCCCCC[CH]CC=O(772)
    CO(12) + C[CH]CCCCCCCCCC(52) <=> C[CH]CCCCCCCCCC(C)=O(773)
    HCO(14) + C[C]CCCCCCCCCC(745) <=> CO(12) + C[CH]CCCCCCCCCC(52)
    HCO(14) + C[CH]CCCCCCC[CH]CC(748) <=> CO(12) + C[CH]CCCCCCCCCC(52)
    HCO(14) + C[CH]CCCCCC[CH]CCC(749) <=> CO(12) + C[CH]CCCCCCCCCC(52)
    HCO(14) + C[CH]CCCCC[CH]CCCC(750) <=> CO(12) + C[CH]CCCCCCCCCC(52)
    HCO(14) + C[CH]CCCC[CH]CCCCC(751) <=> CO(12) + C[CH]CCCCCCCCCC(52)
    HCO(14) + C[CH]CCC[CH]CCCCCC(752) <=> CO(12) + C[CH]CCCCCCCCCC(52)
    HCO(14) + C[CH]CC[CH]CCCCCCC(753) <=> CO(12) + C[CH]CCCCCCCCCC(52)
    HCO(14) + C[CH]C[CH]CCCCCCCC(754) <=> CO(12) + C[CH]CCCCCCCCCC(52)
    HCO(14) + C[CH]CCCCCCCC[CH]C(756) <=> CO(12) + C[CH]CCCCCCCCCC(52)
    HCO(14) + C[CH][CH]CCCCCCCCC(757) <=> CO(12) + C[CH]CCCCCCCCCC(52)
    HCO(14) + [CH2]CCCCCCCCC[CH]C(758) <=> CO(12) + C[CH]CCCCCCCCCC(52)
    HCO(14) + [CH2][CH]CCCCCCCCCC(759) <=> CO(12) + C[CH]CCCCCCCCCC(52)
    CO(12) + C[CH]CCCCCCCCCC(52) <=> CCCCCCCCCCC(C)[C]=O(774)
    CO2(13) + C[CH]CCCCCCCCCC(52) <=> C[CH]CCCCCCCC(CC)OC=O(775)
    CO2(13) + C[CH]CCCCCCCCCC(52) <=> C[CH]CCCCCCC(CCC)OC=O(776)
    CO2(13) + C[CH]CCCCCCCCCC(52) <=> C[CH]CCCCCC(CCCC)OC=O(777)
    CO2(13) + C[CH]CCCCCCCCCC(52) <=> C[CH]CCCCC(CCCCC)OC=O(778)
    CO2(13) + C[CH]CCCCCCCCCC(52) <=> C[CH]CCCC(CCCCCC)OC=O(779)
    CO2(13) + C[CH]CCCCCCCCCC(52) <=> C[CH]CCC(CCCCCCC)OC=O(780)
    CO2(13) + C[CH]CCCCCCCCCC(52) <=> C[CH]CC(CCCCCCCC)OC=O(781)
    CO2(13) + C[CH]CCCCCCCCCC(52) <=> C[CH]CCCCCCCCC(C)OC=O(782)
    CO2(13) + C[CH]CCCCCCCCCC(52) <=> C[CH]C(CCCCCCCCC)OC=O(783)
    CO2(13) + C[CH]CCCCCCCCCC(52) <=> C[CH]CCCCCCCCCCOC=O(784)
    CO2(13) + C[CH]CCCCCCCCCC(52) <=> CCCCCCCCCC[CH]COC=O(785)
    CO2(13) + C[CH]CCCCCCCCCC(52) <=> C[CH]CCCCCCCCCC(=O)OC(786)
    CO2(13) + C[CH]CCCCCCCCCC(52) <=> C[CH]CCCCCCCC(CC)C(=O)O(787)
    CO2(13) + C[CH]CCCCCCCCCC(52) <=> C[CH]CCCCCCC(CCC)C(=O)O(788)
    CO2(13) + C[CH]CCCCCCCCCC(52) <=> C[CH]CCCCCC(CCCC)C(=O)O(789)
    CO2(13) + C[CH]CCCCCCCCCC(52) <=> C[CH]CCCCC(CCCCC)C(=O)O(790)
    CO2(13) + C[CH]CCCCCCCCCC(52) <=> C[CH]CCCC(CCCCCC)C(=O)O(791)
    CO2(13) + C[CH]CCCCCCCCCC(52) <=> C[CH]CCC(CCCCCCC)C(=O)O(792)
    CO2(13) + C[CH]CCCCCCCCCC(52) <=> C[CH]CC(CCCCCCCC)C(=O)O(793)
    CO2(13) + C[CH]CCCCCCCCCC(52) <=> C[CH]CCCCCCCCC(C)C(=O)O(794)
    CO2(13) + C[CH]CCCCCCCCCC(52) <=> C[CH]C(CCCCCCCCC)C(=O)O(795)
    CO2(13) + C[CH]CCCCCCCCCC(52) <=> C[CH]CCCCCCCCCCC(=O)O(796)
    CO2(13) + C[CH]CCCCCCCCCC(52) <=> CCCCCCCCCC[CH]CC(=O)O(797)
    CO2(13) + C[CH]CCCCCCCCCC(52) <=> C[CH]CCCCCCCCCOC(C)=O(798)
    HOCO(102) + C[C]CCCCCCCCCC(745) <=> CO2(13) + C[CH]CCCCCCCCCC(52)
    HOCO(102) + C[CH]CCCCCCCC[CH]C(756) <=> CO2(13) + C[CH]CCCCCCCCCC(52)
    HOCO(102) + C[CH]CCCCCCC[CH]CC(748) <=> CO2(13) + C[CH]CCCCCCCCCC(52)
    HOCO(102) + C[CH]CCCCCC[CH]CCC(749) <=> CO2(13) + C[CH]CCCCCCCCCC(52)
    HOCO(102) + C[CH]CCCCC[CH]CCCC(750) <=> CO2(13) + C[CH]CCCCCCCCCC(52)
    HOCO(102) + C[CH]CCCC[CH]CCCCC(751) <=> CO2(13) + C[CH]CCCCCCCCCC(52)
    HOCO(102) + C[CH]CCC[CH]CCCCCC(752) <=> CO2(13) + C[CH]CCCCCCCCCC(52)
    HOCO(102) + C[CH]CC[CH]CCCCCCC(753) <=> CO2(13) + C[CH]CCCCCCCCCC(52)
    HOCO(102) + C[CH]C[CH]CCCCCCCC(754) <=> CO2(13) + C[CH]CCCCCCCCCC(52)
    HOCO(102) + C[CH][CH]CCCCCCCCC(757) <=> CO2(13) + C[CH]CCCCCCCCCC(52)
    HOCO(102) + [CH2]CCCCCCCCC[CH]C(758) <=> CO2(13) + C[CH]CCCCCCCCCC(52)
    HOCO(102) + [CH2][CH]CCCCCCCCCC(759) <=> CO2(13) + C[CH]CCCCCCCCCC(52)
    [O]C=O(103) + C[C]CCCCCCCCCC(745) <=> CO2(13) + C[CH]CCCCCCCCCC(52)
    [O]C=O(103) + C[CH]CCCCCCCC[CH]C(756) <=> CO2(13) + C[CH]CCCCCCCCCC(52)
    [O]C=O(103) + C[CH]CCCCCCC[CH]CC(748) <=> CO2(13) + C[CH]CCCCCCCCCC(52)
    [O]C=O(103) + C[CH]CCCCCC[CH]CCC(749) <=> CO2(13) + C[CH]CCCCCCCCCC(52)
    [O]C=O(103) + C[CH]CCCCC[CH]CCCC(750) <=> CO2(13) + C[CH]CCCCCCCCCC(52)
    [O]C=O(103) + C[CH]CCCC[CH]CCCCC(751) <=> CO2(13) + C[CH]CCCCCCCCCC(52)
    [O]C=O(103) + C[CH]CCC[CH]CCCCCC(752) <=> CO2(13) + C[CH]CCCCCCCCCC(52)
    [O]C=O(103) + C[CH]CC[CH]CCCCCCC(753) <=> CO2(13) + C[CH]CCCCCCCCCC(52)
    [O]C=O(103) + C[CH]C[CH]CCCCCCCC(754) <=> CO2(13) + C[CH]CCCCCCCCCC(52)
    [O]C=O(103) + C[CH][CH]CCCCCCCCC(757) <=> CO2(13) + C[CH]CCCCCCCCCC(52)
    [O]C=O(103) + [CH2]CCCCCCCCC[CH]C(758) <=> CO2(13) + C[CH]CCCCCCCCCC(52)
    [O]C=O(103) + [CH2][CH]CCCCCCCCCC(759) <=> CO2(13) + C[CH]CCCCCCCCCC(52)
    CO2(13) + C[CH]CCCCCCCCCC(52) <=> CCCCCCCCCCC(C)O[C]=O(799)
    CO2(13) + C[CH]CCCCCCCCCC(52) <=> CCCCCCCCCCC(C)C([O])=O(800)
    CH3(18) + C[CH]CCCCCCCCCC(52) <=> CH4(31) + CC=CCCCCCCCCC(746)
    CH3(18) + C[CH]CCCCCCCCCC(52) <=> CH4(31) + C=CCCCCCCCCCC(747)
    CH4(31) + C[C]CCCCCCCCCC(745) <=> CH3(18) + C[CH]CCCCCCCCCC(52)
    CH3(18) + C[CH]CCCCCCCCCC(52) <=> CH4(31) + C[CH]CCCCCCC[CH]CC(748)
    CH3(18) + C[CH]CCCCCCCCCC(52) <=> CH4(31) + C[CH]CCCCCC[CH]CCC(749)
    CH3(18) + C[CH]CCCCCCCCCC(52) <=> CH4(31) + C[CH]CCCCC[CH]CCCC(750)
    CH3(18) + C[CH]CCCCCCCCCC(52) <=> CH4(31) + C[CH]CCCC[CH]CCCCC(751)
    CH3(18) + C[CH]CCCCCCCCCC(52) <=> CH4(31) + C[CH]CCC[CH]CCCCCC(752)
    CH3(18) + C[CH]CCCCCCCCCC(52) <=> CH4(31) + C[CH]CC[CH]CCCCCCC(753)
    CH3(18) + C[CH]CCCCCCCCCC(52) <=> CH4(31) + C[CH]C[CH]CCCCCCCC(754)
    CH3(18) + C[CH]CCCCCCCCCC(52) <=> CH4(31) + C[CH]CCCCCCCC[CH]C(756)
    CH3(18) + C[CH]CCCCCCCCCC(52) <=> CH4(31) + [CH2]CCCCCCCCC[CH]C(758)
    CH3(18) + C[CH]CCCCCCCCCC(52) <=> CCCCCCCCCCC(C)C(801)
    CH2OH(34) + C[C]CCCCCCCCCC(745) <=> CH2O(19) + C[CH]CCCCCCCCCC(52)
    CH2OH(34) + C[CH]CCCCCCCC[CH]C(756) <=> CH2O(19) + C[CH]CCCCCCCCCC(52)
    CH2OH(34) + C[CH]CCCCCCC[CH]CC(748) <=> CH2O(19) + C[CH]CCCCCCCCCC(52)
    CH2OH(34) + C[CH]CCCCCC[CH]CCC(749) <=> CH2O(19) + C[CH]CCCCCCCCCC(52)
    CH2OH(34) + C[CH]CCCCC[CH]CCCC(750) <=> CH2O(19) + C[CH]CCCCCCCCCC(52)
    CH2OH(34) + C[CH]CCCC[CH]CCCCC(751) <=> CH2O(19) + C[CH]CCCCCCCCCC(52)
    CH2OH(34) + C[CH]CCC[CH]CCCCCC(752) <=> CH2O(19) + C[CH]CCCCCCCCCC(52)
    CH2OH(34) + C[CH]CC[CH]CCCCCCC(753) <=> CH2O(19) + C[CH]CCCCCCCCCC(52)
    CH2OH(34) + C[CH]C[CH]CCCCCCCC(754) <=> CH2O(19) + C[CH]CCCCCCCCCC(52)
    CH2OH(34) + C[CH][CH]CCCCCCCCC(757) <=> CH2O(19) + C[CH]CCCCCCCCCC(52)
    CH2OH(34) + [CH2]CCCCCCCCC[CH]C(758) <=> CH2O(19) + C[CH]CCCCCCCCCC(52)
    CH2OH(34) + [CH2][CH]CCCCCCCCCC(759) <=> CH2O(19) + C[CH]CCCCCCCCCC(52)
    CH3O(27) + C[C]CCCCCCCCCC(745) <=> CH2O(19) + C[CH]CCCCCCCCCC(52)
    CH3O(27) + C[CH]CCCCCCCC[CH]C(756) <=> CH2O(19) + C[CH]CCCCCCCCCC(52)
    CH3O(27) + C[CH]CCCCCCC[CH]CC(748) <=> CH2O(19) + C[CH]CCCCCCCCCC(52)
    CH3O(27) + C[CH]CCCCCC[CH]CCC(749) <=> CH2O(19) + C[CH]CCCCCCCCCC(52)
    CH3O(27) + C[CH]CCCCC[CH]CCCC(750) <=> CH2O(19) + C[CH]CCCCCCCCCC(52)
    CH3O(27) + C[CH]CCCC[CH]CCCCC(751) <=> CH2O(19) + C[CH]CCCCCCCCCC(52)
    CH3O(27) + C[CH]CCC[CH]CCCCCC(752) <=> CH2O(19) + C[CH]CCCCCCCCCC(52)
    CH3O(27) + C[CH]CC[CH]CCCCCCC(753) <=> CH2O(19) + C[CH]CCCCCCCCCC(52)
    CH3O(27) + C[CH]C[CH]CCCCCCCC(754) <=> CH2O(19) + C[CH]CCCCCCCCCC(52)
    CH3O(27) + C[CH][CH]CCCCCCCCC(757) <=> CH2O(19) + C[CH]CCCCCCCCCC(52)
    CH3O(27) + [CH2]CCCCCCCCC[CH]C(758) <=> CH2O(19) + C[CH]CCCCCCCCCC(52)
    CH3O(27) + [CH2][CH]CCCCCCCCCC(759) <=> CH2O(19) + C[CH]CCCCCCCCCC(52)
    CH2O(19) + C[CH]CCCCCCCCCC(52) <=> [CH2]OC(C)CCCCCCCCCC(802)
    CH2O(19) + C[CH]CCCCCCCCCC(52) <=> CCCCCCCCCCC(C)C[O](803)
    C2H3(29) + C[C]CCCCCCCCCC(745) <=> C2H2(22) + C[CH]CCCCCCCCCC(52)
    C2H3(29) + C[CH]CCCCCCCC[CH]C(756) <=> C2H2(22) + C[CH]CCCCCCCCCC(52)
    C2H3(29) + C[CH]CCCCCCC[CH]CC(748) <=> C2H2(22) + C[CH]CCCCCCCCCC(52)
    C2H3(29) + C[CH]CCCCCC[CH]CCC(749) <=> C2H2(22) + C[CH]CCCCCCCCCC(52)
    C2H3(29) + C[CH]CCCCC[CH]CCCC(750) <=> C2H2(22) + C[CH]CCCCCCCCCC(52)
    C2H3(29) + C[CH]CCCC[CH]CCCCC(751) <=> C2H2(22) + C[CH]CCCCCCCCCC(52)
    C2H3(29) + C[CH]CCC[CH]CCCCCC(752) <=> C2H2(22) + C[CH]CCCCCCCCCC(52)
    C2H3(29) + C[CH]CC[CH]CCCCCCC(753) <=> C2H2(22) + C[CH]CCCCCCCCCC(52)
    C2H3(29) + C[CH]C[CH]CCCCCCCC(754) <=> C2H2(22) + C[CH]CCCCCCCCCC(52)
    C2H3(29) + C[CH][CH]CCCCCCCCC(757) <=> C2H2(22) + C[CH]CCCCCCCCCC(52)
    C2H3(29) + [CH2]CCCCCCCCC[CH]C(758) <=> C2H2(22) + C[CH]CCCCCCCCCC(52)
    C2H3(29) + [CH2][CH]CCCCCCCCCC(759) <=> C2H2(22) + C[CH]CCCCCCCCCC(52)
    C2H2(22) + C[CH]CCCCCCCCCC(52) <=> [CH]=CC(C)CCCCCCCCCC(804)
    C=[C]O(69) + C[C]CCCCCCCCCC(745) <=> CH2CO(28) + C[CH]CCCCCCCCCC(52)
    C=[C]O(69) + C[CH]CCCCCCCC[CH]C(756) <=> CH2CO(28) + C[CH]CCCCCCCCCC(52)
    C=[C]O(69) + C[CH]CCCCCCC[CH]CC(748) <=> CH2CO(28) + C[CH]CCCCCCCCCC(52)
    C=[C]O(69) + C[CH]CCCCCC[CH]CCC(749) <=> CH2CO(28) + C[CH]CCCCCCCCCC(52)
    C=[C]O(69) + C[CH]CCCCC[CH]CCCC(750) <=> CH2CO(28) + C[CH]CCCCCCCCCC(52)
    C=[C]O(69) + C[CH]CCCC[CH]CCCCC(751) <=> CH2CO(28) + C[CH]CCCCCCCCCC(52)
    C=[C]O(69) + C[CH]CCC[CH]CCCCCC(752) <=> CH2CO(28) + C[CH]CCCCCCCCCC(52)
    C=[C]O(69) + C[CH]CC[CH]CCCCCCC(753) <=> CH2CO(28) + C[CH]CCCCCCCCCC(52)
    C=[C]O(69) + C[CH]C[CH]CCCCCCCC(754) <=> CH2CO(28) + C[CH]CCCCCCCCCC(52)
    C=[C]O(69) + C[CH][CH]CCCCCCCCC(757) <=> CH2CO(28) + C[CH]CCCCCCCCCC(52)
    C=[C]O(69) + [CH2]CCCCCCCCC[CH]C(758) <=> CH2CO(28) + C[CH]CCCCCCCCCC(52)
    C=[C]O(69) + [CH2][CH]CCCCCCCCCC(759) <=> CH2CO(28) + C[CH]CCCCCCCCCC(52)
    CH3CO(35) + C[C]CCCCCCCCCC(745) <=> CH2CO(28) + C[CH]CCCCCCCCCC(52)
    CH3CO(35) + C[CH]CCCCCCCC[CH]C(756) <=> CH2CO(28) + C[CH]CCCCCCCCCC(52)
    CH3CO(35) + C[CH]CCCCCCC[CH]CC(748) <=> CH2CO(28) + C[CH]CCCCCCCCCC(52)
    CH3CO(35) + C[CH]CCCCCC[CH]CCC(749) <=> CH2CO(28) + C[CH]CCCCCCCCCC(52)
    CH3CO(35) + C[CH]CCCCC[CH]CCCC(750) <=> CH2CO(28) + C[CH]CCCCCCCCCC(52)
    CH3CO(35) + C[CH]CCCC[CH]CCCCC(751) <=> CH2CO(28) + C[CH]CCCCCCCCCC(52)
    CH3CO(35) + C[CH]CCC[CH]CCCCCC(752) <=> CH2CO(28) + C[CH]CCCCCCCCCC(52)
    CH3CO(35) + C[CH]CC[CH]CCCCCCC(753) <=> CH2CO(28) + C[CH]CCCCCCCCCC(52)
    CH3CO(35) + C[CH]C[CH]CCCCCCCC(754) <=> CH2CO(28) + C[CH]CCCCCCCCCC(52)
    CH3CO(35) + C[CH][CH]CCCCCCCCC(757) <=> CH2CO(28) + C[CH]CCCCCCCCCC(52)
    CH3CO(35) + [CH2]CCCCCCCCC[CH]C(758) <=> CH2CO(28) + C[CH]CCCCCCCCCC(52)
    CH3CO(35) + [CH2][CH]CCCCCCCCCC(759) <=> CH2CO(28) + C[CH]CCCCCCCCCC(52)
    CH2CHO(36) + C[C]CCCCCCCCCC(745) <=> CH2CO(28) + C[CH]CCCCCCCCCC(52)
    CH2CHO(36) + C[CH]CCCCCCCC[CH]C(756) <=> CH2CO(28) + C[CH]CCCCCCCCCC(52)
    CH2CHO(36) + C[CH]CCCCCCC[CH]CC(748) <=> CH2CO(28) + C[CH]CCCCCCCCCC(52)
    CH2CHO(36) + C[CH]CCCCCC[CH]CCC(749) <=> CH2CO(28) + C[CH]CCCCCCCCCC(52)
    CH2CHO(36) + C[CH]CCCCC[CH]CCCC(750) <=> CH2CO(28) + C[CH]CCCCCCCCCC(52)
    CH2CHO(36) + C[CH]CCCC[CH]CCCCC(751) <=> CH2CO(28) + C[CH]CCCCCCCCCC(52)
    CH2CHO(36) + C[CH]CCC[CH]CCCCCC(752) <=> CH2CO(28) + C[CH]CCCCCCCCCC(52)
    CH2CHO(36) + C[CH]CC[CH]CCCCCCC(753) <=> CH2CO(28) + C[CH]CCCCCCCCCC(52)
    CH2CHO(36) + C[CH]C[CH]CCCCCCCC(754) <=> CH2CO(28) + C[CH]CCCCCCCCCC(52)
    CH2CHO(36) + C[CH][CH]CCCCCCCCC(757) <=> CH2CO(28) + C[CH]CCCCCCCCCC(52)
    CH2CHO(36) + [CH2]CCCCCCCCC[CH]C(758) <=> CH2CO(28) + C[CH]CCCCCCCCCC(52)
    CH2CHO(36) + [CH2][CH]CCCCCCCCCC(759) <=> CH2CO(28) + C[CH]CCCCCCCCCC(52)
    CH2CO(28) + C[CH]CCCCCCCCCC(52) <=> C=[C]OC(C)CCCCCCCCCC(805)
    CH2CO(28) + C[CH]CCCCCCCCCC(52) <=> CCCCCCCCCCC(C)C[C]=O(806)
    CH2CO(28) + C[CH]CCCCCCCCCC(52) <=> C=C([O])C(C)CCCCCCCCCC(807)
    C2H5(33) + C[C]CCCCCCCCCC(745) <=> C2H4(30) + C[CH]CCCCCCCCCC(52)
    C2H5(33) + C[CH]CCCCCCCC[CH]C(756) <=> C2H4(30) + C[CH]CCCCCCCCCC(52)
    C2H5(33) + C[CH]CCCCCCC[CH]CC(748) <=> C2H4(30) + C[CH]CCCCCCCCCC(52)
    C2H5(33) + C[CH]CCCCCC[CH]CCC(749) <=> C2H4(30) + C[CH]CCCCCCCCCC(52)
    C2H5(33) + C[CH]CCCCC[CH]CCCC(750) <=> C2H4(30) + C[CH]CCCCCCCCCC(52)
    C2H5(33) + C[CH]CCCC[CH]CCCCC(751) <=> C2H4(30) + C[CH]CCCCCCCCCC(52)
    C2H5(33) + C[CH]CCC[CH]CCCCCC(752) <=> C2H4(30) + C[CH]CCCCCCCCCC(52)
    C2H5(33) + C[CH]CC[CH]CCCCCCC(753) <=> C2H4(30) + C[CH]CCCCCCCCCC(52)
    C2H5(33) + C[CH]C[CH]CCCCCCCC(754) <=> C2H4(30) + C[CH]CCCCCCCCCC(52)
    C2H5(33) + C[CH][CH]CCCCCCCCC(757) <=> C2H4(30) + C[CH]CCCCCCCCCC(52)
    C2H5(33) + [CH2]CCCCCCCCC[CH]C(758) <=> C2H4(30) + C[CH]CCCCCCCCCC(52)
    C2H5(33) + [CH2][CH]CCCCCCCCCC(759) <=> C2H4(30) + C[CH]CCCCCCCCCC(52)
    C2H4(30) + C[CH]CCCCCCCCCC(52) <=> [CH2]CC(C)CCCCCCCCCC(808)
    C2H5(33) + C[CH]CCCCCCCCCC(52) <=> C2H6(32) + CC=CCCCCCCCCC(746)
    C2H5(33) + C[CH]CCCCCCCCCC(52) <=> C2H6(32) + C=CCCCCCCCCCC(747)
    [CH]C(65) + C12H24(1) <=> C2H5(33) + C[CH]CCCCCCCCCC(52)
    C2H6(32) + C[C]CCCCCCCCCC(745) <=> C2H5(33) + C[CH]CCCCCCCCCC(52)
    C2H5(33) + C[CH]CCCCCCCCCC(52) <=> C2H6(32) + C[CH]CCCCCCC[CH]CC(748)
    C2H5(33) + C[CH]CCCCCCCCCC(52) <=> C2H6(32) + C[CH]CCCCCC[CH]CCC(749)
    C2H5(33) + C[CH]CCCCCCCCCC(52) <=> C2H6(32) + C[CH]CCCCC[CH]CCCC(750)
    C2H5(33) + C[CH]CCCCCCCCCC(52) <=> C2H6(32) + C[CH]CCCC[CH]CCCCC(751)
    C2H5(33) + C[CH]CCCCCCCCCC(52) <=> C2H6(32) + C[CH]CCC[CH]CCCCCC(752)
    C2H5(33) + C[CH]CCCCCCCCCC(52) <=> C2H6(32) + C[CH]CC[CH]CCCCCCC(753)
    C2H5(33) + C[CH]CCCCCCCCCC(52) <=> C2H6(32) + C[CH]C[CH]CCCCCCCC(754)
    C2H5(33) + C[CH]CCCCCCCCCC(52) <=> C2H6(32) + C[CH]CCCCCCCC[CH]C(756)
    C2H6(32) + [CH2]CCCCCCCCC[CH]C(758) <=> C2H5(33) + C[CH]CCCCCCCCCC(52)
    C2H5(33) + C[CH]CCCCCCCCCC(52) <=> CCCCCCCCCCC(C)CC(809)
    CH3CHOH(133) + C[C]CCCCCCCCCC(745) <=> CH3CHO(37) + C[CH]CCCCCCCCCC(52)
    CH3CHOH(133) + C[CH]CCCCCCCC[CH]C(756) <=> CH3CHO(37) + C[CH]CCCCCCCCCC(52)
    CH3CHOH(133) + C[CH]CCCCCCC[CH]CC(748) <=> CH3CHO(37) + C[CH]CCCCCCCCCC(52)
    CH3CHOH(133) + C[CH]CCCCCC[CH]CCC(749) <=> CH3CHO(37) + C[CH]CCCCCCCCCC(52)
    CH3CHOH(133) + C[CH]CCCCC[CH]CCCC(750) <=> CH3CHO(37) + C[CH]CCCCCCCCCC(52)
    CH3CHOH(133) + C[CH]CCCC[CH]CCCCC(751) <=> CH3CHO(37) + C[CH]CCCCCCCCCC(52)
    CH3CHOH(133) + C[CH]CCC[CH]CCCCCC(752) <=> CH3CHO(37) + C[CH]CCCCCCCCCC(52)
    CH3CHOH(133) + C[CH]CC[CH]CCCCCCC(753) <=> CH3CHO(37) + C[CH]CCCCCCCCCC(52)
    CH3CHOH(133) + C[CH]C[CH]CCCCCCCC(754) <=> CH3CHO(37) + C[CH]CCCCCCCCCC(52)
    CH3CHOH(133) + C[CH][CH]CCCCCCCCC(757) <=> CH3CHO(37) + C[CH]CCCCCCCCCC(52)
    CH3CHOH(133) + [CH2]CCCCCCCCC[CH]C(758) <=> CH3CHO(37) + C[CH]CCCCCCCCCC(52)
    CH3CHOH(133) + [CH2][CH]CCCCCCCCCC(759) <=> CH3CHO(37) + C[CH]CCCCCCCCCC(52)
    CH3CH2O(134) + C[C]CCCCCCCCCC(745) <=> CH3CHO(37) + C[CH]CCCCCCCCCC(52)
    CH3CH2O(134) + C[CH]CCCCCCCC[CH]C(756) <=> CH3CHO(37) + C[CH]CCCCCCCCCC(52)
    CH3CH2O(134) + C[CH]CCCCCCC[CH]CC(748) <=> CH3CHO(37) + C[CH]CCCCCCCCCC(52)
    CH3CH2O(134) + C[CH]CCCCCC[CH]CCC(749) <=> CH3CHO(37) + C[CH]CCCCCCCCCC(52)
    CH3CH2O(134) + C[CH]CCCCC[CH]CCCC(750) <=> CH3CHO(37) + C[CH]CCCCCCCCCC(52)
    CH3CH2O(134) + C[CH]CCCC[CH]CCCCC(751) <=> CH3CHO(37) + C[CH]CCCCCCCCCC(52)
    CH3CH2O(134) + C[CH]CCC[CH]CCCCCC(752) <=> CH3CHO(37) + C[CH]CCCCCCCCCC(52)
    CH3CH2O(134) + C[CH]CC[CH]CCCCCCC(753) <=> CH3CHO(37) + C[CH]CCCCCCCCCC(52)
    CH3CH2O(134) + C[CH]C[CH]CCCCCCCC(754) <=> CH3CHO(37) + C[CH]CCCCCCCCCC(52)
    CH3CH2O(134) + C[CH][CH]CCCCCCCCC(757) <=> CH3CHO(37) + C[CH]CCCCCCCCCC(52)
    CH3CH2O(134) + [CH2]CCCCCCCCC[CH]C(758) <=> CH3CHO(37) + C[CH]CCCCCCCCCC(52)
    CH3CH2O(134) + [CH2][CH]CCCCCCCCCC(759) <=> CH3CHO(37) + C[CH]CCCCCCCCCC(52)
    CH3CHO(37) + C[CH]CCCCCCCCCC(52) <=> C[CH]OC(C)CCCCCCCCCC(810)
    CH3CHO(37) + C[CH]CCCCCCCCCC(52) <=> CCCCCCCCCCC(C)C(C)[O](811)
    CCCC[CH]CCCCCCC(43) + C12H24(1) <=> C[CH]CCCCCCCCCC(52) + C12H24(1)
    CCCCC[CH]CCCCCC(45) + C12H24(1) <=> C[CH]CCCCCCCCCC(52) + C12H24(1)
    CCC[CH]CCCCCCCC(48) + C12H24(1) <=> C[CH]CCCCCCCCCC(52) + C12H24(1)
    CC[CH]CCCCCCCCC(50) + C12H24(1) <=> C[CH]CCCCCCCCCC(52) + C12H24(1)
    [CH2]CCCCCCCCCCC(53) + C12H24(1) <=> C[CH]CCCCCCCCCC(52) + C12H24(1)
    O2(2) + C[CH]CCCCCCCCCC(52) <=> HO2(10) + CC=CCCCCCCCCC(746)
    O2(2) + C[CH]CCCCCCCCCC(52) <=> HO2(10) + C=CCCCCCCCCCC(747)
    HO2(10) + C[C]CCCCCCCCCC(745) <=> O2(2) + C[CH]CCCCCCCCCC(52)
    HO2(10) + C[CH]CCCCCCC[CH]CC(748) <=> O2(2) + C[CH]CCCCCCCCCC(52)
    HO2(10) + C[CH]CCCCCC[CH]CCC(749) <=> O2(2) + C[CH]CCCCCCCCCC(52)
    HO2(10) + C[CH]CCCCC[CH]CCCC(750) <=> O2(2) + C[CH]CCCCCCCCCC(52)
    HO2(10) + C[CH]CCCC[CH]CCCCC(751) <=> O2(2) + C[CH]CCCCCCCCCC(52)
    HO2(10) + C[CH]CCC[CH]CCCCCC(752) <=> O2(2) + C[CH]CCCCCCCCCC(52)
    HO2(10) + C[CH]CC[CH]CCCCCCC(753) <=> O2(2) + C[CH]CCCCCCCCCC(52)
    HO2(10) + C[CH]C[CH]CCCCCCCC(754) <=> O2(2) + C[CH]CCCCCCCCCC(52)
    HO2(10) + C[CH]CCCCCCCC[CH]C(756) <=> O2(2) + C[CH]CCCCCCCCCC(52)
    HO2(10) + [CH2]CCCCCCCCC[CH]C(758) <=> O2(2) + C[CH]CCCCCCCCCC(52)
    O2(2) + C[CH]CCCCCCCCCC(52) <=> CCCCCCCCCCC(C)O[O](812)
    [CH2]CC(47) + C[C]CCCCCCCCCC(745) <=> C=CC(158) + C[CH]CCCCCCCCCC(52)
    [CH2]CC(47) + C[CH]CCCCCCCC[CH]C(756) <=> C=CC(158) + C[CH]CCCCCCCCCC(52)
    [CH2]CC(47) + C[CH]CCCCCCC[CH]CC(748) <=> C=CC(158) + C[CH]CCCCCCCCCC(52)
    [CH2]CC(47) + C[CH]CCCCCC[CH]CCC(749) <=> C=CC(158) + C[CH]CCCCCCCCCC(52)
    [CH2]CC(47) + C[CH]CCCCC[CH]CCCC(750) <=> C=CC(158) + C[CH]CCCCCCCCCC(52)
    [CH2]CC(47) + C[CH]CCCC[CH]CCCCC(751) <=> C=CC(158) + C[CH]CCCCCCCCCC(52)
    [CH2]CC(47) + C[CH]CCC[CH]CCCCCC(752) <=> C=CC(158) + C[CH]CCCCCCCCCC(52)
    [CH2]CC(47) + C[CH]CC[CH]CCCCCCC(753) <=> C=CC(158) + C[CH]CCCCCCCCCC(52)
    [CH2]CC(47) + C[CH]C[CH]CCCCCCCC(754) <=> C=CC(158) + C[CH]CCCCCCCCCC(52)
    [CH2]CC(47) + C[CH][CH]CCCCCCCCC(757) <=> C=CC(158) + C[CH]CCCCCCCCCC(52)
    [CH2]CC(47) + [CH2]CCCCCCCCC[CH]C(758) <=> C=CC(158) + C[CH]CCCCCCCCCC(52)
    [CH2]CC(47) + [CH2][CH]CCCCCCCCCC(759) <=> C=CC(158) + C[CH]CCCCCCCCCC(52)
    C[CH]C(160) + C[C]CCCCCCCCCC(745) <=> C=CC(158) + C[CH]CCCCCCCCCC(52)
    C[CH]C(160) + C[CH]CCCCCCCC[CH]C(756) <=> C=CC(158) + C[CH]CCCCCCCCCC(52)
    C[CH]C(160) + C[CH]CCCCCCC[CH]CC(748) <=> C=CC(158) + C[CH]CCCCCCCCCC(52)
    C[CH]C(160) + C[CH]CCCCCC[CH]CCC(749) <=> C=CC(158) + C[CH]CCCCCCCCCC(52)
    C[CH]C(160) + C[CH]CCCCC[CH]CCCC(750) <=> C=CC(158) + C[CH]CCCCCCCCCC(52)
    C[CH]C(160) + C[CH]CCCC[CH]CCCCC(751) <=> C=CC(158) + C[CH]CCCCCCCCCC(52)
    C[CH]C(160) + C[CH]CCC[CH]CCCCCC(752) <=> C=CC(158) + C[CH]CCCCCCCCCC(52)
    C[CH]C(160) + C[CH]CC[CH]CCCCCCC(753) <=> C=CC(158) + C[CH]CCCCCCCCCC(52)
    C[CH]C(160) + C[CH]C[CH]CCCCCCCC(754) <=> C=CC(158) + C[CH]CCCCCCCCCC(52)
    C[CH]C(160) + C[CH][CH]CCCCCCCCC(757) <=> C=CC(158) + C[CH]CCCCCCCCCC(52)
    C[CH]C(160) + [CH2]CCCCCCCCC[CH]C(758) <=> C=CC(158) + C[CH]CCCCCCCCCC(52)
    C[CH]C(160) + [CH2][CH]CCCCCCCCCC(759) <=> C=CC(158) + C[CH]CCCCCCCCCC(52)
    C=CC(158) + C[CH]CCCCCCCCCC(52) <=> [CH2]C=C(643) + C12H24(1)
    C=[C]C(644) + C12H24(1) <=> C=CC(158) + C[CH]CCCCCCCCCC(52)
    [CH]=CC(374) + C12H24(1) <=> C=CC(158) + C[CH]CCCCCCCCCC(52)
    C=CC(158) + C[CH]CCCCCCCCCC(52) <=> [CH2]C(C)C(C)CCCCCCCCCC(813)
    C=CC(158) + C[CH]CCCCCCCCCC(52) <=> C[CH]CC(C)CCCCCCCCCC(814)
    C[CH]CCCCCCCCCC(52) + C[CH]CCCCCCCCCC(52) <=> CC=CCCCCCCCCC(746) + C12H24(1)
    C[CH]CCCCCCCCCC(52) + C[CH]CCCCCCCCCC(52) <=> C=CCCCCCCCCCC(747) + C12H24(1)
    C[C]CCCCCCCCCC(745) + C12H24(1) <=> C[CH]CCCCCCCCCC(52) + C[CH]CCCCCCCCCC(52)
    C[CH]CCCCCCC[CH]CC(748) + C12H24(1) <=> C[CH]CCCCCCCCCC(52) + C[CH]CCCCCCCCCC(52)
    C[CH]CCCCCC[CH]CCC(749) + C12H24(1) <=> C[CH]CCCCCCCCCC(52) + C[CH]CCCCCCCCCC(52)
    C[CH]CCCCC[CH]CCCC(750) + C12H24(1) <=> C[CH]CCCCCCCCCC(52) + C[CH]CCCCCCCCCC(52)
    C[CH]CCCC[CH]CCCCC(751) + C12H24(1) <=> C[CH]CCCCCCCCCC(52) + C[CH]CCCCCCCCCC(52)
    C[CH]CCC[CH]CCCCCC(752) + C12H24(1) <=> C[CH]CCCCCCCCCC(52) + C[CH]CCCCCCCCCC(52)
    C[CH]CC[CH]CCCCCCC(753) + C12H24(1) <=> C[CH]CCCCCCCCCC(52) + C[CH]CCCCCCCCCC(52)
    C[CH]C[CH]CCCCCCCC(754) + C12H24(1) <=> C[CH]CCCCCCCCCC(52) + C[CH]CCCCCCCCCC(52)
    C[CH]CCCCCCCC[CH]C(756) + C12H24(1) <=> C[CH]CCCCCCCCCC(52) + C[CH]CCCCCCCCCC(52)
    [CH2]CCCCCCCCC[CH]C(758) + C12H24(1) <=> C[CH]CCCCCCCCCC(52) + C[CH]CCCCCCCCCC(52)
    C[CH]CCCCCCCCCC(52) + C[CH]CCCCCCCCCC(52) <=> CCCCCCCCCCC(C)C(C)CCCCCCCCCC(815)

After model enlargement:
    The model core has 51 species and 467 reactions
    The model edge has 764 species and 2528 reactions


Saving current model core to Chemkin file...
Chemkin file contains 474 reactions.
Saving annotated version of Chemkin file...
Chemkin file contains 474 reactions.
Saving current model core and edge to Chemkin file...
Chemkin file contains 3002 reactions.
Saving annotated version of Chemkin file...
Chemkin file contains 3002 reactions.
Saving current model core to HTML file...
Saving current model edge to HTML file...
Updating RMG execution statistics...
    Execution time (DD:HH:MM:SS): 00:00:01:22
    Memory used: 902.66 MB

Making seed mechanism...
Conducting simulation of reaction system 1...
At time 1.2185e-06 s, species [CH2]CCCCCCCCCCC(53) at 0.10090342872465582 exceeded the minimum rate for simulation interruption of 0.1
At time 1.2185e-06 s, species [CH2]CCCCCCCCCCC(53) at rate ratio 0.10090342872465582 exceeded the minimum rate for moving to model core of 0.1
terminating simulation due to interrupt...


Adding species [CH2]CCCCCCCCCCC(53) to model core

Summary of Model Enlargement
---------------------------------
Added 1 new core species
    [CH2]CCCCCCCCCCC(53)
Created 0 new edge species
Moved 23 reactions from edge to core
    H(3) + [CH2]CCCCCCCCCCC(53) <=> C12H24(1)
    HO2(10) + [CH2]CCCCCCCCCCC(53) <=> O2(2) + C12H24(1)
    H(3) + C12H24(1) <=> H2(6) + [CH2]CCCCCCCCCCC(53)
    O(4) + C12H24(1) <=> OH(5) + [CH2]CCCCCCCCCCC(53)
    OH(5) + C12H24(1) <=> H2O(7) + [CH2]CCCCCCCCCCC(53)
    H2O2(11) + [CH2]CCCCCCCCCCC(53) <=> HO2(10) + C12H24(1)
    HCO(14) + [CH2]CCCCCCCCCCC(53) <=> CO(12) + C12H24(1)
    CH2(T)(17) + C12H24(1) <=> CH3(18) + [CH2]CCCCCCCCCCC(53)
    CH3(18) + C12H24(1) <=> CH4(31) + [CH2]CCCCCCCCCCC(53)
    CH2OH(34) + [CH2]CCCCCCCCCCC(53) <=> CH2O(19) + C12H24(1)
    CH3O(27) + [CH2]CCCCCCCCCCC(53) <=> CH2O(19) + C12H24(1)
    HCCO(20) + C12H24(1) <=> CH2CO(28) + [CH2]CCCCCCCCCCC(53)
    C2H3(29) + [CH2]CCCCCCCCCCC(53) <=> C2H2(22) + C12H24(1)
    CH3CO(35) + [CH2]CCCCCCCCCCC(53) <=> CH2CO(28) + C12H24(1)
    CH2CHO(36) + [CH2]CCCCCCCCCCC(53) <=> CH2CO(28) + C12H24(1)
    C2H5(33) + [CH2]CCCCCCCCCCC(53) <=> C2H4(30) + C12H24(1)
    C2H5(33) + C12H24(1) <=> C2H6(32) + [CH2]CCCCCCCCCCC(53)
    CH3CHO(37) + [CH2]CCCCCCCCCCC(53) <=> CH2CHO(36) + C12H24(1)
    CH2O(19) + [CH2]CCCCCCCCCCC(53) <=> HCO(14) + C12H24(1)
    C2H3(29) + C12H24(1) <=> C2H4(30) + [CH2]CCCCCCCCCCC(53)
    [CH2]CC(47) + [CH2]CCCCCCCCCCC(53) <=> C=CC(158) + C12H24(1)
    [CH2]CCCCCCCCCCC(53) <=> C[CH]CCCCCCCCCC(52)
    [CH2]CCCCCCCCCCC(53) + C12H24(1) <=> C[CH]CCCCCCCCCC(52) + C12H24(1)
Added 0 new core reactions
Created 0 new edge reactions

After model enlargement:
    The model core has 52 species and 490 reactions
    The model edge has 763 species and 2505 reactions


At time 1.0721e-04 s, reached target termination conversion: 0.900000 of C12H24(1)
    C12H24(1) conversion: 0.9005    

For reaction generation 1 process is used.
Generating thermo for new species...
Generating kinetics for new reactions...

Summary of Secondary Model Edge Enlargement
---------------------------------
Added 0 new core species
Created 29 new edge species
    [CH]CCCCCCCCCCC(816)
    [CH2]CCCCCCCC[CH]CC(817)
    [CH2]CCCCCCC[CH]CCC(818)
    [CH2]CCCCCC[CH]CCCC(819)
    [CH2]CCCCC[CH]CCCCC(820)
    [CH2]CCCC[CH]CCCCCC(821)
    [CH2]CCC[CH]CCCCCCC(822)
    [CH2]CC[CH]CCCCCCCC(823)
    [CH2]C[CH]CCCCCCCCC(824)
    [CH2]CCCCCCCCC[CH2](825)
    [CH2]CCCCCCCCCC[CH2](826)
    [CH2]CCCCCCCCC(C=O)CC(827)
    [CH2]CCCCCCCC(C=O)CCC(828)
    [CH2]CCCCCCC(C=O)CCCC(829)
    [CH2]CCCCCC(C=O)CCCCC(830)
    [CH2]CCCCC(C=O)CCCCCC(831)
    [CH2]CCCC(C=O)CCCCCCC(832)
    [CH2]CCC(C=O)CCCCCCCC(833)
    [CH2]CC(C=O)CCCCCCCCC(834)
    [CH2]CCCCCCCCCC(C)C=O(835)
    [CH2]C(C=O)CCCCCCCCCC(836)
    [CH2]CCCCCCCCCCCC=O(837)
    [CH2]CCCCCCCCCCC(C)=O(838)
    CCCCCCCCCCCC[C]=O(839)
    [CH2]CCO(840)
    [CH2]CCCCCCCCCCCCC(841)
    CCCCCCCCCCCCO[O](842)
    [CH2]C(C)CCCCCCCCCCCC(843)
    C[CH]CCCCCCCCCCCCC(844)
Added 1 new core reactions
    C2H4(30) + [CH2]CCCCCCCCC(49) <=> [CH2]CCCCCCCCCCC(53)
Created 119 new edge reactions
    CH2(S)(24) + [CH2]CCCCCCCCCC(51) <=> [CH2]CCCCCCCCCCC(53)
    CH2(S)(24) + [CH2]CCCCCCCCCC(51) <=> [CH2]CCCCCCCCCCC(53)
    CH2(T)(17) + [CH2]CCCCCCCCCC(51) <=> [CH2]CCCCCCCCCCC(53)
    H(3) + [CH]CCCCCCCCCCC(816) <=> [CH2]CCCCCCCCCCC(53)
    H(3) + C=CCCCCCCCCCC(747) <=> [CH2]CCCCCCCCCCC(53)
    [CH2]CC(47) + [CH2]CCCCCCC[CH2](152) <=> [CH2]CCCCCCCCCCC(53)
    C2H5(33) + [CH2]CCCCCCCC[CH2](631) <=> [CH2]CCCCCCCCCCC(53)
    H(3) + [CH2]CCCCCCCC[CH]CC(817) <=> [CH2]CCCCCCCCCCC(53)
    [CH2]CCC(41) + [CH2]CCCCCC[CH2](149) <=> [CH2]CCCCCCCCCCC(53)
    H(3) + [CH2]CCCCCCC[CH]CCC(818) <=> [CH2]CCCCCCCCCCC(53)
    [CH2]CCCC(39) + [CH2]CCCCC[CH2](140) <=> [CH2]CCCCCCCCCCC(53)
    H(3) + [CH2]CCCCCC[CH]CCCC(819) <=> [CH2]CCCCCCCCCCC(53)
    [CH2]CCCC[CH2](139) + [CH2]CCCCC(44) <=> [CH2]CCCCCCCCCCC(53)
    H(3) + [CH2]CCCCC[CH]CCCCC(820) <=> [CH2]CCCCCCCCCCC(53)
    [CH2]CCC[CH2](142) + [CH2]CCCCCC(40) <=> [CH2]CCCCCCCCCCC(53)
    H(3) + [CH2]CCCC[CH]CCCCCC(821) <=> [CH2]CCCCCCCCCCC(53)
    [CH2]CC[CH2](144) + [CH2]CCCCCCC(42) <=> [CH2]CCCCCCCCCCC(53)
    H(3) + [CH2]CCC[CH]CCCCCCC(822) <=> [CH2]CCCCCCCCCCC(53)
    [CH2]C[CH2](146) + [CH2]CCCCCCCC(46) <=> [CH2]CCCCCCCCCCC(53)
    H(3) + [CH2]CC[CH]CCCCCCCC(823) <=> [CH2]CCCCCCCCCCC(53)
    [CH2][CH2](66) + [CH2]CCCCCCCCC(49) <=> [CH2]CCCCCCCCCCC(53)
    H(3) + [CH2]C[CH]CCCCCCCCC(824) <=> [CH2]CCCCCCCCCCC(53)
    CH3(18) + [CH2]CCCCCCCCC[CH2](825) <=> [CH2]CCCCCCCCCCC(53)
    H(3) + [CH2]CCCCCCCCC[CH]C(758) <=> [CH2]CCCCCCCCCCC(53)
    H(3) + [CH2][CH]CCCCCCCCCC(759) <=> [CH2]CCCCCCCCCCC(53)
    H(3) + [CH2]CCCCCCCCCC[CH2](826) <=> [CH2]CCCCCCCCCCC(53)
    [CH2]CCCCCCCCCCC(53) <=> CC[CH]CCCCCCCCC(50)
    [CH2]CCCCCCCCCCC(53) <=> CCC[CH]CCCCCCCC(48)
    [CH2]CCCCCCCCCCC(53) <=> CCCC[CH]CCCCCCC(43)
    [CH2]CCCCCCCCCCC(53) <=> CCCCC[CH]CCCCCC(45)
    [CH2]CCCCCCCCCCC(53) <=> CCCCC[CH]CCCCCC(45)
    [CH2]CCCCCCCCCCC(53) <=> CCCC[CH]CCCCCCC(43)
    CO(12) + [CH2]CCCCCCCCCCC(53) <=> [CH2]CCCCCCCCC(C=O)CC(827)
    CO(12) + [CH2]CCCCCCCCCCC(53) <=> [CH2]CCCCCCCC(C=O)CCC(828)
    CO(12) + [CH2]CCCCCCCCCCC(53) <=> [CH2]CCCCCCC(C=O)CCCC(829)
    CO(12) + [CH2]CCCCCCCCCCC(53) <=> [CH2]CCCCCC(C=O)CCCCC(830)
    CO(12) + [CH2]CCCCCCCCCCC(53) <=> [CH2]CCCCC(C=O)CCCCCC(831)
    CO(12) + [CH2]CCCCCCCCCCC(53) <=> [CH2]CCCC(C=O)CCCCCCC(832)
    CO(12) + [CH2]CCCCCCCCCCC(53) <=> [CH2]CCC(C=O)CCCCCCCC(833)
    CO(12) + [CH2]CCCCCCCCCCC(53) <=> [CH2]CC(C=O)CCCCCCCCC(834)
    CO(12) + [CH2]CCCCCCCCCCC(53) <=> [CH2]CCCCCCCCCC(C)C=O(835)
    CO(12) + [CH2]CCCCCCCCCCC(53) <=> [CH2]C(C=O)CCCCCCCCCC(836)
    CO(12) + [CH2]CCCCCCCCCCC(53) <=> [CH2]CCCCCCCCCCCC=O(837)
    CO(12) + [CH2]CCCCCCCCCCC(53) <=> [CH2]CCCCCCCCCCC(C)=O(838)
    HCO(14) + [CH]CCCCCCCCCCC(816) <=> CO(12) + [CH2]CCCCCCCCCCC(53)
    HCO(14) + [CH2]CCCCCCCC[CH]CC(817) <=> CO(12) + [CH2]CCCCCCCCCCC(53)
    HCO(14) + [CH2]CCCCCCC[CH]CCC(818) <=> CO(12) + [CH2]CCCCCCCCCCC(53)
    HCO(14) + [CH2]CCCCCC[CH]CCCC(819) <=> CO(12) + [CH2]CCCCCCCCCCC(53)
    HCO(14) + [CH2]CCCCC[CH]CCCCC(820) <=> CO(12) + [CH2]CCCCCCCCCCC(53)
    HCO(14) + [CH2]CCCC[CH]CCCCCC(821) <=> CO(12) + [CH2]CCCCCCCCCCC(53)
    HCO(14) + [CH2]CCC[CH]CCCCCCC(822) <=> CO(12) + [CH2]CCCCCCCCCCC(53)
    HCO(14) + [CH2]CC[CH]CCCCCCCC(823) <=> CO(12) + [CH2]CCCCCCCCCCC(53)
    HCO(14) + [CH2]C[CH]CCCCCCCCC(824) <=> CO(12) + [CH2]CCCCCCCCCCC(53)
    HCO(14) + [CH2]CCCCCCCCC[CH]C(758) <=> CO(12) + [CH2]CCCCCCCCCCC(53)
    HCO(14) + [CH2][CH]CCCCCCCCCC(759) <=> CO(12) + [CH2]CCCCCCCCCCC(53)
    HCO(14) + [CH2]CCCCCCCCCC[CH2](826) <=> CO(12) + [CH2]CCCCCCCCCCC(53)
    CO(12) + [CH2]CCCCCCCCCCC(53) <=> CCCCCCCCCCCC[C]=O(839)
    [CH]O(219) + C2H5(33) <=> CH2OH(34) + C2H4(30)
    [CH2][O](59) + C2H5(33) <=> CH2OH(34) + C2H4(30)
    CH2OH(34) + C2H4(30) <=> [CH2]CCO(840)
    C2H5(33) + [CH]CCCCCCCCCCC(816) <=> C2H4(30) + [CH2]CCCCCCCCCCC(53)
    C2H5(33) + [CH2]CCCCCCCCC[CH]C(758) <=> C2H4(30) + [CH2]CCCCCCCCCCC(53)
    C2H5(33) + [CH2]CCCCCCCC[CH]CC(817) <=> C2H4(30) + [CH2]CCCCCCCCCCC(53)
    C2H5(33) + [CH2]CCCCCCC[CH]CCC(818) <=> C2H4(30) + [CH2]CCCCCCCCCCC(53)
    C2H5(33) + [CH2]CCCCCC[CH]CCCC(819) <=> C2H4(30) + [CH2]CCCCCCCCCCC(53)
    C2H5(33) + [CH2]CCCCC[CH]CCCCC(820) <=> C2H4(30) + [CH2]CCCCCCCCCCC(53)
    C2H5(33) + [CH2]CCCC[CH]CCCCCC(821) <=> C2H4(30) + [CH2]CCCCCCCCCCC(53)
    C2H5(33) + [CH2]CCC[CH]CCCCCCC(822) <=> C2H4(30) + [CH2]CCCCCCCCCCC(53)
    C2H5(33) + [CH2]CC[CH]CCCCCCCC(823) <=> C2H4(30) + [CH2]CCCCCCCCCCC(53)
    C2H5(33) + [CH2]C[CH]CCCCCCCCC(824) <=> C2H4(30) + [CH2]CCCCCCCCCCC(53)
    C2H5(33) + [CH2][CH]CCCCCCCCCC(759) <=> C2H4(30) + [CH2]CCCCCCCCCCC(53)
    C2H5(33) + [CH2]CCCCCCCCCC[CH2](826) <=> C2H4(30) + [CH2]CCCCCCCCCCC(53)
    C2H4(30) + [CH2]CCCCCCCCCCC(53) <=> [CH2]CCCCCCCCCCCCC(841)
    [CH2]CCCCCCCCCCC(53) + C12H24(1) <=> CCCC[CH]CCCCCCC(43) + C12H24(1)
    [CH2]CCCCCCCCCCC(53) + C12H24(1) <=> CCCCC[CH]CCCCCC(45) + C12H24(1)
    [CH2]CCCCCCCCCCC(53) + C12H24(1) <=> CCC[CH]CCCCCCCC(48) + C12H24(1)
    [CH2]CCCCCCCCCCC(53) + C12H24(1) <=> CC[CH]CCCCCCCCC(50) + C12H24(1)
    O2(2) + [CH2]CCCCCCCCCCC(53) <=> HO2(10) + C=CCCCCCCCCCC(747)
    HO2(10) + [CH]CCCCCCCCCCC(816) <=> O2(2) + [CH2]CCCCCCCCCCC(53)
    HO2(10) + [CH2]CCCCCCCC[CH]CC(817) <=> O2(2) + [CH2]CCCCCCCCCCC(53)
    HO2(10) + [CH2]CCCCCCC[CH]CCC(818) <=> O2(2) + [CH2]CCCCCCCCCCC(53)
    HO2(10) + [CH2]CCCCCC[CH]CCCC(819) <=> O2(2) + [CH2]CCCCCCCCCCC(53)
    HO2(10) + [CH2]CCCCC[CH]CCCCC(820) <=> O2(2) + [CH2]CCCCCCCCCCC(53)
    HO2(10) + [CH2]CCCC[CH]CCCCCC(821) <=> O2(2) + [CH2]CCCCCCCCCCC(53)
    HO2(10) + [CH2]CCC[CH]CCCCCCC(822) <=> O2(2) + [CH2]CCCCCCCCCCC(53)
    HO2(10) + [CH2]CC[CH]CCCCCCCC(823) <=> O2(2) + [CH2]CCCCCCCCCCC(53)
    HO2(10) + [CH2]C[CH]CCCCCCCCC(824) <=> O2(2) + [CH2]CCCCCCCCCCC(53)
    HO2(10) + [CH2]CCCCCCCCC[CH]C(758) <=> O2(2) + [CH2]CCCCCCCCCCC(53)
    HO2(10) + [CH2]CCCCCCCCCC[CH2](826) <=> O2(2) + [CH2]CCCCCCCCCCC(53)
    O2(2) + [CH2]CCCCCCCCCCC(53) <=> CCCCCCCCCCCCO[O](842)
    [CH2]CC(47) + [CH]CCCCCCCCCCC(816) <=> C=CC(158) + [CH2]CCCCCCCCCCC(53)
    [CH2]CC(47) + [CH2]CCCCCCCCC[CH]C(758) <=> C=CC(158) + [CH2]CCCCCCCCCCC(53)
    [CH2]CC(47) + [CH2]CCCCCCCC[CH]CC(817) <=> C=CC(158) + [CH2]CCCCCCCCCCC(53)
    [CH2]CC(47) + [CH2]CCCCCCC[CH]CCC(818) <=> C=CC(158) + [CH2]CCCCCCCCCCC(53)
    [CH2]CC(47) + [CH2]CCCCCC[CH]CCCC(819) <=> C=CC(158) + [CH2]CCCCCCCCCCC(53)
    [CH2]CC(47) + [CH2]CCCCC[CH]CCCCC(820) <=> C=CC(158) + [CH2]CCCCCCCCCCC(53)
    [CH2]CC(47) + [CH2]CCCC[CH]CCCCCC(821) <=> C=CC(158) + [CH2]CCCCCCCCCCC(53)
    [CH2]CC(47) + [CH2]CCC[CH]CCCCCCC(822) <=> C=CC(158) + [CH2]CCCCCCCCCCC(53)
    [CH2]CC(47) + [CH2]CC[CH]CCCCCCCC(823) <=> C=CC(158) + [CH2]CCCCCCCCCCC(53)
    [CH2]CC(47) + [CH2]C[CH]CCCCCCCCC(824) <=> C=CC(158) + [CH2]CCCCCCCCCCC(53)
    [CH2]CC(47) + [CH2][CH]CCCCCCCCCC(759) <=> C=CC(158) + [CH2]CCCCCCCCCCC(53)
    [CH2]CC(47) + [CH2]CCCCCCCCCC[CH2](826) <=> C=CC(158) + [CH2]CCCCCCCCCCC(53)
    C[CH]C(160) + [CH]CCCCCCCCCCC(816) <=> C=CC(158) + [CH2]CCCCCCCCCCC(53)
    C[CH]C(160) + [CH2]CCCCCCCCC[CH]C(758) <=> C=CC(158) + [CH2]CCCCCCCCCCC(53)
    C[CH]C(160) + [CH2]CCCCCCCC[CH]CC(817) <=> C=CC(158) + [CH2]CCCCCCCCCCC(53)
    C[CH]C(160) + [CH2]CCCCCCC[CH]CCC(818) <=> C=CC(158) + [CH2]CCCCCCCCCCC(53)
    C[CH]C(160) + [CH2]CCCCCC[CH]CCCC(819) <=> C=CC(158) + [CH2]CCCCCCCCCCC(53)
    C[CH]C(160) + [CH2]CCCCC[CH]CCCCC(820) <=> C=CC(158) + [CH2]CCCCCCCCCCC(53)
    C[CH]C(160) + [CH2]CCCC[CH]CCCCCC(821) <=> C=CC(158) + [CH2]CCCCCCCCCCC(53)
    C[CH]C(160) + [CH2]CCC[CH]CCCCCCC(822) <=> C=CC(158) + [CH2]CCCCCCCCCCC(53)
    C[CH]C(160) + [CH2]CC[CH]CCCCCCCC(823) <=> C=CC(158) + [CH2]CCCCCCCCCCC(53)
    C[CH]C(160) + [CH2]C[CH]CCCCCCCCC(824) <=> C=CC(158) + [CH2]CCCCCCCCCCC(53)
    C[CH]C(160) + [CH2][CH]CCCCCCCCCC(759) <=> C=CC(158) + [CH2]CCCCCCCCCCC(53)
    C[CH]C(160) + [CH2]CCCCCCCCCC[CH2](826) <=> C=CC(158) + [CH2]CCCCCCCCCCC(53)
    C=CC(158) + [CH2]CCCCCCCCCCC(53) <=> [CH2]C=C(643) + C12H24(1)
    C=[C]C(644) + C12H24(1) <=> C=CC(158) + [CH2]CCCCCCCCCCC(53)
    [CH]=CC(374) + C12H24(1) <=> C=CC(158) + [CH2]CCCCCCCCCCC(53)
    C=CC(158) + [CH2]CCCCCCCCCCC(53) <=> [CH2]C(C)CCCCCCCCCCCC(843)
    C=CC(158) + [CH2]CCCCCCCCCCC(53) <=> C[CH]CCCCCCCCCCCCC(844)

After model enlargement:
    The model core has 52 species and 491 reactions
    The model edge has 792 species and 2624 reactions


Saving current model core to Chemkin file...
Chemkin file contains 498 reactions.
Saving annotated version of Chemkin file...
Chemkin file contains 498 reactions.
Saving current model core and edge to Chemkin file...
Chemkin file contains 3122 reactions.
Saving annotated version of Chemkin file...
Chemkin file contains 3122 reactions.
Saving current model core to HTML file...
Saving current model edge to HTML file...
Updating RMG execution statistics...
    Execution time (DD:HH:MM:SS): 00:00:01:27
    Memory used: 902.66 MB

Making seed mechanism...
Conducting simulation of reaction system 1...
At time 9.6273e-07 s, species CCCC[CH]CCCCCCC(43) at 0.10036032639487012 exceeded the minimum rate for simulation interruption of 0.1
At time 9.6273e-07 s, species CCCC[CH]CCCCCCC(43) at rate ratio 0.10036032639487012 exceeded the minimum rate for moving to model core of 0.1
terminating simulation due to interrupt...


Adding species CCCC[CH]CCCCCCC(43) to model core

Summary of Model Enlargement
---------------------------------
Added 1 new core species
    CCCC[CH]CCCCCCC(43)
Created 0 new edge species
Moved 27 reactions from edge to core
    H(3) + CCCC[CH]CCCCCCC(43) <=> C12H24(1)
    HO2(10) + CCCC[CH]CCCCCCC(43) <=> O2(2) + C12H24(1)
    H(3) + C12H24(1) <=> H2(6) + CCCC[CH]CCCCCCC(43)
    O(4) + C12H24(1) <=> OH(5) + CCCC[CH]CCCCCCC(43)
    OH(5) + C12H24(1) <=> H2O(7) + CCCC[CH]CCCCCCC(43)
    H2O2(11) + CCCC[CH]CCCCCCC(43) <=> HO2(10) + C12H24(1)
    HCO(14) + CCCC[CH]CCCCCCC(43) <=> CO(12) + C12H24(1)
    CH2(T)(17) + C12H24(1) <=> CH3(18) + CCCC[CH]CCCCCCC(43)
    CH3(18) + C12H24(1) <=> CH4(31) + CCCC[CH]CCCCCCC(43)
    CH2OH(34) + CCCC[CH]CCCCCCC(43) <=> CH2O(19) + C12H24(1)
    CH3O(27) + CCCC[CH]CCCCCCC(43) <=> CH2O(19) + C12H24(1)
    HCCO(20) + C12H24(1) <=> CH2CO(28) + CCCC[CH]CCCCCCC(43)
    C2H3(29) + CCCC[CH]CCCCCCC(43) <=> C2H2(22) + C12H24(1)
    CH3CO(35) + CCCC[CH]CCCCCCC(43) <=> CH2CO(28) + C12H24(1)
    CH2CHO(36) + CCCC[CH]CCCCCCC(43) <=> CH2CO(28) + C12H24(1)
    C2H5(33) + CCCC[CH]CCCCCCC(43) <=> C2H4(30) + C12H24(1)
    C2H5(33) + C12H24(1) <=> C2H6(32) + CCCC[CH]CCCCCCC(43)
    CH3CHO(37) + CCCC[CH]CCCCCCC(43) <=> CH2CHO(36) + C12H24(1)
    CH2O(19) + CCCC[CH]CCCCCCC(43) <=> HCO(14) + C12H24(1)
    C2H3(29) + C12H24(1) <=> C2H4(30) + CCCC[CH]CCCCCCC(43)
    [CH2]CC(47) + CCCC[CH]CCCCCCC(43) <=> C=CC(158) + C12H24(1)
    CCCC[CH]CCCCCCC(43) <=> C[CH]CCCCCCCCCC(52)
    CCCC[CH]CCCCCCC(43) <=> C[CH]CCCCCCCCCC(52)
    CCCC[CH]CCCCCCC(43) + C12H24(1) <=> C[CH]CCCCCCCCCC(52) + C12H24(1)
    [CH2]CCCCCCCCCCC(53) <=> CCCC[CH]CCCCCCC(43)
    [CH2]CCCCCCCCCCC(53) <=> CCCC[CH]CCCCCCC(43)
    [CH2]CCCCCCCCCCC(53) + C12H24(1) <=> CCCC[CH]CCCCCCC(43) + C12H24(1)
Added 0 new core reactions
Created 0 new edge reactions

After model enlargement:
    The model core has 53 species and 518 reactions
    The model edge has 791 species and 2597 reactions


At time 9.1504e-05 s, reached target termination conversion: 0.900000 of C12H24(1)
    C12H24(1) conversion: 0.9005    

For reaction generation 1 process is used.
Generating thermo for new species...
Generating kinetics for new reactions...

Summary of Secondary Model Edge Enlargement
---------------------------------
Added 0 new core species
Created 17 new edge species
    CCC[CH]CCCCCCC(845)
    CCCC[CH]CCCCCC(846)
    [CH2]C(CCC)CCCCCCC(847)
    [CH2]C(CCCC)CCCCCC(848)
    CCCC[C]CCCCCCC(849)
    CCCC=CCCCCCCC(850)
    CCCCC=CCCCCCC(851)
    CCCC[CH]CC[CH]CCCC(852)
    CCC[CH]CCC[CH]CCCC(853)
    CC[CH]CCCC[CH]CCCC(854)
    CC[CH]C[CH]CCCCCCC(855)
    CCCC[CH]C[CH]CCCCC(856)
    [CH2]CC[CH]CCCCCCC(857)
    [CH2]CCCCC[CH]CCCC(858)
    CCC[CH][CH]CCCCCCC(859)
    CCCC[CH][CH]CCCCCC(860)
    CCCCCCCC(CCCC)O[O](861)
Added 4 new core reactions
    CCCC[CH]CCCCCCC(43) <=> C[CH]CCCCCCCCCC(52)
    [CH2]CCCCCCCCCCC(53) <=> CCCC[CH]CCCCCCC(43)
    CCCC[CH]CCCCCCC(43) <=> C[CH]CCCCCCCCCC(52)
    [CH2]CCCCCCCCCCC(53) <=> CCCC[CH]CCCCCCC(43)
Created 52 new edge reactions
    CH2(S)(24) + CCC[CH]CCCCCCC(845) <=> CCCC[CH]CCCCCCC(43)
    CH2(S)(24) + CCCC[CH]CCCCCC(846) <=> CCCC[CH]CCCCCCC(43)
    CH2(S)(24) + CCC[CH]CCCCCCC(845) <=> CCCC[CH]CCCCCCC(43)
    CH2(S)(24) + CCCC[CH]CCCCCC(846) <=> CCCC[CH]CCCCCCC(43)
    [CH2]C(CCC)CCCCCCC(847) <=> CCCC[CH]CCCCCCC(43)
    [CH2]C(CCCC)CCCCCC(848) <=> CCCC[CH]CCCCCCC(43)
    [CH2]CCC(41) + [CH]CCCCCCC(220) <=> CCCC[CH]CCCCCCC(43)
    [CH]CCCC(597) + [CH2]CCCCCC(40) <=> CCCC[CH]CCCCCCC(43)
    H(3) + CCCC[C]CCCCCCC(849) <=> CCCC[CH]CCCCCCC(43)
    H(3) + CCCC=CCCCCCCC(850) <=> CCCC[CH]CCCCCCC(43)
    H(3) + CCCCC=CCCCCCC(851) <=> CCCC[CH]CCCCCCC(43)
    [CH2]CC(47) + C=CCCCCCCC(138) <=> CCCC[CH]CCCCCCC(43)
    C=CCCCC(514) + [CH2]CCCCC(44) <=> CCCC[CH]CCCCCCC(43)
    [CH2]CCC(41) + [CH2]CC[CH]CCCC(222) <=> CCCC[CH]CCCCCCC(43)
    [CH2]CCCC(39) + [CH2]C[CH]CCCC(549) <=> CCCC[CH]CCCCCCC(43)
    H(3) + CCCC[CH]CC[CH]CCCC(852) <=> CCCC[CH]CCCCCCC(43)
    [CH2]CC(47) + [CH2]CCC[CH]CCCC(145) <=> CCCC[CH]CCCCCCC(43)
    H(3) + CCC[CH]CCC[CH]CCCC(853) <=> CCCC[CH]CCCCCCC(43)
    C2H5(33) + [CH2]CCCC[CH]CCCC(625) <=> CCCC[CH]CCCCCCC(43)
    H(3) + CC[CH]CCCC[CH]CCCC(854) <=> CCCC[CH]CCCCCCC(43)
    C2H5(33) + [CH2]C[CH]CCCCCCC(628) <=> CCCC[CH]CCCCCCC(43)
    [CH2]CC(47) + [CH2][CH]CCCCCCC(151) <=> CCCC[CH]CCCCCCC(43)
    H(3) + CC[CH]C[CH]CCCCCCC(855) <=> CCCC[CH]CCCCCCC(43)
    [CH2][CH]CCCC(518) + [CH2]CCCCC(44) <=> CCCC[CH]CCCCCCC(43)
    H(3) + CCCC[CH]C[CH]CCCCC(856) <=> CCCC[CH]CCCCCCC(43)
    CH3(18) + [CH2]CC[CH]CCCCCCC(857) <=> CCCC[CH]CCCCCCC(43)
    H(3) + C[CH]CC[CH]CCCCCCC(753) <=> CCCC[CH]CCCCCCC(43)
    CH3(18) + [CH2]CCCCC[CH]CCCC(858) <=> CCCC[CH]CCCCCCC(43)
    H(3) + C[CH]CCCCC[CH]CCCC(750) <=> CCCC[CH]CCCCCCC(43)
    H(3) + CCC[CH][CH]CCCCCCC(859) <=> CCCC[CH]CCCCCCC(43)
    H(3) + CCCC[CH][CH]CCCCCC(860) <=> CCCC[CH]CCCCCCC(43)
    H(3) + [CH2]CCC[CH]CCCCCCC(822) <=> CCCC[CH]CCCCCCC(43)
    H(3) + [CH2]CCCCCC[CH]CCCC(819) <=> CCCC[CH]CCCCCCC(43)
    CCC[CH]CCCCCCCC(48) <=> CCCC[CH]CCCCCCC(43)
    CCCCC[CH]CCCCCC(45) <=> CCCC[CH]CCCCCCC(43)
    CC[CH]CCCCCCCCC(50) <=> CCCC[CH]CCCCCCC(43)
    CCCCC[CH]CCCCCC(45) <=> CCCC[CH]CCCCCCC(43)
    CCC[CH]CCCCCCCC(48) <=> CCCC[CH]CCCCCCC(43)
    CC[CH]CCCCCCCCC(50) <=> CCCC[CH]CCCCCCC(43)
    O2(2) + CCCC[CH]CCCCCCC(43) <=> HO2(10) + CCCC=CCCCCCCC(850)
    O2(2) + CCCC[CH]CCCCCCC(43) <=> HO2(10) + CCCCC=CCCCCCC(851)
    HO2(10) + CCCC[C]CCCCCCC(849) <=> O2(2) + CCCC[CH]CCCCCCC(43)
    HO2(10) + CCCC[CH]CC[CH]CCCC(852) <=> O2(2) + CCCC[CH]CCCCCCC(43)
    HO2(10) + CCC[CH]CCC[CH]CCCC(853) <=> O2(2) + CCCC[CH]CCCCCCC(43)
    HO2(10) + CC[CH]CCCC[CH]CCCC(854) <=> O2(2) + CCCC[CH]CCCCCCC(43)
    HO2(10) + CC[CH]C[CH]CCCCCCC(855) <=> O2(2) + CCCC[CH]CCCCCCC(43)
    HO2(10) + CCCC[CH]C[CH]CCCCC(856) <=> O2(2) + CCCC[CH]CCCCCCC(43)
    HO2(10) + C[CH]CC[CH]CCCCCCC(753) <=> O2(2) + CCCC[CH]CCCCCCC(43)
    HO2(10) + C[CH]CCCCC[CH]CCCC(750) <=> O2(2) + CCCC[CH]CCCCCCC(43)
    HO2(10) + [CH2]CCC[CH]CCCCCCC(822) <=> O2(2) + CCCC[CH]CCCCCCC(43)
    HO2(10) + [CH2]CCCCCC[CH]CCCC(819) <=> O2(2) + CCCC[CH]CCCCCCC(43)
    O2(2) + CCCC[CH]CCCCCCC(43) <=> CCCCCCCC(CCCC)O[O](861)

After model enlargement:
    The model core has 53 species and 522 reactions
    The model edge has 808 species and 2649 reactions


Saving current model core to Chemkin file...
Chemkin file contains 529 reactions.
Saving annotated version of Chemkin file...
Chemkin file contains 529 reactions.
Saving current model core and edge to Chemkin file...
Chemkin file contains 3178 reactions.
Saving annotated version of Chemkin file...
Chemkin file contains 3178 reactions.
Saving current model core to HTML file...
Saving current model edge to HTML file...
Updating RMG execution statistics...
    Execution time (DD:HH:MM:SS): 00:00:01:31
    Memory used: 902.83 MB

Making seed mechanism...
Conducting simulation of reaction system 1...
At time 3.0199e-07 s, species C=CCCCCCCC(138) at 0.10163873008955233 exceeded the minimum rate for simulation interruption of 0.1
At time 3.0199e-07 s, species C=CCCCC(514) at 0.10130311739047906 exceeded the minimum rate for simulation interruption of 0.1
Exceeded max number of objects...removing excess objects
At time 3.0199e-07 s, species C=CCCCCCCC(138) at rate ratio 0.10163873008955233 exceeded the minimum rate for moving to model core of 0.1
terminating simulation due to interrupt...


Adding species C=CCCCCCCC(138) to model core

Summary of Model Enlargement
---------------------------------
Added 1 new core species
    C=CCCCCCCC(138)
Created 0 new edge species
Moved 12 reactions from edge to core
    H(3) + C=CCCCCCCC(138) <=> [CH2]CCCCCCCC(46)
    O(4) + [CH2]CCCCCCCC(46) <=> OH(5) + C=CCCCCCCC(138)
    OH(5) + [CH2]CCCCCCCC(46) <=> H2O(7) + C=CCCCCCCC(138)
    O2(2) + [CH2]CCCCCCCC(46) <=> HO2(10) + C=CCCCCCCC(138)
    H(3) + [CH2]CCCCCCCC(46) <=> H2(6) + C=CCCCCCCC(138)
    HO2(10) + [CH2]CCCCCCCC(46) <=> H2O2(11) + C=CCCCCCCC(138)
    HCO(14) + [CH2]CCCCCCCC(46) <=> CH2O(19) + C=CCCCCCCC(138)
    CH3(18) + [CH2]CCCCCCCC(46) <=> CH4(31) + C=CCCCCCCC(138)
    C2H5(33) + [CH2]CCCCCCCC(46) <=> C2H6(32) + C=CCCCCCCC(138)
    CH2CHO(36) + [CH2]CCCCCCCC(46) <=> CH3CHO(37) + C=CCCCCCCC(138)
    C2H3(29) + [CH2]CCCCCC(40) <=> C=CCCCCCCC(138)
    [CH2]CC(47) + C=CCCCCCCC(138) <=> CCCC[CH]CCCCCCC(43)
Added 0 new core reactions
Created 0 new edge reactions

After model enlargement:
    The model core has 54 species and 534 reactions
    The model edge has 807 species and 2637 reactions


At time 9.0532e-05 s, reached target termination conversion: 0.900000 of C12H24(1)
    C12H24(1) conversion: 0.9021    

For reaction generation 1 process is used.
Generating thermo for new species...
Generating kinetics for new reactions...
For reaction O2(2) + C=CCCCCCCC(138) <=> [CH2]C(CCCCCCC)O[O](984), Ea raised from 143.7 to 145.8 kJ/mol to match endothermicity of reaction.
For reaction O2(2) + C=CCCCCCCC(138) <=> CCCCCCC[CH]CO[O](985), Ea raised from 142.8 to 144.9 kJ/mol to match endothermicity of reaction.

Summary of Secondary Model Edge Enlargement
---------------------------------
Added 0 new core species
Created 134 new edge species
    C[CH]C[CH]CCCCC(862)
    C[CH]CC[CH]CCCC(863)
    C[CH]CCC[CH]CCC(864)
    C[CH]CCCC[CH]CC(865)
    [CH2]CCC=C(866)
    C=CCC[CH]CCCC(867)
    [CH2]CCCC=C(868)
    C=CCCC[CH]CCC(869)
    [CH2]CCCCC=C(870)
    C=CCCCC[CH]CC(871)
    C=CC[CH]CCCCC(872)
    [CH2]CCCCCC=C(873)
    C=CCCCCC[CH]C(874)
    C=C[CH]CCCCCC(875)
    [CH2]CCCCCCC=C(876)
    C=[C]CCCCCCC(877)
    C[C]CCCCCCC(878)
    [CH]CCCCCCCC(879)
    CCCCCCC[CH]C[O](880)
    [CH2]C(O)CCCCCCC(881)
    CCCCCCC[CH]CO(882)
    CCCCCCCC(C)O(883)
    CCCCCCCC(C)O[O](884)
    [CH2]C(CCCCCCC)OO(885)
    CCCCCCC[CH]COO(886)
    C=CCCC(C=O)CCCC(887)
    C=CCCCC(C=O)CCC(888)
    C=CCCCCC(C=O)CC(889)
    C=CCC(C=O)CCCCC(890)
    C=CCCCCCC(C)C=O(891)
    C=CC(C=O)CCCCCC(892)
    C=CCCCCCCCC=O(893)
    C=C(C=O)CCCCCCC(894)
    CCCCCCCC=CC=O(895)
    C=CCCCCCCC(C)=O(896)
    [C-]=[O+]CC=CCCCCCC(897)
    CCCCCCC=CC[C-]=[OH+](898)
    C=CCCC(CCCC)OC=O(899)
    C=CCCCC(CCC)OC=O(900)
    C=CCCCCC(CC)OC=O(901)
    C=CCC(CCCCC)OC=O(902)
    C=CCCCCCC(C)OC=O(903)
    C=CC(CCCCCC)OC=O(904)
    C=CCCCCCCCOC=O(905)
    C=C(CCCCCCC)OC=O(906)
    CCCCCCCC=COC=O(907)
    C=CCCCCCCC(=O)OC(908)
    C=CCCC(CCCC)C(=O)O(909)
    C=CCCCC(CCC)C(=O)O(910)
    C=CCCCCC(CC)C(=O)O(911)
    C=CCC(CCCCC)C(=O)O(912)
    C=CCCCCCC(C)C(=O)O(913)
    C=CC(CCCCCC)C(=O)O(914)
    C=CCCCCCCCC(=O)O(915)
    C=C(CCCCCCC)C(=O)O(916)
    CCCCCCCC=CC(=O)O(917)
    C=CCCCCCCOC(C)=O(918)
    CCCCCCC[CH]CC([O])=O(919)
    [CH2]C(CCCCCCC)C([O])=O(920)
    CCCCCCC[CH]CO[C]=O(921)
    [CH2]C(CCCCCCC)O[C]=O(922)
    CCCCCCC=CCOC=O(923)
    CCCCCCC=CCC(=O)O(924)
    CCCCCCC[CH]CC=O(925)
    [CH2]C(C)CCCCCCC(926)
    CCCCCCC[CH]CC[O](927)
    [CH2]C(C[O])CCCCCCC(928)
    [CH2]OC[CH]CCCCCCC(929)
    [CH2]OC([CH2])CCCCCCC(930)
    CCCCCCCC1CCO1(931)
    CCCCCCCC1COC1(932)
    CCCCCCC=CCOC(933)
    CCCCCCC=CCCO(934)
    [CH]=CC[CH]CCCCCCC(935)
    [CH]=CC([CH2])CCCCCCC(936)
    C=CCC=CCCCCCC(937)
    CCCCCCCCCOC(938)
    CCCCCCCC(C)OC(939)
    CCCCCCCC(C)CO(940)
    CCCCCCCC(O)CC(941)
    C=C([O])C[CH]CCCCCCC(942)
    [CH2]C(CCCCCCC)C(=C)[O](943)
    C=[C]OC[CH]CCCCCCC(944)
    [CH2]C(CCCCCCC)O[C]=C(945)
    CCCCCCC[CH]CC[C]=O(946)
    [CH2]C(C[C]=O)CCCCCCC(947)
    CCCCCCCC1CCC1=O(948)
    CCCCCCCC1CC(=O)C1(949)
    C#COC(C)CCCCCCC(950)
    C#COCCCCCCCCC(951)
    C=COCC=CCCCCCC(952)
    CCCCCCC=CCCC=O(953)
    C=C(O)CC=CCCCCCC(954)
    CCCCCCC=CCC(C)=O(955)
    [CH2]CC([CH2])CCCCCCC(956)
    CCCC=CCCCCCC(957)
    [CH2]C(CC)CCCCCCC(958)
    [CH2]C([O])C[CH]CCCCCCC(959)
    [CH2]C([O])C([CH2])CCCCCCC(960)
    [CH2][CH]OC[CH]CCCCCCC(961)
    [CH2][CH]OC([CH2])CCCCCCC(962)
    [CH2]C1CC(CCCCCCC)O1(963)
    [CH2]C1OCC1CCCCCCC(964)
    [CH2]C(CC=O)CCCCCCC(965)
    CCCCCCC[CH]CCC=O(966)
    [CH2]COCC=CCCCCCC(967)
    [CH2]C(O)CC=CCCCCCC(968)
    CCCCCCC[CH]CC[CH][O](969)
    [CH2]C(C[CH][O])CCCCCCC(970)
    [CH2]C(CCCCCCC)OC=C(971)
    C=COC[CH]CCCCCCC(972)
    CCCCCCC=CCCC[O](973)
    CCCCCCC=CCC(C)[O](974)
    CCCCCCC[CH]CC(C)[O](975)
    [CH2]C(CCCCCCC)C(C)[O](976)
    C[CH]OC[CH]CCCCCCC(977)
    [CH2]C(CCCCCCC)O[CH]C(978)
    CCCCCCCC1CC(C)O1(979)
    CCCCCCCC1COC1C(980)
    C=COC(C)CCCCCCC(981)
    CCCCCCC=CCOCC(982)
    CCCCCCC=CCC(C)O(983)
    [CH2]C(CCCCCCC)O[O](984)
    CCCCCCC[CH]CO[O](985)
    [CH2]C(C[CH]C)CCCCCCC(986)
    [CH2]C(C)C[CH]CCCCCCC(987)
    [CH2]C(C)C([CH2])CCCCCCC(988)
    C=CCC(C)CCCCCCC(989)
    CCCCCCC=CCC(C)C(990)
    CCCCCCC[CH]CC[CH]CCCCCCC(991)
    [CH2]C(C[CH]CCCCCCC)CCCCCCC(992)
    [CH2]C(CCCCCCC)C([CH2])CCCCCCC(993)
    CCCCCCC=CCC(C)CCCCCCC(994)
    CCCCCCC=CCCCCCCCCCC(995)
Added 10 new core reactions
    CH2(T)(17) + [CH2]CCCCCCCC(46) <=> CH3(18) + C=CCCCCCCC(138)
    C2H(21) + [CH2]CCCCCCCC(46) <=> C2H2(22) + C=CCCCCCCC(138)
    CH2OH(34) + [CH2]CCCCCCCC(46) <=> CH3OH(26) + C=CCCCCCCC(138)
    CH3O(27) + [CH2]CCCCCCCC(46) <=> CH3OH(26) + C=CCCCCCCC(138)
    HCCO(20) + [CH2]CCCCCCCC(46) <=> CH2CO(28) + C=CCCCCCCC(138)
    C2H3(29) + [CH2]CCCCCCCC(46) <=> C2H4(30) + C=CCCCCCCC(138)
    CH3CO(35) + [CH2]CCCCCCCC(46) <=> CH3CHO(37) + C=CCCCCCCC(138)
    [CH2]CCCCCCCC(46) + CCCC[CH]CCCCCCC(43) <=> C=CCCCCCCC(138) + C12H24(1)
    [CH2]CCCCCCCC(46) + C[CH]CCCCCCCCCC(52) <=> C=CCCCCCCC(138) + C12H24(1)
    [CH2]CCCCCCCC(46) + [CH2]CCCCCCCCCCC(53) <=> C=CCCCCCCC(138) + C12H24(1)
Created 469 new edge reactions
    CH2(S)(24) + C=CCCCCCC(221) <=> C=CCCCCCCC(138)
    CH2(S)(24) + C=CCCCCCC(221) <=> C=CCCCCCCC(138)
    [CH2]C[CH]CCCCCC(148) <=> C=CCCCCCCC(138)
    [CH2]CC[CH]CCCCC(147) <=> C=CCCCCCCC(138)
    C[CH]C[CH]CCCCC(862) <=> C=CCCCCCCC(138)
    [CH2]CCC[CH]CCCC(145) <=> C=CCCCCCCC(138)
    C[CH]CC[CH]CCCC(863) <=> C=CCCCCCCC(138)
    [CH2]CCCC[CH]CCC(143) <=> C=CCCCCCCC(138)
    C[CH]CCC[CH]CCC(864) <=> C=CCCCCCCC(138)
    [CH2]CCCCC[CH]CC(141) <=> C=CCCCCCCC(138)
    C[CH]CCCC[CH]CC(865) <=> C=CCCCCCCC(138)
    [CH2]CCCCCC[CH]C(150) <=> C=CCCCCCCC(138)
    [CH2]CCC(41) + [CH2]CCC=C(866) <=> C=CCCCCCCC(138)
    [CH2]CC=C(538) + [CH2]CCCC(39) <=> C=CCCCCCCC(138)
    H(3) + C=CCC[CH]CCCC(867) <=> C=CCCCCCCC(138)
    [CH2]CC(47) + [CH2]CCCC=C(868) <=> C=CCCCCCCC(138)
    H(3) + C=CCCC[CH]CCC(869) <=> C=CCCCCCCC(138)
    C2H5(33) + [CH2]CCCCC=C(870) <=> C=CCCCCCCC(138)
    H(3) + C=CCCCC[CH]CC(871) <=> C=CCCCCCCC(138)
    [CH2]C=C(643) + [CH2]CCCCC(44) <=> C=CCCCCCCC(138)
    H(3) + C=CC[CH]CCCCC(872) <=> C=CCCCCCCC(138)
    CH3(18) + [CH2]CCCCCC=C(873) <=> C=CCCCCCCC(138)
    H(3) + C=CCCCCC[CH]C(874) <=> C=CCCCCCCC(138)
    H(3) + C=C[CH]CCCCCC(875) <=> C=CCCCCCCC(138)
    H(3) + [CH2]CCCCCCC=C(876) <=> C=CCCCCCCC(138)
    H(3) + C=[C]CCCCCCC(877) <=> C=CCCCCCCC(138)
    H(3) + [CH]=CCCCCCCC(585) <=> C=CCCCCCCC(138)
    C=CCCCCCCC(138) <=> C=CC(158) + C=CCCCC(514)
    C[C]CCCCCCC(878) <=> C=CCCCCCCC(138)
    [CH]CCCCCCCC(879) <=> C=CCCCCCCC(138)
    H(3) + C=CCCCCCCC(138) <=> H2(6) + C=CCC[CH]CCCC(867)
    H(3) + C=CCCCCCCC(138) <=> H2(6) + C=CCCC[CH]CCC(869)
    H(3) + C=CCCCCCCC(138) <=> H2(6) + C=CCCCC[CH]CC(871)
    H(3) + C=CCCCCCCC(138) <=> H2(6) + C=CC[CH]CCCCC(872)
    H(3) + C=CCCCCCCC(138) <=> H2(6) + C=CCCCCC[CH]C(874)
    H2(6) + C=C[CH]CCCCCC(875) <=> H(3) + C=CCCCCCCC(138)
    H(3) + C=CCCCCCCC(138) <=> H2(6) + [CH2]CCCCCCC=C(876)
    H2(6) + C=[C]CCCCCCC(877) <=> H(3) + C=CCCCCCCC(138)
    H(3) + C=CCCCCCCC(138) <=> H2(6) + [CH]=CCCCCCCC(585)
    H(3) + C=CCCCCCCC(138) <=> C[CH]CCCCCCC(153)
    O(4) + C=CCCCCCCC(138) <=> OH(5) + C=CCC[CH]CCCC(867)
    O(4) + C=CCCCCCCC(138) <=> OH(5) + C=CCCC[CH]CCC(869)
    O(4) + C=CCCCCCCC(138) <=> OH(5) + C=CCCCC[CH]CC(871)
    O(4) + C=CCCCCCCC(138) <=> OH(5) + C=CC[CH]CCCCC(872)
    O(4) + C=CCCCCCCC(138) <=> OH(5) + C=CCCCCC[CH]C(874)
    O(4) + C=CCCCCCCC(138) <=> OH(5) + C=C[CH]CCCCCC(875)
    O(4) + C=CCCCCCCC(138) <=> OH(5) + [CH2]CCCCCCC=C(876)
    O(4) + C=CCCCCCCC(138) <=> OH(5) + C=[C]CCCCCCC(877)
    O(4) + C=CCCCCCCC(138) <=> OH(5) + [CH]=CCCCCCCC(585)
    O(4) + C=CCCCCCCC(138) <=> [CH2]C([O])CCCCCCC(589)
    O(4) + C=CCCCCCCC(138) <=> CCCCCCC[CH]C[O](880)
    O(4) + C[CH]CCCCCCC(153) <=> OH(5) + C=CCCCCCCC(138)
    OH(5) + C=CCCCCCCC(138) <=> H2O(7) + C=CCC[CH]CCCC(867)
    OH(5) + C=CCCCCCCC(138) <=> H2O(7) + C=CCCC[CH]CCC(869)
    OH(5) + C=CCCCCCCC(138) <=> H2O(7) + C=CCCCC[CH]CC(871)
    OH(5) + C=CCCCCCCC(138) <=> H2O(7) + C=CC[CH]CCCCC(872)
    OH(5) + C=CCCCCCCC(138) <=> H2O(7) + C=CCCCCC[CH]C(874)
    OH(5) + C=CCCCCCCC(138) <=> H2O(7) + C=C[CH]CCCCCC(875)
    OH(5) + C=CCCCCCCC(138) <=> H2O(7) + [CH2]CCCCCCC=C(876)
    OH(5) + C=CCCCCCCC(138) <=> H2O(7) + C=[C]CCCCCCC(877)
    OH(5) + C=CCCCCCCC(138) <=> H2O(7) + [CH]=CCCCCCCC(585)
    OH(5) + C=CCCCCCCC(138) <=> [CH2]C(O)CCCCCCC(881)
    OH(5) + C=CCCCCCCC(138) <=> CCCCCCC[CH]CO(882)
    H(3) + C[CH]CCCCCCC(153) <=> H2(6) + C=CCCCCCCC(138)
    H2O(7) + C=CCCCCCCC(138) <=> CCCCCCCCCO(164)
    H2O(7) + C=CCCCCCCC(138) <=> CCCCCCCC(C)O(883)
    OH(5) + C[CH]CCCCCCC(153) <=> H2O(7) + C=CCCCCCCC(138)
    O2(2) + C[CH]CCCCCCC(153) <=> HO2(10) + C=CCCCCCCC(138)
    CCCCCCCC(C)O[O](884) <=> HO2(10) + C=CCCCCCCC(138)
    CCCCCCCCCO[O](215) <=> HO2(10) + C=CCCCCCCC(138)
    H2O2(11) + C=CCC[CH]CCCC(867) <=> HO2(10) + C=CCCCCCCC(138)
    H2O2(11) + C=CCCC[CH]CCC(869) <=> HO2(10) + C=CCCCCCCC(138)
    H2O2(11) + C=CCCCC[CH]CC(871) <=> HO2(10) + C=CCCCCCCC(138)
    H2O2(11) + C=CC[CH]CCCCC(872) <=> HO2(10) + C=CCCCCCCC(138)
    H2O2(11) + C=CCCCCC[CH]C(874) <=> HO2(10) + C=CCCCCCCC(138)
    HO2(10) + C=CCCCCCCC(138) <=> H2O2(11) + C=C[CH]CCCCCC(875)
    H2O2(11) + [CH2]CCCCCCC=C(876) <=> HO2(10) + C=CCCCCCCC(138)
    H2O2(11) + C=[C]CCCCCCC(877) <=> HO2(10) + C=CCCCCCCC(138)
    H2O2(11) + [CH]=CCCCCCCC(585) <=> HO2(10) + C=CCCCCCCC(138)
    HO2(10) + C=CCCCCCCC(138) <=> [CH2]C(CCCCCCC)OO(885)
    HO2(10) + C=CCCCCCCC(138) <=> CCCCCCC[CH]COO(886)
    HO2(10) + C[CH]CCCCCCC(153) <=> H2O2(11) + C=CCCCCCCC(138)
    CO(12) + C=CCCCCCCC(138) <=> C=CCCC(C=O)CCCC(887)
    CO(12) + C=CCCCCCCC(138) <=> C=CCCCC(C=O)CCC(888)
    CO(12) + C=CCCCCCCC(138) <=> C=CCCCCC(C=O)CC(889)
    CO(12) + C=CCCCCCCC(138) <=> C=CCC(C=O)CCCCC(890)
    CO(12) + C=CCCCCCCC(138) <=> C=CCCCCCC(C)C=O(891)
    CO(12) + C=CCCCCCCC(138) <=> C=CC(C=O)CCCCCC(892)
    CO(12) + C=CCCCCCCC(138) <=> C=CCCCCCCCC=O(893)
    CO(12) + C=CCCCCCCC(138) <=> C=C(C=O)CCCCCCC(894)
    CO(12) + C=CCCCCCCC(138) <=> CCCCCCCC=CC=O(895)
    CO(12) + C=CCCCCCCC(138) <=> C=CCCCCCCC(C)=O(896)
    HCO(14) + C=CCC[CH]CCCC(867) <=> CO(12) + C=CCCCCCCC(138)
    HCO(14) + C=CCCC[CH]CCC(869) <=> CO(12) + C=CCCCCCCC(138)
    HCO(14) + C=CCCCC[CH]CC(871) <=> CO(12) + C=CCCCCCCC(138)
    HCO(14) + C=CC[CH]CCCCC(872) <=> CO(12) + C=CCCCCCCC(138)
    HCO(14) + C=CCCCCC[CH]C(874) <=> CO(12) + C=CCCCCCCC(138)
    HCO(14) + C=C[CH]CCCCCC(875) <=> CO(12) + C=CCCCCCCC(138)
    HCO(14) + [CH2]CCCCCCC=C(876) <=> CO(12) + C=CCCCCCCC(138)
    HCO(14) + C=[C]CCCCCCC(877) <=> CO(12) + C=CCCCCCCC(138)
    HCO(14) + [CH]=CCCCCCCC(585) <=> CO(12) + C=CCCCCCCC(138)
    [C-]=[O+]CC=CCCCCCC(897) <=> CO(12) + C=CCCCCCCC(138)
    CCCCCCC=CC[C-]=[OH+](898) <=> CO(12) + C=CCCCCCCC(138)
    CO2(13) + C=CCCCCCCC(138) <=> C=CCCC(CCCC)OC=O(899)
    CO2(13) + C=CCCCCCCC(138) <=> C=CCCCC(CCC)OC=O(900)
    CO2(13) + C=CCCCCCCC(138) <=> C=CCCCCC(CC)OC=O(901)
    CO2(13) + C=CCCCCCCC(138) <=> C=CCC(CCCCC)OC=O(902)
    CO2(13) + C=CCCCCCCC(138) <=> C=CCCCCCC(C)OC=O(903)
    CO2(13) + C=CCCCCCCC(138) <=> C=CC(CCCCCC)OC=O(904)
    CO2(13) + C=CCCCCCCC(138) <=> C=CCCCCCCCOC=O(905)
    CO2(13) + C=CCCCCCCC(138) <=> C=C(CCCCCCC)OC=O(906)
    CO2(13) + C=CCCCCCCC(138) <=> CCCCCCCC=COC=O(907)
    CO2(13) + C=CCCCCCCC(138) <=> C=CCCCCCCC(=O)OC(908)
    CO2(13) + C=CCCCCCCC(138) <=> C=CCCC(CCCC)C(=O)O(909)
    CO2(13) + C=CCCCCCCC(138) <=> C=CCCCC(CCC)C(=O)O(910)
    CO2(13) + C=CCCCCCCC(138) <=> C=CCCCCC(CC)C(=O)O(911)
    CO2(13) + C=CCCCCCCC(138) <=> C=CCC(CCCCC)C(=O)O(912)
    CO2(13) + C=CCCCCCCC(138) <=> C=CCCCCCC(C)C(=O)O(913)
    CO2(13) + C=CCCCCCCC(138) <=> C=CC(CCCCCC)C(=O)O(914)
    CO2(13) + C=CCCCCCCC(138) <=> C=CCCCCCCCC(=O)O(915)
    CO2(13) + C=CCCCCCCC(138) <=> C=C(CCCCCCC)C(=O)O(916)
    CO2(13) + C=CCCCCCCC(138) <=> CCCCCCCC=CC(=O)O(917)
    CO2(13) + C=CCCCCCCC(138) <=> C=CCCCCCCOC(C)=O(918)
    CCCCCCC[CH]CC([O])=O(919) <=> CO2(13) + C=CCCCCCCC(138)
    [CH2]C(CCCCCCC)C([O])=O(920) <=> CO2(13) + C=CCCCCCCC(138)
    CCCCCCC[CH]CO[C]=O(921) <=> CO2(13) + C=CCCCCCCC(138)
    [CH2]C(CCCCCCC)O[C]=O(922) <=> CO2(13) + C=CCCCCCCC(138)
    HOCO(102) + C=CC[CH]CCCCC(872) <=> CO2(13) + C=CCCCCCCC(138)
    HOCO(102) + C=CCC[CH]CCCC(867) <=> CO2(13) + C=CCCCCCCC(138)
    HOCO(102) + C=CCCC[CH]CCC(869) <=> CO2(13) + C=CCCCCCCC(138)
    HOCO(102) + C=CCCCC[CH]CC(871) <=> CO2(13) + C=CCCCCCCC(138)
    HOCO(102) + C=CCCCCC[CH]C(874) <=> CO2(13) + C=CCCCCCCC(138)
    HOCO(102) + C=C[CH]CCCCCC(875) <=> CO2(13) + C=CCCCCCCC(138)
    HOCO(102) + [CH2]CCCCCCC=C(876) <=> CO2(13) + C=CCCCCCCC(138)
    HOCO(102) + C=[C]CCCCCCC(877) <=> CO2(13) + C=CCCCCCCC(138)
    HOCO(102) + [CH]=CCCCCCCC(585) <=> CO2(13) + C=CCCCCCCC(138)
    [O]C=O(103) + C=CC[CH]CCCCC(872) <=> CO2(13) + C=CCCCCCCC(138)
    [O]C=O(103) + C=CCC[CH]CCCC(867) <=> CO2(13) + C=CCCCCCCC(138)
    [O]C=O(103) + C=CCCC[CH]CCC(869) <=> CO2(13) + C=CCCCCCCC(138)
    [O]C=O(103) + C=CCCCC[CH]CC(871) <=> CO2(13) + C=CCCCCCCC(138)
    [O]C=O(103) + C=CCCCCC[CH]C(874) <=> CO2(13) + C=CCCCCCCC(138)
    [O]C=O(103) + C=C[CH]CCCCCC(875) <=> CO2(13) + C=CCCCCCCC(138)
    [O]C=O(103) + [CH2]CCCCCCC=C(876) <=> CO2(13) + C=CCCCCCCC(138)
    [O]C=O(103) + C=[C]CCCCCCC(877) <=> CO2(13) + C=CCCCCCCC(138)
    [O]C=O(103) + [CH]=CCCCCCCC(585) <=> CO2(13) + C=CCCCCCCC(138)
    CCCCCCC=CCOC=O(923) <=> CO2(13) + C=CCCCCCCC(138)
    CCCCCCC=CCC(=O)O(924) <=> CO2(13) + C=CCCCCCCC(138)
    [C]=O(54) + [CH2]CCCCCCCC(46) <=> HCO(14) + C=CCCCCCCC(138)
    [C]=O(54) + C[CH]CCCCCCC(153) <=> HCO(14) + C=CCCCCCCC(138)
    [CH]O(219) + C=CC[CH]CCCCC(872) <=> HCO(14) + C=CCCCCCCC(138)
    [CH]O(219) + C=CCC[CH]CCCC(867) <=> HCO(14) + C=CCCCCCCC(138)
    [CH]O(219) + C=CCCC[CH]CCC(869) <=> HCO(14) + C=CCCCCCCC(138)
    [CH]O(219) + C=CCCCC[CH]CC(871) <=> HCO(14) + C=CCCCCCCC(138)
    [CH]O(219) + C=CCCCCC[CH]C(874) <=> HCO(14) + C=CCCCCCCC(138)
    [CH]O(219) + C=C[CH]CCCCCC(875) <=> HCO(14) + C=CCCCCCCC(138)
    [CH]O(219) + [CH2]CCCCCCC=C(876) <=> HCO(14) + C=CCCCCCCC(138)
    [CH]O(219) + C=[C]CCCCCCC(877) <=> HCO(14) + C=CCCCCCCC(138)
    [CH]O(219) + [CH]=CCCCCCCC(585) <=> HCO(14) + C=CCCCCCCC(138)
    CH2O(19) + C=CCC[CH]CCCC(867) <=> HCO(14) + C=CCCCCCCC(138)
    CH2O(19) + C=CCCC[CH]CCC(869) <=> HCO(14) + C=CCCCCCCC(138)
    CH2O(19) + C=CCCCC[CH]CC(871) <=> HCO(14) + C=CCCCCCCC(138)
    CH2O(19) + C=CC[CH]CCCCC(872) <=> HCO(14) + C=CCCCCCCC(138)
    CH2O(19) + C=CCCCCC[CH]C(874) <=> HCO(14) + C=CCCCCCCC(138)
    HCO(14) + C=CCCCCCCC(138) <=> CH2O(19) + C=C[CH]CCCCCC(875)
    CH2O(19) + [CH2]CCCCCCC=C(876) <=> HCO(14) + C=CCCCCCCC(138)
    CH2O(19) + C=[C]CCCCCCC(877) <=> HCO(14) + C=CCCCCCCC(138)
    CH2O(19) + [CH]=CCCCCCCC(585) <=> HCO(14) + C=CCCCCCCC(138)
    HCO(14) + C=CCCCCCCC(138) <=> [CH2]C(C=O)CCCCCCC(173)
    HCO(14) + C=CCCCCCCC(138) <=> CCCCCCC[CH]CC=O(925)
    CH2(T)(17) + C[CH]CCCCCCC(153) <=> CH3(18) + C=CCCCCCCC(138)
    CH3(18) + C=CCCCCCCC(138) <=> CH4(31) + C=CCC[CH]CCCC(867)
    CH3(18) + C=CCCCCCCC(138) <=> CH4(31) + C=CCCC[CH]CCC(869)
    CH3(18) + C=CCCCCCCC(138) <=> CH4(31) + C=CCCCC[CH]CC(871)
    CH3(18) + C=CCCCCCCC(138) <=> CH4(31) + C=CC[CH]CCCCC(872)
    CH3(18) + C=CCCCCCCC(138) <=> CH4(31) + C=CCCCCC[CH]C(874)
    CH4(31) + C=C[CH]CCCCCC(875) <=> CH3(18) + C=CCCCCCCC(138)
    CH3(18) + C=CCCCCCCC(138) <=> CH4(31) + [CH2]CCCCCCC=C(876)
    CH4(31) + C=[C]CCCCCCC(877) <=> CH3(18) + C=CCCCCCCC(138)
    CH3(18) + C=CCCCCCCC(138) <=> CH4(31) + [CH]=CCCCCCCC(585)
    CH3(18) + C=CCCCCCCC(138) <=> [CH2]C(C)CCCCCCC(926)
    CH3(18) + C=CCCCCCCC(138) <=> CC[CH]CCCCCCC(633)
    CCCCCCC[CH]CC[O](927) <=> CH2O(19) + C=CCCCCCCC(138)
    [CH2]C(C[O])CCCCCCC(928) <=> CH2O(19) + C=CCCCCCCC(138)
    [CH2]OC[CH]CCCCCCC(929) <=> CH2O(19) + C=CCCCCCCC(138)
    [CH2]OC([CH2])CCCCCCC(930) <=> CH2O(19) + C=CCCCCCCC(138)
    CH2O(19) + C=CCCCCCCC(138) <=> CCCCCCCC1CCO1(931)
    CH2O(19) + C=CCCCCCCC(138) <=> CCCCCCCC1COC1(932)
    HCO(14) + C[CH]CCCCCCC(153) <=> CH2O(19) + C=CCCCCCCC(138)
    CH2OH(34) + C=CC[CH]CCCCC(872) <=> CH2O(19) + C=CCCCCCCC(138)
    CH2OH(34) + C=CCC[CH]CCCC(867) <=> CH2O(19) + C=CCCCCCCC(138)
    CH2OH(34) + C=CCCC[CH]CCC(869) <=> CH2O(19) + C=CCCCCCCC(138)
    CH2OH(34) + C=CCCCC[CH]CC(871) <=> CH2O(19) + C=CCCCCCCC(138)
    CH2OH(34) + C=CCCCCC[CH]C(874) <=> CH2O(19) + C=CCCCCCCC(138)
    CH2OH(34) + C=C[CH]CCCCCC(875) <=> CH2O(19) + C=CCCCCCCC(138)
    CH2OH(34) + [CH2]CCCCCCC=C(876) <=> CH2O(19) + C=CCCCCCCC(138)
    CH2OH(34) + C=[C]CCCCCCC(877) <=> CH2O(19) + C=CCCCCCCC(138)
    CH2OH(34) + [CH]=CCCCCCCC(585) <=> CH2O(19) + C=CCCCCCCC(138)
    CH3O(27) + C=CC[CH]CCCCC(872) <=> CH2O(19) + C=CCCCCCCC(138)
    CH3O(27) + C=CCC[CH]CCCC(867) <=> CH2O(19) + C=CCCCCCCC(138)
    CH3O(27) + C=CCCC[CH]CCC(869) <=> CH2O(19) + C=CCCCCCCC(138)
    CH3O(27) + C=CCCCC[CH]CC(871) <=> CH2O(19) + C=CCCCCCCC(138)
    CH3O(27) + C=CCCCCC[CH]C(874) <=> CH2O(19) + C=CCCCCCCC(138)
    CH3O(27) + C=C[CH]CCCCCC(875) <=> CH2O(19) + C=CCCCCCCC(138)
    CH3O(27) + [CH2]CCCCCCC=C(876) <=> CH2O(19) + C=CCCCCCCC(138)
    CH3O(27) + C=[C]CCCCCCC(877) <=> CH2O(19) + C=CCCCCCCC(138)
    CH3O(27) + [CH]=CCCCCCCC(585) <=> CH2O(19) + C=CCCCCCCC(138)
    CCCCCCC=CCOC(933) <=> CH2O(19) + C=CCCCCCCC(138)
    CCCCCCC=CCCO(934) <=> CH2O(19) + C=CCCCCCCC(138)
    [CH]=CC[CH]CCCCCCC(935) <=> C2H2(22) + C=CCCCCCCC(138)
    [CH]=CC([CH2])CCCCCCC(936) <=> C2H2(22) + C=CCCCCCCC(138)
    C2H(21) + C[CH]CCCCCCC(153) <=> C2H2(22) + C=CCCCCCCC(138)
    C2H3(29) + C=CC[CH]CCCCC(872) <=> C2H2(22) + C=CCCCCCCC(138)
    C2H3(29) + C=CCC[CH]CCCC(867) <=> C2H2(22) + C=CCCCCCCC(138)
    C2H3(29) + C=CCCC[CH]CCC(869) <=> C2H2(22) + C=CCCCCCCC(138)
    C2H3(29) + C=CCCCC[CH]CC(871) <=> C2H2(22) + C=CCCCCCCC(138)
    C2H3(29) + C=CCCCCC[CH]C(874) <=> C2H2(22) + C=CCCCCCCC(138)
    C2H3(29) + C=C[CH]CCCCCC(875) <=> C2H2(22) + C=CCCCCCCC(138)
    C2H3(29) + [CH2]CCCCCCC=C(876) <=> C2H2(22) + C=CCCCCCCC(138)
    C2H3(29) + C=[C]CCCCCCC(877) <=> C2H2(22) + C=CCCCCCCC(138)
    C2H3(29) + [CH]=CCCCCCCC(585) <=> C2H2(22) + C=CCCCCCCC(138)
    C=CCC=CCCCCCC(937) <=> C2H2(22) + C=CCCCCCCC(138)
    CH3OH(26) + C=CCCCCCCC(138) <=> CCCCCCCCCOC(938)
    CH3OH(26) + C=CCCCCCCC(138) <=> CCCCCCCC(C)OC(939)
    CH3OH(26) + C=CCCCCCCC(138) <=> CCCCCCCC(C)CO(940)
    CH3OH(26) + C=CCCCCCCC(138) <=> CCCCCCCC(O)CC(941)
    CH2OH(34) + C[CH]CCCCCCC(153) <=> CH3OH(26) + C=CCCCCCCC(138)
    CH3O(27) + C[CH]CCCCCCC(153) <=> CH3OH(26) + C=CCCCCCCC(138)
    C=C([O])C[CH]CCCCCCC(942) <=> CH2CO(28) + C=CCCCCCCC(138)
    [CH2]C(CCCCCCC)C(=C)[O](943) <=> CH2CO(28) + C=CCCCCCCC(138)
    C=[C]OC[CH]CCCCCCC(944) <=> CH2CO(28) + C=CCCCCCCC(138)
    [CH2]C(CCCCCCC)O[C]=C(945) <=> CH2CO(28) + C=CCCCCCCC(138)
    CCCCCCC[CH]CC[C]=O(946) <=> CH2CO(28) + C=CCCCCCCC(138)
    [CH2]C(C[C]=O)CCCCCCC(947) <=> CH2CO(28) + C=CCCCCCCC(138)
    CH2CO(28) + C=CCCCCCCC(138) <=> CCCCCCCC1CCC1=O(948)
    CH2CO(28) + C=CCCCCCCC(138) <=> CCCCCCCC1CC(=O)C1(949)
    HCCO(20) + C[CH]CCCCCCC(153) <=> CH2CO(28) + C=CCCCCCCC(138)
    C=[C]O(69) + C=CC[CH]CCCCC(872) <=> CH2CO(28) + C=CCCCCCCC(138)
    C=[C]O(69) + C=CCC[CH]CCCC(867) <=> CH2CO(28) + C=CCCCCCCC(138)
    C=[C]O(69) + C=CCCC[CH]CCC(869) <=> CH2CO(28) + C=CCCCCCCC(138)
    C=[C]O(69) + C=CCCCC[CH]CC(871) <=> CH2CO(28) + C=CCCCCCCC(138)
    C=[C]O(69) + C=CCCCCC[CH]C(874) <=> CH2CO(28) + C=CCCCCCCC(138)
    C=[C]O(69) + C=C[CH]CCCCCC(875) <=> CH2CO(28) + C=CCCCCCCC(138)
    C=[C]O(69) + [CH2]CCCCCCC=C(876) <=> CH2CO(28) + C=CCCCCCCC(138)
    C=[C]O(69) + C=[C]CCCCCCC(877) <=> CH2CO(28) + C=CCCCCCCC(138)
    C=[C]O(69) + [CH]=CCCCCCCC(585) <=> CH2CO(28) + C=CCCCCCCC(138)
    CH3CO(35) + C=CC[CH]CCCCC(872) <=> CH2CO(28) + C=CCCCCCCC(138)
    CH3CO(35) + C=CCC[CH]CCCC(867) <=> CH2CO(28) + C=CCCCCCCC(138)
    CH3CO(35) + C=CCCC[CH]CCC(869) <=> CH2CO(28) + C=CCCCCCCC(138)
    CH3CO(35) + C=CCCCC[CH]CC(871) <=> CH2CO(28) + C=CCCCCCCC(138)
    CH3CO(35) + C=CCCCCC[CH]C(874) <=> CH2CO(28) + C=CCCCCCCC(138)
    CH3CO(35) + C=C[CH]CCCCCC(875) <=> CH2CO(28) + C=CCCCCCCC(138)
    CH3CO(35) + [CH2]CCCCCCC=C(876) <=> CH2CO(28) + C=CCCCCCCC(138)
    CH3CO(35) + C=[C]CCCCCCC(877) <=> CH2CO(28) + C=CCCCCCCC(138)
    CH3CO(35) + [CH]=CCCCCCCC(585) <=> CH2CO(28) + C=CCCCCCCC(138)
    CH2CHO(36) + C=CC[CH]CCCCC(872) <=> CH2CO(28) + C=CCCCCCCC(138)
    CH2CHO(36) + C=CCC[CH]CCCC(867) <=> CH2CO(28) + C=CCCCCCCC(138)
    CH2CHO(36) + C=CCCC[CH]CCC(869) <=> CH2CO(28) + C=CCCCCCCC(138)
    CH2CHO(36) + C=CCCCC[CH]CC(871) <=> CH2CO(28) + C=CCCCCCCC(138)
    CH2CHO(36) + C=CCCCCC[CH]C(874) <=> CH2CO(28) + C=CCCCCCCC(138)
    CH2CHO(36) + C=C[CH]CCCCCC(875) <=> CH2CO(28) + C=CCCCCCCC(138)
    CH2CHO(36) + [CH2]CCCCCCC=C(876) <=> CH2CO(28) + C=CCCCCCCC(138)
    CH2CHO(36) + C=[C]CCCCCCC(877) <=> CH2CO(28) + C=CCCCCCCC(138)
    CH2CHO(36) + [CH]=CCCCCCCC(585) <=> CH2CO(28) + C=CCCCCCCC(138)
    C#COC(C)CCCCCCC(950) <=> CH2CO(28) + C=CCCCCCCC(138)
    C#COCCCCCCCCC(951) <=> CH2CO(28) + C=CCCCCCCC(138)
    C=COCC=CCCCCCC(952) <=> CH2CO(28) + C=CCCCCCCC(138)
    CCCCCCC=CCCC=O(953) <=> CH2CO(28) + C=CCCCCCCC(138)
    C=C(O)CC=CCCCCCC(954) <=> CH2CO(28) + C=CCCCCCCC(138)
    CCCCCCC=CCC(C)=O(955) <=> CH2CO(28) + C=CCCCCCCC(138)
    [CH2]CC[CH]CCCCCCC(857) <=> C2H4(30) + C=CCCCCCCC(138)
    [CH2]CC([CH2])CCCCCCC(956) <=> C2H4(30) + C=CCCCCCCC(138)
    C2H3(29) + C[CH]CCCCCCC(153) <=> C2H4(30) + C=CCCCCCCC(138)
    C2H5(33) + C=CC[CH]CCCCC(872) <=> C2H4(30) + C=CCCCCCCC(138)
    C2H5(33) + C=CCC[CH]CCCC(867) <=> C2H4(30) + C=CCCCCCCC(138)
    C2H5(33) + C=CCCC[CH]CCC(869) <=> C2H4(30) + C=CCCCCCCC(138)
    C2H5(33) + C=CCCCC[CH]CC(871) <=> C2H4(30) + C=CCCCCCCC(138)
    C2H5(33) + C=CCCCCC[CH]C(874) <=> C2H4(30) + C=CCCCCCCC(138)
    C2H5(33) + C=C[CH]CCCCCC(875) <=> C2H4(30) + C=CCCCCCCC(138)
    C2H5(33) + [CH2]CCCCCCC=C(876) <=> C2H4(30) + C=CCCCCCCC(138)
    C2H5(33) + C=[C]CCCCCCC(877) <=> C2H4(30) + C=CCCCCCCC(138)
    C2H5(33) + [CH]=CCCCCCCC(585) <=> C2H4(30) + C=CCCCCCCC(138)
    CCCC=CCCCCCC(957) <=> C2H4(30) + C=CCCCCCCC(138)
    CH3(18) + C[CH]CCCCCCC(153) <=> CH4(31) + C=CCCCCCCC(138)
    C2H5(33) + C[CH]CCCCCCC(153) <=> C2H6(32) + C=CCCCCCCC(138)
    [CH]C(65) + [CH2]CCCCCCCC(46) <=> C2H5(33) + C=CCCCCCCC(138)
    [CH]C(65) + C[CH]CCCCCCC(153) <=> C2H5(33) + C=CCCCCCCC(138)
    [CH2][CH2](66) + [CH2]CCCCCCCC(46) <=> C2H5(33) + C=CCCCCCCC(138)
    [CH2][CH2](66) + C[CH]CCCCCCC(153) <=> C2H5(33) + C=CCCCCCCC(138)
    C2H5(33) + C=CCCCCCCC(138) <=> C2H6(32) + C=CCC[CH]CCCC(867)
    C2H5(33) + C=CCCCCCCC(138) <=> C2H6(32) + C=CCCC[CH]CCC(869)
    C2H5(33) + C=CCCCCCCC(138) <=> C2H6(32) + C=CCCCC[CH]CC(871)
    C2H5(33) + C=CCCCCCCC(138) <=> C2H6(32) + C=CC[CH]CCCCC(872)
    C2H5(33) + C=CCCCCCCC(138) <=> C2H6(32) + C=CCCCCC[CH]C(874)
    C2H6(32) + C=C[CH]CCCCCC(875) <=> C2H5(33) + C=CCCCCCCC(138)
    C2H6(32) + [CH2]CCCCCCC=C(876) <=> C2H5(33) + C=CCCCCCCC(138)
    C2H5(33) + C=CCCCCCCC(138) <=> C2H6(32) + C=[C]CCCCCCC(877)
    C2H5(33) + C=CCCCCCCC(138) <=> C2H6(32) + [CH]=CCCCCCCC(585)
    C2H5(33) + C=CCCCCCCC(138) <=> [CH2]C(CC)CCCCCCC(958)
    C2H5(33) + C=CCCCCCCC(138) <=> CCC[CH]CCCCCCC(845)
    [CH2]C([O])C[CH]CCCCCCC(959) <=> CH2CHO(36) + C=CCCCCCCC(138)
    [CH2]C([O])C([CH2])CCCCCCC(960) <=> CH2CHO(36) + C=CCCCCCCC(138)
    [CH2][CH]OC[CH]CCCCCCC(961) <=> CH2CHO(36) + C=CCCCCCCC(138)
    [CH2][CH]OC([CH2])CCCCCCC(962) <=> CH2CHO(36) + C=CCCCCCCC(138)
    CH2CHO(36) + C=CCCCCCCC(138) <=> [CH2]C1CC(CCCCCCC)O1(963)
    CH2CHO(36) + C=CCCCCCCC(138) <=> [CH2]C1OCC1CCCCCCC(964)
    [CH]=C[O](60) + [CH2]CCCCCCCC(46) <=> CH2CHO(36) + C=CCCCCCCC(138)
    [CH]=C[O](60) + C[CH]CCCCCCC(153) <=> CH2CHO(36) + C=CCCCCCCC(138)
    [CH2][C]=O(68) + [CH2]CCCCCCCC(46) <=> CH2CHO(36) + C=CCCCCCCC(138)
    [CH2][C]=O(68) + C[CH]CCCCCCC(153) <=> CH2CHO(36) + C=CCCCCCCC(138)
    [CH2][CH]O(126) + C=CC[CH]CCCCC(872) <=> CH2CHO(36) + C=CCCCCCCC(138)
    [CH2][CH]O(126) + C=CCC[CH]CCCC(867) <=> CH2CHO(36) + C=CCCCCCCC(138)
    [CH2][CH]O(126) + C=CCCC[CH]CCC(869) <=> CH2CHO(36) + C=CCCCCCCC(138)
    [CH2][CH]O(126) + C=CCCCC[CH]CC(871) <=> CH2CHO(36) + C=CCCCCCCC(138)
    [CH2][CH]O(126) + C=CCCCCC[CH]C(874) <=> CH2CHO(36) + C=CCCCCCCC(138)
    [CH2][CH]O(126) + C=C[CH]CCCCCC(875) <=> CH2CHO(36) + C=CCCCCCCC(138)
    [CH2][CH]O(126) + [CH2]CCCCCCC=C(876) <=> CH2CHO(36) + C=CCCCCCCC(138)
    [CH2][CH]O(126) + C=[C]CCCCCCC(877) <=> CH2CHO(36) + C=CCCCCCCC(138)
    [CH2][CH]O(126) + [CH]=CCCCCCCC(585) <=> CH2CHO(36) + C=CCCCCCCC(138)
    [CH2]C[O](71) + C=CC[CH]CCCCC(872) <=> CH2CHO(36) + C=CCCCCCCC(138)
    [CH2]C[O](71) + C=CCC[CH]CCCC(867) <=> CH2CHO(36) + C=CCCCCCCC(138)
    [CH2]C[O](71) + C=CCCC[CH]CCC(869) <=> CH2CHO(36) + C=CCCCCCCC(138)
    [CH2]C[O](71) + C=CCCCC[CH]CC(871) <=> CH2CHO(36) + C=CCCCCCCC(138)
    [CH2]C[O](71) + C=CCCCCC[CH]C(874) <=> CH2CHO(36) + C=CCCCCCCC(138)
    [CH2]C[O](71) + C=C[CH]CCCCCC(875) <=> CH2CHO(36) + C=CCCCCCCC(138)
    [CH2]C[O](71) + [CH2]CCCCCCC=C(876) <=> CH2CHO(36) + C=CCCCCCCC(138)
    [CH2]C[O](71) + C=[C]CCCCCCC(877) <=> CH2CHO(36) + C=CCCCCCCC(138)
    [CH2]C[O](71) + [CH]=CCCCCCCC(585) <=> CH2CHO(36) + C=CCCCCCCC(138)
    CH3CHO(37) + C=CCC[CH]CCCC(867) <=> CH2CHO(36) + C=CCCCCCCC(138)
    CH3CHO(37) + C=CCCC[CH]CCC(869) <=> CH2CHO(36) + C=CCCCCCCC(138)
    CH3CHO(37) + C=CCCCC[CH]CC(871) <=> CH2CHO(36) + C=CCCCCCCC(138)
    CH3CHO(37) + C=CC[CH]CCCCC(872) <=> CH2CHO(36) + C=CCCCCCCC(138)
    CH3CHO(37) + C=CCCCCC[CH]C(874) <=> CH2CHO(36) + C=CCCCCCCC(138)
    CH2CHO(36) + C=CCCCCCCC(138) <=> CH3CHO(37) + C=C[CH]CCCCCC(875)
    CH3CHO(37) + [CH2]CCCCCCC=C(876) <=> CH2CHO(36) + C=CCCCCCCC(138)
    CH3CHO(37) + C=[C]CCCCCCC(877) <=> CH2CHO(36) + C=CCCCCCCC(138)
    CH3CHO(37) + [CH]=CCCCCCCC(585) <=> CH2CHO(36) + C=CCCCCCCC(138)
    CH2CHO(36) + C=CCCCCCCC(138) <=> [CH2]C(CC=O)CCCCCCC(965)
    CH2CHO(36) + C=CCCCCCCC(138) <=> CCCCCCC[CH]CCC=O(966)
    [CH2]COCC=CCCCCCC(967) <=> CH2CHO(36) + C=CCCCCCCC(138)
    [CH2]C(O)CC=CCCCCCC(968) <=> CH2CHO(36) + C=CCCCCCCC(138)
    CCCCCCC[CH]CC[CH][O](969) <=> CH2CHO(36) + C=CCCCCCCC(138)
    [CH2]C(C[CH][O])CCCCCCC(970) <=> CH2CHO(36) + C=CCCCCCCC(138)
    C[CH][O](127) + C=CC[CH]CCCCC(872) <=> CH2CHO(36) + C=CCCCCCCC(138)
    C[CH][O](127) + C=CCC[CH]CCCC(867) <=> CH2CHO(36) + C=CCCCCCCC(138)
    C[CH][O](127) + C=CCCC[CH]CCC(869) <=> CH2CHO(36) + C=CCCCCCCC(138)
    C[CH][O](127) + C=CCCCC[CH]CC(871) <=> CH2CHO(36) + C=CCCCCCCC(138)
    C[CH][O](127) + C=CCCCCC[CH]C(874) <=> CH2CHO(36) + C=CCCCCCCC(138)
    C[CH][O](127) + C=C[CH]CCCCCC(875) <=> CH2CHO(36) + C=CCCCCCCC(138)
    C[CH][O](127) + [CH2]CCCCCCC=C(876) <=> CH2CHO(36) + C=CCCCCCCC(138)
    C[CH][O](127) + C=[C]CCCCCCC(877) <=> CH2CHO(36) + C=CCCCCCCC(138)
    C[CH][O](127) + [CH]=CCCCCCCC(585) <=> CH2CHO(36) + C=CCCCCCCC(138)
    C2H3OH(72) + C=CCC[CH]CCCC(867) <=> CH2CHO(36) + C=CCCCCCCC(138)
    C2H3OH(72) + C=CCCC[CH]CCC(869) <=> CH2CHO(36) + C=CCCCCCCC(138)
    C2H3OH(72) + C=CCCCC[CH]CC(871) <=> CH2CHO(36) + C=CCCCCCCC(138)
    C2H3OH(72) + C=CC[CH]CCCCC(872) <=> CH2CHO(36) + C=CCCCCCCC(138)
    C2H3OH(72) + C=CCCCCC[CH]C(874) <=> CH2CHO(36) + C=CCCCCCCC(138)
    CH2CHO(36) + C=CCCCCCCC(138) <=> C2H3OH(72) + C=C[CH]CCCCCC(875)
    C2H3OH(72) + [CH2]CCCCCCC=C(876) <=> CH2CHO(36) + C=CCCCCCCC(138)
    C2H3OH(72) + C=[C]CCCCCCC(877) <=> CH2CHO(36) + C=CCCCCCCC(138)
    C2H3OH(72) + [CH]=CCCCCCCC(585) <=> CH2CHO(36) + C=CCCCCCCC(138)
    CH2CHO(36) + C=CCCCCCCC(138) <=> [CH2]C(CCCCCCC)OC=C(971)
    CH2CHO(36) + C=CCCCCCCC(138) <=> C=COC[CH]CCCCCCC(972)
    CCCCCCC=CCCC[O](973) <=> CH2CHO(36) + C=CCCCCCCC(138)
    CCCCCCC=CCC(C)[O](974) <=> CH2CHO(36) + C=CCCCCCCC(138)
    CCCCCCC[CH]CC(C)[O](975) <=> CH3CHO(37) + C=CCCCCCCC(138)
    [CH2]C(CCCCCCC)C(C)[O](976) <=> CH3CHO(37) + C=CCCCCCCC(138)
    C[CH]OC[CH]CCCCCCC(977) <=> CH3CHO(37) + C=CCCCCCCC(138)
    [CH2]C(CCCCCCC)O[CH]C(978) <=> CH3CHO(37) + C=CCCCCCCC(138)
    CH3CHO(37) + C=CCCCCCCC(138) <=> CCCCCCCC1CC(C)O1(979)
    CH3CHO(37) + C=CCCCCCCC(138) <=> CCCCCCCC1COC1C(980)
    CH2CHO(36) + C[CH]CCCCCCC(153) <=> CH3CHO(37) + C=CCCCCCCC(138)
    CH3CO(35) + C[CH]CCCCCCC(153) <=> CH3CHO(37) + C=CCCCCCCC(138)
    CH3CHOH(133) + C=CC[CH]CCCCC(872) <=> CH3CHO(37) + C=CCCCCCCC(138)
    CH3CHOH(133) + C=CCC[CH]CCCC(867) <=> CH3CHO(37) + C=CCCCCCCC(138)
    CH3CHOH(133) + C=CCCC[CH]CCC(869) <=> CH3CHO(37) + C=CCCCCCCC(138)
    CH3CHOH(133) + C=CCCCC[CH]CC(871) <=> CH3CHO(37) + C=CCCCCCCC(138)
    CH3CHOH(133) + C=CCCCCC[CH]C(874) <=> CH3CHO(37) + C=CCCCCCCC(138)
    CH3CHOH(133) + C=C[CH]CCCCCC(875) <=> CH3CHO(37) + C=CCCCCCCC(138)
    CH3CHOH(133) + [CH2]CCCCCCC=C(876) <=> CH3CHO(37) + C=CCCCCCCC(138)
    CH3CHOH(133) + C=[C]CCCCCCC(877) <=> CH3CHO(37) + C=CCCCCCCC(138)
    CH3CHOH(133) + [CH]=CCCCCCCC(585) <=> CH3CHO(37) + C=CCCCCCCC(138)
    CH3CH2O(134) + C=CC[CH]CCCCC(872) <=> CH3CHO(37) + C=CCCCCCCC(138)
    CH3CH2O(134) + C=CCC[CH]CCCC(867) <=> CH3CHO(37) + C=CCCCCCCC(138)
    CH3CH2O(134) + C=CCCC[CH]CCC(869) <=> CH3CHO(37) + C=CCCCCCCC(138)
    CH3CH2O(134) + C=CCCCC[CH]CC(871) <=> CH3CHO(37) + C=CCCCCCCC(138)
    CH3CH2O(134) + C=CCCCCC[CH]C(874) <=> CH3CHO(37) + C=CCCCCCCC(138)
    CH3CH2O(134) + C=C[CH]CCCCCC(875) <=> CH3CHO(37) + C=CCCCCCCC(138)
    CH3CH2O(134) + [CH2]CCCCCCC=C(876) <=> CH3CHO(37) + C=CCCCCCCC(138)
    CH3CH2O(134) + C=[C]CCCCCCC(877) <=> CH3CHO(37) + C=CCCCCCCC(138)
    CH3CH2O(134) + [CH]=CCCCCCCC(585) <=> CH3CHO(37) + C=CCCCCCCC(138)
    C=COC(C)CCCCCCC(981) <=> CH3CHO(37) + C=CCCCCCCC(138)
    C=COCCCCCCCCC(453) <=> CH3CHO(37) + C=CCCCCCCC(138)
    CCCCCCC=CCOCC(982) <=> CH3CHO(37) + C=CCCCCCCC(138)
    CCCCCCC=CCC(C)O(983) <=> CH3CHO(37) + C=CCCCCCCC(138)
    C[CH]CCCCCCC(153) + CCCC[CH]CCCCCCC(43) <=> C=CCCCCCCC(138) + C12H24(1)
    [CH2]CCCCCCCC(46) + CCCCC[CH]CCCCCC(45) <=> C=CCCCCCCC(138) + C12H24(1)
    C[CH]CCCCCCC(153) + CCCCC[CH]CCCCCC(45) <=> C=CCCCCCCC(138) + C12H24(1)
    [CH2]CCCCCCCC(46) + CCC[CH]CCCCCCCC(48) <=> C=CCCCCCCC(138) + C12H24(1)
    C[CH]CCCCCCC(153) + CCC[CH]CCCCCCCC(48) <=> C=CCCCCCCC(138) + C12H24(1)
    [CH2]CCCCCCCC(46) + CC[CH]CCCCCCCCC(50) <=> C=CCCCCCCC(138) + C12H24(1)
    C[CH]CCCCCCC(153) + CC[CH]CCCCCCCCC(50) <=> C=CCCCCCCC(138) + C12H24(1)
    C[CH]CCCCCCC(153) + C[CH]CCCCCCCCCC(52) <=> C=CCCCCCCC(138) + C12H24(1)
    C[CH]CCCCCCC(153) + [CH2]CCCCCCCCCCC(53) <=> C=CCCCCCCC(138) + C12H24(1)
    HO2(10) + C=CCC[CH]CCCC(867) <=> O2(2) + C=CCCCCCCC(138)
    HO2(10) + C=CCCC[CH]CCC(869) <=> O2(2) + C=CCCCCCCC(138)
    HO2(10) + C=CCCCC[CH]CC(871) <=> O2(2) + C=CCCCCCCC(138)
    HO2(10) + C=CC[CH]CCCCC(872) <=> O2(2) + C=CCCCCCCC(138)
    HO2(10) + C=CCCCCC[CH]C(874) <=> O2(2) + C=CCCCCCCC(138)
    HO2(10) + C=C[CH]CCCCCC(875) <=> O2(2) + C=CCCCCCCC(138)
    HO2(10) + [CH2]CCCCCCC=C(876) <=> O2(2) + C=CCCCCCCC(138)
    HO2(10) + C=[C]CCCCCCC(877) <=> O2(2) + C=CCCCCCCC(138)
    O2(2) + C=CCCCCCCC(138) <=> HO2(10) + [CH]=CCCCCCCC(585)
    O2(2) + C=CCCCCCCC(138) <=> [CH2]C(CCCCCCC)O[O](984)
    O2(2) + C=CCCCCCCC(138) <=> CCCCCCC[CH]CO[O](985)
    C[CH]CC[CH]CCCCCCC(753) <=> C=CC(158) + C=CCCCCCCC(138)
    [CH2]C(C[CH]C)CCCCCCC(986) <=> C=CC(158) + C=CCCCCCCC(138)
    [CH2]C(C)C[CH]CCCCCCC(987) <=> C=CC(158) + C=CCCCCCCC(138)
    [CH2]C(C)C([CH2])CCCCCCC(988) <=> C=CC(158) + C=CCCCCCCC(138)
    [CH2]C=C(643) + [CH2]CCCCCCCC(46) <=> C=CC(158) + C=CCCCCCCC(138)
    [CH2]C=C(643) + C[CH]CCCCCCC(153) <=> C=CC(158) + C=CCCCCCCC(138)
    C=[C]C(644) + [CH2]CCCCCCCC(46) <=> C=CC(158) + C=CCCCCCCC(138)
    C=[C]C(644) + C[CH]CCCCCCC(153) <=> C=CC(158) + C=CCCCCCCC(138)
    [CH]=CC(374) + [CH2]CCCCCCCC(46) <=> C=CC(158) + C=CCCCCCCC(138)
    [CH]=CC(374) + C[CH]CCCCCCC(153) <=> C=CC(158) + C=CCCCCCCC(138)
    [CH2]CC(47) + C=CC[CH]CCCCC(872) <=> C=CC(158) + C=CCCCCCCC(138)
    [CH2]CC(47) + C=CCC[CH]CCCC(867) <=> C=CC(158) + C=CCCCCCCC(138)
    [CH2]CC(47) + C=CCCC[CH]CCC(869) <=> C=CC(158) + C=CCCCCCCC(138)
    [CH2]CC(47) + C=CCCCC[CH]CC(871) <=> C=CC(158) + C=CCCCCCCC(138)
    [CH2]CC(47) + C=CCCCCC[CH]C(874) <=> C=CC(158) + C=CCCCCCCC(138)
    [CH2]CC(47) + C=C[CH]CCCCCC(875) <=> C=CC(158) + C=CCCCCCCC(138)
    [CH2]CC(47) + [CH2]CCCCCCC=C(876) <=> C=CC(158) + C=CCCCCCCC(138)
    [CH2]CC(47) + C=[C]CCCCCCC(877) <=> C=CC(158) + C=CCCCCCCC(138)
    [CH2]CC(47) + [CH]=CCCCCCCC(585) <=> C=CC(158) + C=CCCCCCCC(138)
    C[CH]C(160) + C=CC[CH]CCCCC(872) <=> C=CC(158) + C=CCCCCCCC(138)
    C[CH]C(160) + C=CCC[CH]CCCC(867) <=> C=CC(158) + C=CCCCCCCC(138)
    C[CH]C(160) + C=CCCC[CH]CCC(869) <=> C=CC(158) + C=CCCCCCCC(138)
    C[CH]C(160) + C=CCCCC[CH]CC(871) <=> C=CC(158) + C=CCCCCCCC(138)
    C[CH]C(160) + C=CCCCCC[CH]C(874) <=> C=CC(158) + C=CCCCCCCC(138)
    C[CH]C(160) + C=C[CH]CCCCCC(875) <=> C=CC(158) + C=CCCCCCCC(138)
    C[CH]C(160) + [CH2]CCCCCCC=C(876) <=> C=CC(158) + C=CCCCCCCC(138)
    C[CH]C(160) + C=[C]CCCCCCC(877) <=> C=CC(158) + C=CCCCCCCC(138)
    C[CH]C(160) + [CH]=CCCCCCCC(585) <=> C=CC(158) + C=CCCCCCCC(138)
    C=CCC(C)CCCCCCC(989) <=> C=CC(158) + C=CCCCCCCC(138)
    C=CCCCCCCCCCC(747) <=> C=CC(158) + C=CCCCCCCC(138)
    CCCCCCC=CCC(C)C(990) <=> C=CC(158) + C=CCCCCCCC(138)
    CCCCC=CCCCCCC(851) <=> C=CC(158) + C=CCCCCCCC(138)
    CCCCCCC[CH]CC[CH]CCCCCCC(991) <=> C=CCCCCCCC(138) + C=CCCCCCCC(138)
    [CH2]C(C[CH]CCCCCCC)CCCCCCC(992) <=> C=CCCCCCCC(138) + C=CCCCCCCC(138)
    [CH2]C(CCCCCCC)C([CH2])CCCCCCC(993) <=> C=CCCCCCCC(138) + C=CCCCCCCC(138)
    C=CC[CH]CCCCC(872) + [CH2]CCCCCCCC(46) <=> C=CCCCCCCC(138) + C=CCCCCCCC(138)
    C=CC[CH]CCCCC(872) + C[CH]CCCCCCC(153) <=> C=CCCCCCCC(138) + C=CCCCCCCC(138)
    C=CCC[CH]CCCC(867) + [CH2]CCCCCCCC(46) <=> C=CCCCCCCC(138) + C=CCCCCCCC(138)
    C=CCC[CH]CCCC(867) + C[CH]CCCCCCC(153) <=> C=CCCCCCCC(138) + C=CCCCCCCC(138)
    C=CCCC[CH]CCC(869) + [CH2]CCCCCCCC(46) <=> C=CCCCCCCC(138) + C=CCCCCCCC(138)
    C=CCCC[CH]CCC(869) + C[CH]CCCCCCC(153) <=> C=CCCCCCCC(138) + C=CCCCCCCC(138)
    C=CCCCC[CH]CC(871) + [CH2]CCCCCCCC(46) <=> C=CCCCCCCC(138) + C=CCCCCCCC(138)
    C=CCCCC[CH]CC(871) + C[CH]CCCCCCC(153) <=> C=CCCCCCCC(138) + C=CCCCCCCC(138)
    C=CCCCCC[CH]C(874) + [CH2]CCCCCCCC(46) <=> C=CCCCCCCC(138) + C=CCCCCCCC(138)
    C=CCCCCC[CH]C(874) + C[CH]CCCCCCC(153) <=> C=CCCCCCCC(138) + C=CCCCCCCC(138)
    C=C[CH]CCCCCC(875) + [CH2]CCCCCCCC(46) <=> C=CCCCCCCC(138) + C=CCCCCCCC(138)
    C=C[CH]CCCCCC(875) + C[CH]CCCCCCC(153) <=> C=CCCCCCCC(138) + C=CCCCCCCC(138)
    [CH2]CCCCCCC=C(876) + [CH2]CCCCCCCC(46) <=> C=CCCCCCCC(138) + C=CCCCCCCC(138)
    [CH2]CCCCCCC=C(876) + C[CH]CCCCCCC(153) <=> C=CCCCCCCC(138) + C=CCCCCCCC(138)
    C=[C]CCCCCCC(877) + [CH2]CCCCCCCC(46) <=> C=CCCCCCCC(138) + C=CCCCCCCC(138)
    C=[C]CCCCCCC(877) + C[CH]CCCCCCC(153) <=> C=CCCCCCCC(138) + C=CCCCCCCC(138)
    [CH]=CCCCCCCC(585) + [CH2]CCCCCCCC(46) <=> C=CCCCCCCC(138) + C=CCCCCCCC(138)
    [CH]=CCCCCCCC(585) + C[CH]CCCCCCC(153) <=> C=CCCCCCCC(138) + C=CCCCCCCC(138)
    CCCCCCC=CCC(C)CCCCCCC(994) <=> C=CCCCCCCC(138) + C=CCCCCCCC(138)
    CCCCCCC=CCCCCCCCCCC(995) <=> C=CCCCCCCC(138) + C=CCCCCCCC(138)

After model enlargement:
    The model core has 54 species and 544 reactions
    The model edge has 941 species and 3106 reactions


Saving current model core to Chemkin file...
Chemkin file contains 551 reactions.
Saving annotated version of Chemkin file...
Chemkin file contains 551 reactions.
Saving current model core and edge to Chemkin file...
Chemkin file contains 3657 reactions.
Saving annotated version of Chemkin file...
Chemkin file contains 3657 reactions.
Saving current model core to HTML file...
Saving current model edge to HTML file...
Updating RMG execution statistics...
    Execution time (DD:HH:MM:SS): 00:00:01:39
    Memory used: 933.08 MB

Making seed mechanism...
Conducting simulation of reaction system 1...
At time 2.9494e-06 s, species C=CCCCC(514) at 0.10013282486336521 exceeded the minimum rate for simulation interruption of 0.1
At time 2.9494e-06 s, species C=CCCCC(514) at rate ratio 0.10013282486336521 exceeded the minimum rate for moving to model core of 0.1
terminating simulation due to interrupt...


Adding species C=CCCCC(514) to model core

Summary of Model Enlargement
---------------------------------
Added 1 new core species
    C=CCCCC(514)
Created 0 new edge species
Moved 7 reactions from edge to core
    H(3) + C=CCCCC(514) <=> [CH2]CCCCC(44)
    O2(2) + [CH2]CCCCC(44) <=> HO2(10) + C=CCCCC(514)
    H(3) + C=CCCCC(514) <=> C[CH]CCCC(519)
    O2(2) + C[CH]CCCC(519) <=> HO2(10) + C=CCCCC(514)
    C=CCCCC(514) <=> C=CC(158) + C=CC(158)
    C=CCCCC(514) + [CH2]CCCCC(44) <=> CCCC[CH]CCCCCCC(43)
    C=CCCCCCCC(138) <=> C=CC(158) + C=CCCCC(514)
Added 0 new core reactions
Created 0 new edge reactions

After model enlargement:
    The model core has 55 species and 551 reactions
    The model edge has 940 species and 3099 reactions


At time 9.0768e-05 s, reached target termination conversion: 0.900000 of C12H24(1)
    C12H24(1) conversion: 0.9028    

For reaction generation 1 process is used.
Generating thermo for new species...
Generating kinetics for new reactions...
For reaction O2(2) + C=CCCCC(514) <=> [CH2]C(CCCC)O[O](1082), Ea raised from 143.7 to 145.8 kJ/mol to match endothermicity of reaction.
For reaction O2(2) + C=CCCCC(514) <=> CCCC[CH]CO[O](1083), Ea raised from 142.8 to 144.9 kJ/mol to match endothermicity of reaction.

Summary of Secondary Model Edge Enlargement
---------------------------------
Added 0 new core species
Created 105 new edge species
    C=CC[CH]CC(996)
    C=CCC[CH]C(997)
    C=C[CH]CCC(998)
    C=[C]CCCC(999)
    C[C]CCCC(1000)
    [CH]CCCCC(1001)
    [CH2]C(O)CCCC(1002)
    CCCC[CH]CO(1003)
    CCCCCCO(1004)
    CCCCC(C)O(1005)
    [CH2]C(CCCC)OO(1006)
    CCCC[CH]COO(1007)
    C=CCC(C=O)CC(1008)
    C=CCCC(C)C=O(1009)
    C=CC(C=O)CCC(1010)
    C=CCCCCC=O(1011)
    C=C(C=O)CCCC(1012)
    CCCCC=CC=O(1013)
    C=CCCCC(C)=O(1014)
    [C-]=[O+]CC=CCCC(1015)
    CCCC=CC[C-]=[OH+](1016)
    C=CCC(CC)OC=O(1017)
    C=CCCC(C)OC=O(1018)
    C=CC(CCC)OC=O(1019)
    C=CCCCCOC=O(1020)
    C=C(CCCC)OC=O(1021)
    CCCCC=COC=O(1022)
    C=CCCCC(=O)OC(1023)
    C=CCC(CC)C(=O)O(1024)
    C=CCCC(C)C(=O)O(1025)
    C=CC(CCC)C(=O)O(1026)
    C=CCCCCC(=O)O(1027)
    C=C(CCCC)C(=O)O(1028)
    CCCCC=CC(=O)O(1029)
    C=CCCCOC(C)=O(1030)
    CCCC[CH]CC([O])=O(1031)
    [CH2]C(CCCC)C([O])=O(1032)
    CCCC[CH]CO[C]=O(1033)
    [CH2]C(CCCC)O[C]=O(1034)
    CCCC=CCOC=O(1035)
    CCCC=CCC(=O)O(1036)
    [CH2]C(C=O)CCCC(1037)
    CCCC[CH]CC=O(1038)
    [CH2]C(C)CCCC(1039)
    CCCC[CH]CC[O](1040)
    [CH2]C(C[O])CCCC(1041)
    [CH2]OC[CH]CCCC(1042)
    [CH2]OC([CH2])CCCC(1043)
    CCCCC1CCO1(1044)
    CCCCC1COC1(1045)
    CCCC=CCOC(1046)
    CCCC=CCCO(1047)
    [CH]=CC[CH]CCCC(1048)
    [CH]=CC([CH2])CCCC(1049)
    C=CCC=CCCC(1050)
    CCCCCCOC(1051)
    CCCCC(C)OC(1052)
    CCCCC(C)CO(1053)
    CCCCC(O)CC(1054)
    C=C([O])C[CH]CCCC(1055)
    [CH2]C(CCCC)C(=C)[O](1056)
    C=[C]OC[CH]CCCC(1057)
    [CH2]C(CCCC)O[C]=C(1058)
    CCCC[CH]CC[C]=O(1059)
    [CH2]C(C[C]=O)CCCC(1060)
    CCCCC1CCC1=O(1061)
    CCCCC1CC(=O)C1(1062)
    C#COC(C)CCCC(1063)
    C#COCCCCCC(1064)
    C=COCC=CCCC(1065)
    CCCC=CCCC=O(1066)
    C=C(O)CC=CCCC(1067)
    CCCC=CCC(C)=O(1068)
    [CH2]CC([CH2])CCCC(1069)
    CCCC=CCCC(1070)
    [CH2]C(CC)CCCC(1071)
    CCCC[CH]CC(C)[O](1072)
    [CH2]C(CCCC)C(C)[O](1073)
    C[CH]OC[CH]CCCC(1074)
    [CH2]C(CCCC)O[CH]C(1075)
    CCCCC1CC(C)O1(1076)
    CCCCC1COC1C(1077)
    C=COC(C)CCCC(1078)
    C=COCCCCCC(1079)
    CCCC=CCOCC(1080)
    CCCC=CCC(C)O(1081)
    [CH2]C(CCCC)O[O](1082)
    CCCC[CH]CO[O](1083)
    [CH2]C(C[CH]C)CCCC(1084)
    [CH2]C(C)C[CH]CCCC(1085)
    [CH2]C(C)C([CH2])CCCC(1086)
    C=CCC(C)CCCC(1087)
    CCCC=CCC(C)C(1088)
    CCCC=CCCCC(1089)
    CCCC[CH]CC[CH]CCCCCCC(1090)
    [CH2]C(C[CH]CCCCCCC)CCCC(1091)
    [CH2]C(C[CH]CCCC)CCCCCCC(1092)
    [CH2]C(CCCC)C([CH2])CCCCCCC(1093)
    CCCCCCC=CCC(C)CCCC(1094)
    CCCCCCC=CCCCCCCC(1095)
    CCCC=CCC(C)CCCCCCC(1096)
    CCCC=CCCCCCCCCCC(1097)
    [CH2]C(C[CH]CCCC)CCCC(1098)
    [CH2]C(CCCC)C([CH2])CCCC(1099)
    CCCC=CCC(C)CCCC(1100)
Added 37 new core reactions
    C2H3(29) + [CH2]CCC(41) <=> C=CCCCC(514)
    O(4) + [CH2]CCCCC(44) <=> OH(5) + C=CCCCC(514)
    O(4) + C[CH]CCCC(519) <=> OH(5) + C=CCCCC(514)
    H(3) + [CH2]CCCCC(44) <=> H2(6) + C=CCCCC(514)
    H(3) + C[CH]CCCC(519) <=> H2(6) + C=CCCCC(514)
    OH(5) + [CH2]CCCCC(44) <=> H2O(7) + C=CCCCC(514)
    OH(5) + C[CH]CCCC(519) <=> H2O(7) + C=CCCCC(514)
    HO2(10) + [CH2]CCCCC(44) <=> H2O2(11) + C=CCCCC(514)
    HO2(10) + C[CH]CCCC(519) <=> H2O2(11) + C=CCCCC(514)
    CH2(T)(17) + [CH2]CCCCC(44) <=> CH3(18) + C=CCCCC(514)
    CH2(T)(17) + C[CH]CCCC(519) <=> CH3(18) + C=CCCCC(514)
    HCO(14) + [CH2]CCCCC(44) <=> CH2O(19) + C=CCCCC(514)
    HCO(14) + C[CH]CCCC(519) <=> CH2O(19) + C=CCCCC(514)
    C2H(21) + [CH2]CCCCC(44) <=> C2H2(22) + C=CCCCC(514)
    C2H(21) + C[CH]CCCC(519) <=> C2H2(22) + C=CCCCC(514)
    CH2OH(34) + [CH2]CCCCC(44) <=> CH3OH(26) + C=CCCCC(514)
    CH2OH(34) + C[CH]CCCC(519) <=> CH3OH(26) + C=CCCCC(514)
    CH3O(27) + [CH2]CCCCC(44) <=> CH3OH(26) + C=CCCCC(514)
    CH3O(27) + C[CH]CCCC(519) <=> CH3OH(26) + C=CCCCC(514)
    HCCO(20) + [CH2]CCCCC(44) <=> CH2CO(28) + C=CCCCC(514)
    HCCO(20) + C[CH]CCCC(519) <=> CH2CO(28) + C=CCCCC(514)
    C2H3(29) + [CH2]CCCCC(44) <=> C2H4(30) + C=CCCCC(514)
    C2H3(29) + C[CH]CCCC(519) <=> C2H4(30) + C=CCCCC(514)
    CH3(18) + [CH2]CCCCC(44) <=> CH4(31) + C=CCCCC(514)
    CH3(18) + C[CH]CCCC(519) <=> CH4(31) + C=CCCCC(514)
    C2H5(33) + [CH2]CCCCC(44) <=> C2H6(32) + C=CCCCC(514)
    C2H5(33) + C[CH]CCCC(519) <=> C2H6(32) + C=CCCCC(514)
    CH2CHO(36) + [CH2]CCCCC(44) <=> CH3CHO(37) + C=CCCCC(514)
    CH2CHO(36) + C[CH]CCCC(519) <=> CH3CHO(37) + C=CCCCC(514)
    CH3CO(35) + [CH2]CCCCC(44) <=> CH3CHO(37) + C=CCCCC(514)
    CH3CO(35) + C[CH]CCCC(519) <=> CH3CHO(37) + C=CCCCC(514)
    [CH2]CCCCC(44) + CCCC[CH]CCCCCCC(43) <=> C=CCCCC(514) + C12H24(1)
    C[CH]CCCC(519) + CCCC[CH]CCCCCCC(43) <=> C=CCCCC(514) + C12H24(1)
    [CH2]CCCCC(44) + C[CH]CCCCCCCCCC(52) <=> C=CCCCC(514) + C12H24(1)
    C[CH]CCCC(519) + C[CH]CCCCCCCCCC(52) <=> C=CCCCC(514) + C12H24(1)
    [CH2]CCCCC(44) + [CH2]CCCCCCCCCCC(53) <=> C=CCCCC(514) + C12H24(1)
    C[CH]CCCC(519) + [CH2]CCCCCCCCCCC(53) <=> C=CCCCC(514) + C12H24(1)
Created 313 new edge reactions
    CH2(S)(24) + C=CCCC(598) <=> C=CCCCC(514)
    CH2(S)(24) + C=CCCC(598) <=> C=CCCCC(514)
    [CH2]C[CH]CCC(516) <=> C=CCCCC(514)
    [CH2]CC[CH]CC(515) <=> C=CCCCC(514)
    C[CH]C[CH]CC(639) <=> C=CCCCC(514)
    [CH2]CCC[CH]C(517) <=> C=CCCCC(514)
    C[CH]CC[CH]C(640) <=> C=CCCCC(514)
    [CH2]CCCC[CH2](139) <=> C=CCCCC(514)
    [CH2]CCC[CH]C(517) <=> C=CCCCC(514)
    C2H5(33) + [CH2]CC=C(538) <=> C=CCCCC(514)
    [CH2]C=C(643) + [CH2]CC(47) <=> C=CCCCC(514)
    H(3) + C=CC[CH]CC(996) <=> C=CCCCC(514)
    CH3(18) + [CH2]CCC=C(866) <=> C=CCCCC(514)
    H(3) + C=CCC[CH]C(997) <=> C=CCCCC(514)
    H(3) + C=C[CH]CCC(998) <=> C=CCCCC(514)
    H(3) + [CH2]CCCC=C(868) <=> C=CCCCC(514)
    H(3) + C=[C]CCCC(999) <=> C=CCCCC(514)
    H(3) + [CH]=CCCCC(500) <=> C=CCCCC(514)
    C[C]CCCC(1000) <=> C=CCCCC(514)
    [CH]CCCCC(1001) <=> C=CCCCC(514)
    OH(5) + C=CCCCC(514) <=> H2O(7) + C=CC[CH]CC(996)
    OH(5) + C=CCCCC(514) <=> H2O(7) + C=CCC[CH]C(997)
    OH(5) + C=CCCCC(514) <=> H2O(7) + C=C[CH]CCC(998)
    OH(5) + C=CCCCC(514) <=> H2O(7) + [CH2]CCCC=C(868)
    OH(5) + C=CCCCC(514) <=> H2O(7) + C=[C]CCCC(999)
    OH(5) + C=CCCCC(514) <=> H2O(7) + [CH]=CCCCC(500)
    OH(5) + C=CCCCC(514) <=> [CH2]C(O)CCCC(1002)
    OH(5) + C=CCCCC(514) <=> CCCC[CH]CO(1003)
    H2O(7) + C=CCCCC(514) <=> CCCCCCO(1004)
    H2O(7) + C=CCCCC(514) <=> CCCCC(C)O(1005)
    CCCCC(C)O[O](642) <=> HO2(10) + C=CCCCC(514)
    CCCCCCO[O](544) <=> HO2(10) + C=CCCCC(514)
    H2O2(11) + C=CC[CH]CC(996) <=> HO2(10) + C=CCCCC(514)
    H2O2(11) + C=CCC[CH]C(997) <=> HO2(10) + C=CCCCC(514)
    HO2(10) + C=CCCCC(514) <=> H2O2(11) + C=C[CH]CCC(998)
    H2O2(11) + [CH2]CCCC=C(868) <=> HO2(10) + C=CCCCC(514)
    H2O2(11) + C=[C]CCCC(999) <=> HO2(10) + C=CCCCC(514)
    H2O2(11) + [CH]=CCCCC(500) <=> HO2(10) + C=CCCCC(514)
    HO2(10) + C=CCCCC(514) <=> [CH2]C(CCCC)OO(1006)
    HO2(10) + C=CCCCC(514) <=> CCCC[CH]COO(1007)
    CO(12) + C=CCCCC(514) <=> C=CCC(C=O)CC(1008)
    CO(12) + C=CCCCC(514) <=> C=CCCC(C)C=O(1009)
    CO(12) + C=CCCCC(514) <=> C=CC(C=O)CCC(1010)
    CO(12) + C=CCCCC(514) <=> C=CCCCCC=O(1011)
    CO(12) + C=CCCCC(514) <=> C=C(C=O)CCCC(1012)
    CO(12) + C=CCCCC(514) <=> CCCCC=CC=O(1013)
    CO(12) + C=CCCCC(514) <=> C=CCCCC(C)=O(1014)
    HCO(14) + C=CC[CH]CC(996) <=> CO(12) + C=CCCCC(514)
    HCO(14) + C=CCC[CH]C(997) <=> CO(12) + C=CCCCC(514)
    HCO(14) + C=C[CH]CCC(998) <=> CO(12) + C=CCCCC(514)
    HCO(14) + [CH2]CCCC=C(868) <=> CO(12) + C=CCCCC(514)
    HCO(14) + C=[C]CCCC(999) <=> CO(12) + C=CCCCC(514)
    HCO(14) + [CH]=CCCCC(500) <=> CO(12) + C=CCCCC(514)
    [C-]=[O+]CC=CCCC(1015) <=> CO(12) + C=CCCCC(514)
    CCCC=CC[C-]=[OH+](1016) <=> CO(12) + C=CCCCC(514)
    CO2(13) + C=CCCCC(514) <=> C=CCC(CC)OC=O(1017)
    CO2(13) + C=CCCCC(514) <=> C=CCCC(C)OC=O(1018)
    CO2(13) + C=CCCCC(514) <=> C=CC(CCC)OC=O(1019)
    CO2(13) + C=CCCCC(514) <=> C=CCCCCOC=O(1020)
    CO2(13) + C=CCCCC(514) <=> C=C(CCCC)OC=O(1021)
    CO2(13) + C=CCCCC(514) <=> CCCCC=COC=O(1022)
    CO2(13) + C=CCCCC(514) <=> C=CCCCC(=O)OC(1023)
    CO2(13) + C=CCCCC(514) <=> C=CCC(CC)C(=O)O(1024)
    CO2(13) + C=CCCCC(514) <=> C=CCCC(C)C(=O)O(1025)
    CO2(13) + C=CCCCC(514) <=> C=CC(CCC)C(=O)O(1026)
    CO2(13) + C=CCCCC(514) <=> C=CCCCCC(=O)O(1027)
    CO2(13) + C=CCCCC(514) <=> C=C(CCCC)C(=O)O(1028)
    CO2(13) + C=CCCCC(514) <=> CCCCC=CC(=O)O(1029)
    CO2(13) + C=CCCCC(514) <=> C=CCCCOC(C)=O(1030)
    CCCC[CH]CC([O])=O(1031) <=> CO2(13) + C=CCCCC(514)
    [CH2]C(CCCC)C([O])=O(1032) <=> CO2(13) + C=CCCCC(514)
    CCCC[CH]CO[C]=O(1033) <=> CO2(13) + C=CCCCC(514)
    [CH2]C(CCCC)O[C]=O(1034) <=> CO2(13) + C=CCCCC(514)
    HOCO(102) + C=CC[CH]CC(996) <=> CO2(13) + C=CCCCC(514)
    HOCO(102) + C=CCC[CH]C(997) <=> CO2(13) + C=CCCCC(514)
    HOCO(102) + C=C[CH]CCC(998) <=> CO2(13) + C=CCCCC(514)
    HOCO(102) + [CH2]CCCC=C(868) <=> CO2(13) + C=CCCCC(514)
    HOCO(102) + C=[C]CCCC(999) <=> CO2(13) + C=CCCCC(514)
    HOCO(102) + [CH]=CCCCC(500) <=> CO2(13) + C=CCCCC(514)
    [O]C=O(103) + C=CC[CH]CC(996) <=> CO2(13) + C=CCCCC(514)
    [O]C=O(103) + C=CCC[CH]C(997) <=> CO2(13) + C=CCCCC(514)
    [O]C=O(103) + C=C[CH]CCC(998) <=> CO2(13) + C=CCCCC(514)
    [O]C=O(103) + [CH2]CCCC=C(868) <=> CO2(13) + C=CCCCC(514)
    [O]C=O(103) + C=[C]CCCC(999) <=> CO2(13) + C=CCCCC(514)
    [O]C=O(103) + [CH]=CCCCC(500) <=> CO2(13) + C=CCCCC(514)
    CCCC=CCOC=O(1035) <=> CO2(13) + C=CCCCC(514)
    CCCC=CCC(=O)O(1036) <=> CO2(13) + C=CCCCC(514)
    [C]=O(54) + [CH2]CCCCC(44) <=> HCO(14) + C=CCCCC(514)
    [C]=O(54) + C[CH]CCCC(519) <=> HCO(14) + C=CCCCC(514)
    [CH]O(219) + C=CC[CH]CC(996) <=> HCO(14) + C=CCCCC(514)
    [CH]O(219) + C=CCC[CH]C(997) <=> HCO(14) + C=CCCCC(514)
    [CH]O(219) + C=C[CH]CCC(998) <=> HCO(14) + C=CCCCC(514)
    [CH]O(219) + [CH2]CCCC=C(868) <=> HCO(14) + C=CCCCC(514)
    [CH]O(219) + C=[C]CCCC(999) <=> HCO(14) + C=CCCCC(514)
    [CH]O(219) + [CH]=CCCCC(500) <=> HCO(14) + C=CCCCC(514)
    CH2O(19) + C=CC[CH]CC(996) <=> HCO(14) + C=CCCCC(514)
    CH2O(19) + C=CCC[CH]C(997) <=> HCO(14) + C=CCCCC(514)
    HCO(14) + C=CCCCC(514) <=> CH2O(19) + C=C[CH]CCC(998)
    CH2O(19) + [CH2]CCCC=C(868) <=> HCO(14) + C=CCCCC(514)
    CH2O(19) + C=[C]CCCC(999) <=> HCO(14) + C=CCCCC(514)
    CH2O(19) + [CH]=CCCCC(500) <=> HCO(14) + C=CCCCC(514)
    HCO(14) + C=CCCCC(514) <=> [CH2]C(C=O)CCCC(1037)
    HCO(14) + C=CCCCC(514) <=> CCCC[CH]CC=O(1038)
    CH3(18) + C=CCCCC(514) <=> CH4(31) + C=CC[CH]CC(996)
    CH3(18) + C=CCCCC(514) <=> CH4(31) + C=CCC[CH]C(997)
    CH4(31) + C=C[CH]CCC(998) <=> CH3(18) + C=CCCCC(514)
    CH3(18) + C=CCCCC(514) <=> CH4(31) + [CH2]CCCC=C(868)
    CH4(31) + C=[C]CCCC(999) <=> CH3(18) + C=CCCCC(514)
    CH3(18) + C=CCCCC(514) <=> CH4(31) + [CH]=CCCCC(500)
    CH3(18) + C=CCCCC(514) <=> [CH2]C(C)CCCC(1039)
    CH3(18) + C=CCCCC(514) <=> CC[CH]CCCC(553)
    CCCC[CH]CC[O](1040) <=> CH2O(19) + C=CCCCC(514)
    [CH2]C(C[O])CCCC(1041) <=> CH2O(19) + C=CCCCC(514)
    [CH2]OC[CH]CCCC(1042) <=> CH2O(19) + C=CCCCC(514)
    [CH2]OC([CH2])CCCC(1043) <=> CH2O(19) + C=CCCCC(514)
    CH2O(19) + C=CCCCC(514) <=> CCCCC1CCO1(1044)
    CH2O(19) + C=CCCCC(514) <=> CCCCC1COC1(1045)
    CH2OH(34) + C=CC[CH]CC(996) <=> CH2O(19) + C=CCCCC(514)
    CH2OH(34) + C=CCC[CH]C(997) <=> CH2O(19) + C=CCCCC(514)
    CH2OH(34) + C=C[CH]CCC(998) <=> CH2O(19) + C=CCCCC(514)
    CH2OH(34) + [CH2]CCCC=C(868) <=> CH2O(19) + C=CCCCC(514)
    CH2OH(34) + C=[C]CCCC(999) <=> CH2O(19) + C=CCCCC(514)
    CH2OH(34) + [CH]=CCCCC(500) <=> CH2O(19) + C=CCCCC(514)
    CH3O(27) + C=CC[CH]CC(996) <=> CH2O(19) + C=CCCCC(514)
    CH3O(27) + C=CCC[CH]C(997) <=> CH2O(19) + C=CCCCC(514)
    CH3O(27) + C=C[CH]CCC(998) <=> CH2O(19) + C=CCCCC(514)
    CH3O(27) + [CH2]CCCC=C(868) <=> CH2O(19) + C=CCCCC(514)
    CH3O(27) + C=[C]CCCC(999) <=> CH2O(19) + C=CCCCC(514)
    CH3O(27) + [CH]=CCCCC(500) <=> CH2O(19) + C=CCCCC(514)
    CCCC=CCOC(1046) <=> CH2O(19) + C=CCCCC(514)
    CCCC=CCCO(1047) <=> CH2O(19) + C=CCCCC(514)
    [CH]=CC[CH]CCCC(1048) <=> C2H2(22) + C=CCCCC(514)
    [CH]=CC([CH2])CCCC(1049) <=> C2H2(22) + C=CCCCC(514)
    C2H3(29) + C=CC[CH]CC(996) <=> C2H2(22) + C=CCCCC(514)
    C2H3(29) + C=CCC[CH]C(997) <=> C2H2(22) + C=CCCCC(514)
    C2H3(29) + C=C[CH]CCC(998) <=> C2H2(22) + C=CCCCC(514)
    C2H3(29) + [CH2]CCCC=C(868) <=> C2H2(22) + C=CCCCC(514)
    C2H3(29) + C=[C]CCCC(999) <=> C2H2(22) + C=CCCCC(514)
    C2H3(29) + [CH]=CCCCC(500) <=> C2H2(22) + C=CCCCC(514)
    C=CCC=CCCC(1050) <=> C2H2(22) + C=CCCCC(514)
    CH3OH(26) + C=CCCCC(514) <=> CCCCCCOC(1051)
    CH3OH(26) + C=CCCCC(514) <=> CCCCC(C)OC(1052)
    CH3OH(26) + C=CCCCC(514) <=> CCCCC(C)CO(1053)
    CH3OH(26) + C=CCCCC(514) <=> CCCCC(O)CC(1054)
    C=C([O])C[CH]CCCC(1055) <=> CH2CO(28) + C=CCCCC(514)
    [CH2]C(CCCC)C(=C)[O](1056) <=> CH2CO(28) + C=CCCCC(514)
    C=[C]OC[CH]CCCC(1057) <=> CH2CO(28) + C=CCCCC(514)
    [CH2]C(CCCC)O[C]=C(1058) <=> CH2CO(28) + C=CCCCC(514)
    CCCC[CH]CC[C]=O(1059) <=> CH2CO(28) + C=CCCCC(514)
    [CH2]C(C[C]=O)CCCC(1060) <=> CH2CO(28) + C=CCCCC(514)
    CH2CO(28) + C=CCCCC(514) <=> CCCCC1CCC1=O(1061)
    CH2CO(28) + C=CCCCC(514) <=> CCCCC1CC(=O)C1(1062)
    C=[C]O(69) + C=CC[CH]CC(996) <=> CH2CO(28) + C=CCCCC(514)
    C=[C]O(69) + C=CCC[CH]C(997) <=> CH2CO(28) + C=CCCCC(514)
    C=[C]O(69) + C=C[CH]CCC(998) <=> CH2CO(28) + C=CCCCC(514)
    C=[C]O(69) + [CH2]CCCC=C(868) <=> CH2CO(28) + C=CCCCC(514)
    C=[C]O(69) + C=[C]CCCC(999) <=> CH2CO(28) + C=CCCCC(514)
    C=[C]O(69) + [CH]=CCCCC(500) <=> CH2CO(28) + C=CCCCC(514)
    CH3CO(35) + C=CC[CH]CC(996) <=> CH2CO(28) + C=CCCCC(514)
    CH3CO(35) + C=CCC[CH]C(997) <=> CH2CO(28) + C=CCCCC(514)
    CH3CO(35) + C=C[CH]CCC(998) <=> CH2CO(28) + C=CCCCC(514)
    CH3CO(35) + [CH2]CCCC=C(868) <=> CH2CO(28) + C=CCCCC(514)
    CH3CO(35) + C=[C]CCCC(999) <=> CH2CO(28) + C=CCCCC(514)
    CH3CO(35) + [CH]=CCCCC(500) <=> CH2CO(28) + C=CCCCC(514)
    CH2CHO(36) + C=CC[CH]CC(996) <=> CH2CO(28) + C=CCCCC(514)
    CH2CHO(36) + C=CCC[CH]C(997) <=> CH2CO(28) + C=CCCCC(514)
    CH2CHO(36) + C=C[CH]CCC(998) <=> CH2CO(28) + C=CCCCC(514)
    CH2CHO(36) + [CH2]CCCC=C(868) <=> CH2CO(28) + C=CCCCC(514)
    CH2CHO(36) + C=[C]CCCC(999) <=> CH2CO(28) + C=CCCCC(514)
    CH2CHO(36) + [CH]=CCCCC(500) <=> CH2CO(28) + C=CCCCC(514)
    C#COC(C)CCCC(1063) <=> CH2CO(28) + C=CCCCC(514)
    C#COCCCCCC(1064) <=> CH2CO(28) + C=CCCCC(514)
    C=COCC=CCCC(1065) <=> CH2CO(28) + C=CCCCC(514)
    CCCC=CCCC=O(1066) <=> CH2CO(28) + C=CCCCC(514)
    C=C(O)CC=CCCC(1067) <=> CH2CO(28) + C=CCCCC(514)
    CCCC=CCC(C)=O(1068) <=> CH2CO(28) + C=CCCCC(514)
    [CH2]CC[CH]CCCC(222) <=> C2H4(30) + C=CCCCC(514)
    [CH2]CC([CH2])CCCC(1069) <=> C2H4(30) + C=CCCCC(514)
    C2H5(33) + C=CC[CH]CC(996) <=> C2H4(30) + C=CCCCC(514)
    C2H5(33) + C=CCC[CH]C(997) <=> C2H4(30) + C=CCCCC(514)
    C2H5(33) + C=C[CH]CCC(998) <=> C2H4(30) + C=CCCCC(514)
    C2H5(33) + [CH2]CCCC=C(868) <=> C2H4(30) + C=CCCCC(514)
    C2H5(33) + C=[C]CCCC(999) <=> C2H4(30) + C=CCCCC(514)
    C2H5(33) + [CH]=CCCCC(500) <=> C2H4(30) + C=CCCCC(514)
    CCCC=CCCC(1070) <=> C2H4(30) + C=CCCCC(514)
    [CH]C(65) + [CH2]CCCCC(44) <=> C2H5(33) + C=CCCCC(514)
    [CH]C(65) + C[CH]CCCC(519) <=> C2H5(33) + C=CCCCC(514)
    [CH2][CH2](66) + [CH2]CCCCC(44) <=> C2H5(33) + C=CCCCC(514)
    [CH2][CH2](66) + C[CH]CCCC(519) <=> C2H5(33) + C=CCCCC(514)
    C2H5(33) + C=CCCCC(514) <=> C2H6(32) + C=CC[CH]CC(996)
    C2H5(33) + C=CCCCC(514) <=> C2H6(32) + C=CCC[CH]C(997)
    C2H6(32) + C=C[CH]CCC(998) <=> C2H5(33) + C=CCCCC(514)
    C2H6(32) + [CH2]CCCC=C(868) <=> C2H5(33) + C=CCCCC(514)
    C2H5(33) + C=CCCCC(514) <=> C2H6(32) + C=[C]CCCC(999)
    C2H5(33) + C=CCCCC(514) <=> C2H6(32) + [CH]=CCCCC(500)
    C2H5(33) + C=CCCCC(514) <=> [CH2]C(CC)CCCC(1071)
    C2H5(33) + C=CCCCC(514) <=> CCC[CH]CCCC(230)
    CCCC[CH]CC(C)[O](1072) <=> CH3CHO(37) + C=CCCCC(514)
    [CH2]C(CCCC)C(C)[O](1073) <=> CH3CHO(37) + C=CCCCC(514)
    C[CH]OC[CH]CCCC(1074) <=> CH3CHO(37) + C=CCCCC(514)
    [CH2]C(CCCC)O[CH]C(1075) <=> CH3CHO(37) + C=CCCCC(514)
    CH3CHO(37) + C=CCCCC(514) <=> CCCCC1CC(C)O1(1076)
    CH3CHO(37) + C=CCCCC(514) <=> CCCCC1COC1C(1077)
    CH3CHOH(133) + C=CC[CH]CC(996) <=> CH3CHO(37) + C=CCCCC(514)
    CH3CHOH(133) + C=CCC[CH]C(997) <=> CH3CHO(37) + C=CCCCC(514)
    CH3CHOH(133) + C=C[CH]CCC(998) <=> CH3CHO(37) + C=CCCCC(514)
    CH3CHOH(133) + [CH2]CCCC=C(868) <=> CH3CHO(37) + C=CCCCC(514)
    CH3CHOH(133) + C=[C]CCCC(999) <=> CH3CHO(37) + C=CCCCC(514)
    CH3CHOH(133) + [CH]=CCCCC(500) <=> CH3CHO(37) + C=CCCCC(514)
    CH3CH2O(134) + C=CC[CH]CC(996) <=> CH3CHO(37) + C=CCCCC(514)
    CH3CH2O(134) + C=CCC[CH]C(997) <=> CH3CHO(37) + C=CCCCC(514)
    CH3CH2O(134) + C=C[CH]CCC(998) <=> CH3CHO(37) + C=CCCCC(514)
    CH3CH2O(134) + [CH2]CCCC=C(868) <=> CH3CHO(37) + C=CCCCC(514)
    CH3CH2O(134) + C=[C]CCCC(999) <=> CH3CHO(37) + C=CCCCC(514)
    CH3CH2O(134) + [CH]=CCCCC(500) <=> CH3CHO(37) + C=CCCCC(514)
    C=COC(C)CCCC(1078) <=> CH3CHO(37) + C=CCCCC(514)
    C=COCCCCCC(1079) <=> CH3CHO(37) + C=CCCCC(514)
    CCCC=CCOCC(1080) <=> CH3CHO(37) + C=CCCCC(514)
    CCCC=CCC(C)O(1081) <=> CH3CHO(37) + C=CCCCC(514)
    [CH2]CCCCC(44) + CCCCC[CH]CCCCCC(45) <=> C=CCCCC(514) + C12H24(1)
    C[CH]CCCC(519) + CCCCC[CH]CCCCCC(45) <=> C=CCCCC(514) + C12H24(1)
    [CH2]CCCCC(44) + CCC[CH]CCCCCCCC(48) <=> C=CCCCC(514) + C12H24(1)
    C[CH]CCCC(519) + CCC[CH]CCCCCCCC(48) <=> C=CCCCC(514) + C12H24(1)
    [CH2]CCCCC(44) + CC[CH]CCCCCCCCC(50) <=> C=CCCCC(514) + C12H24(1)
    C[CH]CCCC(519) + CC[CH]CCCCCCCCC(50) <=> C=CCCCC(514) + C12H24(1)
    HO2(10) + C=CC[CH]CC(996) <=> O2(2) + C=CCCCC(514)
    HO2(10) + C=CCC[CH]C(997) <=> O2(2) + C=CCCCC(514)
    HO2(10) + C=C[CH]CCC(998) <=> O2(2) + C=CCCCC(514)
    HO2(10) + [CH2]CCCC=C(868) <=> O2(2) + C=CCCCC(514)
    HO2(10) + C=[C]CCCC(999) <=> O2(2) + C=CCCCC(514)
    O2(2) + C=CCCCC(514) <=> HO2(10) + [CH]=CCCCC(500)
    O2(2) + C=CCCCC(514) <=> [CH2]C(CCCC)O[O](1082)
    O2(2) + C=CCCCC(514) <=> CCCC[CH]CO[O](1083)
    C[CH]CC[CH]CCCC(863) <=> C=CC(158) + C=CCCCC(514)
    [CH2]C(C[CH]C)CCCC(1084) <=> C=CC(158) + C=CCCCC(514)
    [CH2]C(C)C[CH]CCCC(1085) <=> C=CC(158) + C=CCCCC(514)
    [CH2]C(C)C([CH2])CCCC(1086) <=> C=CC(158) + C=CCCCC(514)
    [CH2]C=C(643) + [CH2]CCCCC(44) <=> C=CC(158) + C=CCCCC(514)
    [CH2]C=C(643) + C[CH]CCCC(519) <=> C=CC(158) + C=CCCCC(514)
    C=[C]C(644) + [CH2]CCCCC(44) <=> C=CC(158) + C=CCCCC(514)
    C=[C]C(644) + C[CH]CCCC(519) <=> C=CC(158) + C=CCCCC(514)
    [CH]=CC(374) + [CH2]CCCCC(44) <=> C=CC(158) + C=CCCCC(514)
    [CH]=CC(374) + C[CH]CCCC(519) <=> C=CC(158) + C=CCCCC(514)
    [CH2]CC(47) + C=CC[CH]CC(996) <=> C=CC(158) + C=CCCCC(514)
    [CH2]CC(47) + C=CCC[CH]C(997) <=> C=CC(158) + C=CCCCC(514)
    [CH2]CC(47) + C=C[CH]CCC(998) <=> C=CC(158) + C=CCCCC(514)
    [CH2]CC(47) + [CH2]CCCC=C(868) <=> C=CC(158) + C=CCCCC(514)
    [CH2]CC(47) + C=[C]CCCC(999) <=> C=CC(158) + C=CCCCC(514)
    [CH2]CC(47) + [CH]=CCCCC(500) <=> C=CC(158) + C=CCCCC(514)
    C[CH]C(160) + C=CC[CH]CC(996) <=> C=CC(158) + C=CCCCC(514)
    C[CH]C(160) + C=CCC[CH]C(997) <=> C=CC(158) + C=CCCCC(514)
    C[CH]C(160) + C=C[CH]CCC(998) <=> C=CC(158) + C=CCCCC(514)
    C[CH]C(160) + [CH2]CCCC=C(868) <=> C=CC(158) + C=CCCCC(514)
    C[CH]C(160) + C=[C]CCCC(999) <=> C=CC(158) + C=CCCCC(514)
    C[CH]C(160) + [CH]=CCCCC(500) <=> C=CC(158) + C=CCCCC(514)
    C=CCC(C)CCCC(1087) <=> C=CC(158) + C=CCCCC(514)
    CCCC=CCC(C)C(1088) <=> C=CC(158) + C=CCCCC(514)
    CCCC=CCCCC(1089) <=> C=CC(158) + C=CCCCC(514)
    CCCC[CH]CC[CH]CCCCCCC(1090) <=> C=CCCCC(514) + C=CCCCCCCC(138)
    [CH2]C(C[CH]CCCCCCC)CCCC(1091) <=> C=CCCCC(514) + C=CCCCCCCC(138)
    [CH2]C(C[CH]CCCC)CCCCCCC(1092) <=> C=CCCCC(514) + C=CCCCCCCC(138)
    [CH2]C(CCCC)C([CH2])CCCCCCC(1093) <=> C=CCCCC(514) + C=CCCCCCCC(138)
    [CH2]CCCCC(44) + C=CC[CH]CCCCC(872) <=> C=CCCCC(514) + C=CCCCCCCC(138)
    C[CH]CCCC(519) + C=CC[CH]CCCCC(872) <=> C=CCCCC(514) + C=CCCCCCCC(138)
    [CH2]CCCCC(44) + C=CCC[CH]CCCC(867) <=> C=CCCCC(514) + C=CCCCCCCC(138)
    C[CH]CCCC(519) + C=CCC[CH]CCCC(867) <=> C=CCCCC(514) + C=CCCCCCCC(138)
    [CH2]CCCCC(44) + C=CCCC[CH]CCC(869) <=> C=CCCCC(514) + C=CCCCCCCC(138)
    C[CH]CCCC(519) + C=CCCC[CH]CCC(869) <=> C=CCCCC(514) + C=CCCCCCCC(138)
    [CH2]CCCCC(44) + C=CCCCC[CH]CC(871) <=> C=CCCCC(514) + C=CCCCCCCC(138)
    C[CH]CCCC(519) + C=CCCCC[CH]CC(871) <=> C=CCCCC(514) + C=CCCCCCCC(138)
    [CH2]CCCCC(44) + C=CCCCCC[CH]C(874) <=> C=CCCCC(514) + C=CCCCCCCC(138)
    C[CH]CCCC(519) + C=CCCCCC[CH]C(874) <=> C=CCCCC(514) + C=CCCCCCCC(138)
    [CH2]CCCCC(44) + C=C[CH]CCCCCC(875) <=> C=CCCCC(514) + C=CCCCCCCC(138)
    C[CH]CCCC(519) + C=C[CH]CCCCCC(875) <=> C=CCCCC(514) + C=CCCCCCCC(138)
    [CH2]CCCCC(44) + [CH2]CCCCCCC=C(876) <=> C=CCCCC(514) + C=CCCCCCCC(138)
    C[CH]CCCC(519) + [CH2]CCCCCCC=C(876) <=> C=CCCCC(514) + C=CCCCCCCC(138)
    [CH2]CCCCC(44) + C=[C]CCCCCCC(877) <=> C=CCCCC(514) + C=CCCCCCCC(138)
    C[CH]CCCC(519) + C=[C]CCCCCCC(877) <=> C=CCCCC(514) + C=CCCCCCCC(138)
    [CH2]CCCCC(44) + [CH]=CCCCCCCC(585) <=> C=CCCCC(514) + C=CCCCCCCC(138)
    C[CH]CCCC(519) + [CH]=CCCCCCCC(585) <=> C=CCCCC(514) + C=CCCCCCCC(138)
    C=CC[CH]CC(996) + [CH2]CCCCCCCC(46) <=> C=CCCCC(514) + C=CCCCCCCC(138)
    C=CCC[CH]C(997) + [CH2]CCCCCCCC(46) <=> C=CCCCC(514) + C=CCCCCCCC(138)
    C=C[CH]CCC(998) + [CH2]CCCCCCCC(46) <=> C=CCCCC(514) + C=CCCCCCCC(138)
    [CH2]CCCC=C(868) + [CH2]CCCCCCCC(46) <=> C=CCCCC(514) + C=CCCCCCCC(138)
    C=[C]CCCC(999) + [CH2]CCCCCCCC(46) <=> C=CCCCC(514) + C=CCCCCCCC(138)
    [CH]=CCCCC(500) + [CH2]CCCCCCCC(46) <=> C=CCCCC(514) + C=CCCCCCCC(138)
    C=CC[CH]CC(996) + C[CH]CCCCCCC(153) <=> C=CCCCC(514) + C=CCCCCCCC(138)
    C=CCC[CH]C(997) + C[CH]CCCCCCC(153) <=> C=CCCCC(514) + C=CCCCCCCC(138)
    C=C[CH]CCC(998) + C[CH]CCCCCCC(153) <=> C=CCCCC(514) + C=CCCCCCCC(138)
    [CH2]CCCC=C(868) + C[CH]CCCCCCC(153) <=> C=CCCCC(514) + C=CCCCCCCC(138)
    C=[C]CCCC(999) + C[CH]CCCCCCC(153) <=> C=CCCCC(514) + C=CCCCCCCC(138)
    [CH]=CCCCC(500) + C[CH]CCCCCCC(153) <=> C=CCCCC(514) + C=CCCCCCCC(138)
    CCCCCCC=CCC(C)CCCC(1094) <=> C=CCCCC(514) + C=CCCCCCCC(138)
    CCCCCCC=CCCCCCCC(1095) <=> C=CCCCC(514) + C=CCCCCCCC(138)
    CCCC=CCC(C)CCCCCCC(1096) <=> C=CCCCC(514) + C=CCCCCCCC(138)
    CCCC=CCCCCCCCCCC(1097) <=> C=CCCCC(514) + C=CCCCCCCC(138)
    CCCC[CH]CC[CH]CCCC(852) <=> C=CCCCC(514) + C=CCCCC(514)
    [CH2]C(C[CH]CCCC)CCCC(1098) <=> C=CCCCC(514) + C=CCCCC(514)
    [CH2]C(CCCC)C([CH2])CCCC(1099) <=> C=CCCCC(514) + C=CCCCC(514)
    C=CC[CH]CC(996) + [CH2]CCCCC(44) <=> C=CCCCC(514) + C=CCCCC(514)
    C=CC[CH]CC(996) + C[CH]CCCC(519) <=> C=CCCCC(514) + C=CCCCC(514)
    C=CCC[CH]C(997) + [CH2]CCCCC(44) <=> C=CCCCC(514) + C=CCCCC(514)
    C=CCC[CH]C(997) + C[CH]CCCC(519) <=> C=CCCCC(514) + C=CCCCC(514)
    C=C[CH]CCC(998) + [CH2]CCCCC(44) <=> C=CCCCC(514) + C=CCCCC(514)
    C=C[CH]CCC(998) + C[CH]CCCC(519) <=> C=CCCCC(514) + C=CCCCC(514)
    [CH2]CCCC=C(868) + [CH2]CCCCC(44) <=> C=CCCCC(514) + C=CCCCC(514)
    [CH2]CCCC=C(868) + C[CH]CCCC(519) <=> C=CCCCC(514) + C=CCCCC(514)
    C=[C]CCCC(999) + [CH2]CCCCC(44) <=> C=CCCCC(514) + C=CCCCC(514)
    C=[C]CCCC(999) + C[CH]CCCC(519) <=> C=CCCCC(514) + C=CCCCC(514)
    [CH]=CCCCC(500) + [CH2]CCCCC(44) <=> C=CCCCC(514) + C=CCCCC(514)
    [CH]=CCCCC(500) + C[CH]CCCC(519) <=> C=CCCCC(514) + C=CCCCC(514)
    CCCC=CCC(C)CCCC(1100) <=> C=CCCCC(514) + C=CCCCC(514)
    CCCC=CCCCCCCC(850) <=> C=CCCCC(514) + C=CCCCC(514)

After model enlargement:
    The model core has 55 species and 588 reactions
    The model edge has 1045 species and 3412 reactions


Saving current model core to Chemkin file...
Chemkin file contains 595 reactions.
Saving annotated version of Chemkin file...
Chemkin file contains 595 reactions.
Saving current model core and edge to Chemkin file...
Chemkin file contains 4007 reactions.
Saving annotated version of Chemkin file...
Chemkin file contains 4007 reactions.
Saving current model core to HTML file...
Saving current model edge to HTML file...
Updating RMG execution statistics...
    Execution time (DD:HH:MM:SS): 00:00:01:47
    Memory used: 933.11 MB

Making seed mechanism...
Conducting simulation of reaction system 1...
At time 3.9447e-06 s, species CCCCC[CH]CCCCCC(45) at 0.10007058770125016 exceeded the minimum rate for simulation interruption of 0.1
At time 3.9447e-06 s, species CCCCC[CH]CCCCCC(45) at rate ratio 0.10007058770125016 exceeded the minimum rate for moving to model core of 0.1
terminating simulation due to interrupt...


Adding species CCCCC[CH]CCCCCC(45) to model core

Summary of Model Enlargement
---------------------------------
Added 1 new core species
    CCCCC[CH]CCCCCC(45)
Created 0 new edge species
Moved 32 reactions from edge to core
    H(3) + CCCCC[CH]CCCCCC(45) <=> C12H24(1)
    HO2(10) + CCCCC[CH]CCCCCC(45) <=> O2(2) + C12H24(1)
    H(3) + C12H24(1) <=> H2(6) + CCCCC[CH]CCCCCC(45)
    O(4) + C12H24(1) <=> OH(5) + CCCCC[CH]CCCCCC(45)
    OH(5) + C12H24(1) <=> H2O(7) + CCCCC[CH]CCCCCC(45)
    H2O2(11) + CCCCC[CH]CCCCCC(45) <=> HO2(10) + C12H24(1)
    HCO(14) + CCCCC[CH]CCCCCC(45) <=> CO(12) + C12H24(1)
    CH2(T)(17) + C12H24(1) <=> CH3(18) + CCCCC[CH]CCCCCC(45)
    CH3(18) + C12H24(1) <=> CH4(31) + CCCCC[CH]CCCCCC(45)
    CH2OH(34) + CCCCC[CH]CCCCCC(45) <=> CH2O(19) + C12H24(1)
    CH3O(27) + CCCCC[CH]CCCCCC(45) <=> CH2O(19) + C12H24(1)
    HCCO(20) + C12H24(1) <=> CH2CO(28) + CCCCC[CH]CCCCCC(45)
    C2H3(29) + CCCCC[CH]CCCCCC(45) <=> C2H2(22) + C12H24(1)
    CH3CO(35) + CCCCC[CH]CCCCCC(45) <=> CH2CO(28) + C12H24(1)
    CH2CHO(36) + CCCCC[CH]CCCCCC(45) <=> CH2CO(28) + C12H24(1)
    C2H5(33) + CCCCC[CH]CCCCCC(45) <=> C2H4(30) + C12H24(1)
    C2H5(33) + C12H24(1) <=> C2H6(32) + CCCCC[CH]CCCCCC(45)
    CH3CHO(37) + CCCCC[CH]CCCCCC(45) <=> CH2CHO(36) + C12H24(1)
    CH2O(19) + CCCCC[CH]CCCCCC(45) <=> HCO(14) + C12H24(1)
    C2H3(29) + C12H24(1) <=> C2H4(30) + CCCCC[CH]CCCCCC(45)
    [CH2]CC(47) + CCCCC[CH]CCCCCC(45) <=> C=CC(158) + C12H24(1)
    CCCCC[CH]CCCCCC(45) <=> C[CH]CCCCCCCCCC(52)
    CCCCC[CH]CCCCCC(45) <=> C[CH]CCCCCCCCCC(52)
    CCCCC[CH]CCCCCC(45) + C12H24(1) <=> C[CH]CCCCCCCCCC(52) + C12H24(1)
    [CH2]CCCCCCCCCCC(53) <=> CCCCC[CH]CCCCCC(45)
    [CH2]CCCCCCCCCCC(53) <=> CCCCC[CH]CCCCCC(45)
    [CH2]CCCCCCCCCCC(53) + C12H24(1) <=> CCCCC[CH]CCCCCC(45) + C12H24(1)
    CCCCC[CH]CCCCCC(45) <=> CCCC[CH]CCCCCCC(43)
    CCCCC[CH]CCCCCC(45) <=> CCCC[CH]CCCCCCC(43)
    [CH2]CCCCCCCC(46) + CCCCC[CH]CCCCCC(45) <=> C=CCCCCCCC(138) + C12H24(1)
    [CH2]CCCCC(44) + CCCCC[CH]CCCCCC(45) <=> C=CCCCC(514) + C12H24(1)
    C[CH]CCCC(519) + CCCCC[CH]CCCCCC(45) <=> C=CCCCC(514) + C12H24(1)
Added 0 new core reactions
Created 0 new edge reactions

After model enlargement:
    The model core has 56 species and 620 reactions
    The model edge has 1044 species and 3380 reactions


At time 8.0432e-05 s, reached target termination conversion: 0.900000 of C12H24(1)
    C12H24(1) conversion: 0.9021    

For reaction generation 1 process is used.
Generating thermo for new species...
Generating kinetics for new reactions...

Summary of Secondary Model Edge Enlargement
---------------------------------
Added 0 new core species
Created 12 new edge species
    CCCCC[CH]CCCCC(1101)
    [CH2]C(CCCCC)CCCCC(1102)
    CCCCC[C]CCCCCC(1103)
    CCCCCC=CCCCCC(1104)
    CC[CH]CC[CH]CCCCCC(1105)
    CCC[CH]CC[CH]CCCCC(1106)
    CC[CH]CCC[CH]CCCCC(1107)
    CCC[CH]C[CH]CCCCCC(1108)
    [CH2]CCC[CH]CCCCCC(1109)
    [CH2]CCCC[CH]CCCCC(1110)
    CCCCC[CH][CH]CCCCC(1111)
    CCCCCCC(CCCCC)O[O](1112)
Added 6 new core reactions
    CCCC[CH]CCCCCCC(43) <=> CCCCC[CH]CCCCCC(45)
    CCCC[CH]CCCCCCC(43) <=> CCCCC[CH]CCCCCC(45)
    CCCCC[CH]CCCCCC(45) <=> C[CH]CCCCCCCCCC(52)
    [CH2]CCCCCCCCCCC(53) <=> CCCCC[CH]CCCCCC(45)
    CCCCC[CH]CCCCCC(45) <=> C[CH]CCCCCCCCCC(52)
    [CH2]CCCCCCCCCCC(53) <=> CCCCC[CH]CCCCCC(45)
Created 50 new edge reactions
    CH2(S)(24) + CCCC[CH]CCCCCC(846) <=> CCCCC[CH]CCCCCC(45)
    CH2(S)(24) + CCCCC[CH]CCCCC(1101) <=> CCCCC[CH]CCCCCC(45)
    CH2(S)(24) + CCCC[CH]CCCCCC(846) <=> CCCCC[CH]CCCCCC(45)
    CH2(S)(24) + CCCCC[CH]CCCCC(1101) <=> CCCCC[CH]CCCCCC(45)
    [CH2]C(CCCC)CCCCCC(848) <=> CCCCC[CH]CCCCCC(45)
    [CH2]C(CCCCC)CCCCC(1102) <=> CCCCC[CH]CCCCCC(45)
    [CH2]CCCC(39) + [CH]CCCCCC(545) <=> CCCCC[CH]CCCCCC(45)
    [CH]CCCCC(513) + [CH2]CCCCC(44) <=> CCCCC[CH]CCCCCC(45)
    H(3) + CCCCC[C]CCCCCC(1103) <=> CCCCC[CH]CCCCCC(45)
    H(3) + CCCCC=CCCCCCC(851) <=> CCCCC[CH]CCCCCC(45)
    H(3) + CCCCCC=CCCCCC(1104) <=> CCCCC[CH]CCCCCC(45)
    [CH2]CCC(41) + C=CCCCCCC(221) <=> CCCCC[CH]CCCCCC(45)
    [CH2]CCCC(39) + C=CCCCCC(546) <=> CCCCC[CH]CCCCCC(45)
    [CH2]CC(47) + [CH2]C[CH]CCCCCC(148) <=> CCCCC[CH]CCCCCC(45)
    C2H5(33) + [CH2]CC[CH]CCCCCC(627) <=> CCCCC[CH]CCCCCC(45)
    H(3) + CC[CH]CC[CH]CCCCCC(1105) <=> CCCCC[CH]CCCCCC(45)
    [CH2]CC(47) + [CH2]CC[CH]CCCCC(147) <=> CCCCC[CH]CCCCCC(45)
    [CH2]CCC(41) + [CH2]C[CH]CCCCC(225) <=> CCCCC[CH]CCCCCC(45)
    H(3) + CCC[CH]CC[CH]CCCCC(1106) <=> CCCCC[CH]CCCCCC(45)
    C2H5(33) + [CH2]CCC[CH]CCCCC(626) <=> CCCCC[CH]CCCCCC(45)
    H(3) + CC[CH]CCC[CH]CCCCC(1107) <=> CCCCC[CH]CCCCCC(45)
    [CH2]CCC(41) + [CH2][CH]CCCCCC(227) <=> CCCCC[CH]CCCCCC(45)
    H(3) + CCC[CH]C[CH]CCCCCC(1108) <=> CCCCC[CH]CCCCCC(45)
    [CH2]CCCC(39) + [CH2][CH]CCCCC(551) <=> CCCCC[CH]CCCCCC(45)
    H(3) + CCCC[CH]C[CH]CCCCC(856) <=> CCCCC[CH]CCCCCC(45)
    CH3(18) + [CH2]CCC[CH]CCCCCC(1109) <=> CCCCC[CH]CCCCCC(45)
    H(3) + C[CH]CCC[CH]CCCCCC(752) <=> CCCCC[CH]CCCCCC(45)
    CH3(18) + [CH2]CCCC[CH]CCCCC(1110) <=> CCCCC[CH]CCCCCC(45)
    H(3) + C[CH]CCCC[CH]CCCCC(751) <=> CCCCC[CH]CCCCCC(45)
    H(3) + CCCC[CH][CH]CCCCCC(860) <=> CCCCC[CH]CCCCCC(45)
    H(3) + CCCCC[CH][CH]CCCCC(1111) <=> CCCCC[CH]CCCCCC(45)
    H(3) + [CH2]CCCC[CH]CCCCCC(821) <=> CCCCC[CH]CCCCCC(45)
    H(3) + [CH2]CCCCC[CH]CCCCC(820) <=> CCCCC[CH]CCCCCC(45)
    CCC[CH]CCCCCCCC(48) <=> CCCCC[CH]CCCCCC(45)
    CC[CH]CCCCCCCCC(50) <=> CCCCC[CH]CCCCCC(45)
    CCC[CH]CCCCCCCC(48) <=> CCCCC[CH]CCCCCC(45)
    CC[CH]CCCCCCCCC(50) <=> CCCCC[CH]CCCCCC(45)
    O2(2) + CCCCC[CH]CCCCCC(45) <=> HO2(10) + CCCCC=CCCCCCC(851)
    O2(2) + CCCCC[CH]CCCCCC(45) <=> HO2(10) + CCCCCC=CCCCCC(1104)
    HO2(10) + CCCCC[C]CCCCCC(1103) <=> O2(2) + CCCCC[CH]CCCCCC(45)
    HO2(10) + CC[CH]CC[CH]CCCCCC(1105) <=> O2(2) + CCCCC[CH]CCCCCC(45)
    HO2(10) + CCC[CH]CC[CH]CCCCC(1106) <=> O2(2) + CCCCC[CH]CCCCCC(45)
    HO2(10) + CC[CH]CCC[CH]CCCCC(1107) <=> O2(2) + CCCCC[CH]CCCCCC(45)
    HO2(10) + CCC[CH]C[CH]CCCCCC(1108) <=> O2(2) + CCCCC[CH]CCCCCC(45)
    HO2(10) + CCCC[CH]C[CH]CCCCC(856) <=> O2(2) + CCCCC[CH]CCCCCC(45)
    HO2(10) + C[CH]CCC[CH]CCCCCC(752) <=> O2(2) + CCCCC[CH]CCCCCC(45)
    HO2(10) + C[CH]CCCC[CH]CCCCC(751) <=> O2(2) + CCCCC[CH]CCCCCC(45)
    HO2(10) + [CH2]CCCC[CH]CCCCCC(821) <=> O2(2) + CCCCC[CH]CCCCCC(45)
    HO2(10) + [CH2]CCCCC[CH]CCCCC(820) <=> O2(2) + CCCCC[CH]CCCCCC(45)
    O2(2) + CCCCC[CH]CCCCCC(45) <=> CCCCCCC(CCCCC)O[O](1112)

After model enlargement:
    The model core has 56 species and 626 reactions
    The model edge has 1056 species and 3430 reactions


Saving current model core to Chemkin file...
Chemkin file contains 633 reactions.
Saving annotated version of Chemkin file...
Chemkin file contains 633 reactions.
Saving current model core and edge to Chemkin file...
Chemkin file contains 4063 reactions.
Saving annotated version of Chemkin file...
Chemkin file contains 4063 reactions.
Saving current model core to HTML file...
Saving current model edge to HTML file...
Updating RMG execution statistics...
    Execution time (DD:HH:MM:SS): 00:00:01:52
    Memory used: 933.11 MB

Making seed mechanism...
Conducting simulation of reaction system 1...
At time 6.2180e-07 s, species C=CCCCCC(546) at 0.10016221958119155 exceeded the minimum rate for simulation interruption of 0.1
At time 6.2180e-07 s, species C=CCCCCC(546) at rate ratio 0.10016221958119155 exceeded the minimum rate for moving to model core of 0.1
terminating simulation due to interrupt...


Adding species C=CCCCCC(546) to model core

Summary of Model Enlargement
---------------------------------
Added 1 new core species
    C=CCCCCC(546)
Created 0 new edge species
Moved 12 reactions from edge to core
    H(3) + C=CCCCCC(546) <=> [CH2]CCCCCC(40)
    H(3) + [CH2]CCCCCC(40) <=> H2(6) + C=CCCCCC(546)
    O(4) + [CH2]CCCCCC(40) <=> OH(5) + C=CCCCCC(546)
    OH(5) + [CH2]CCCCCC(40) <=> H2O(7) + C=CCCCCC(546)
    HO2(10) + [CH2]CCCCCC(40) <=> H2O2(11) + C=CCCCCC(546)
    HCO(14) + [CH2]CCCCCC(40) <=> CH2O(19) + C=CCCCCC(546)
    CH3(18) + [CH2]CCCCCC(40) <=> CH4(31) + C=CCCCCC(546)
    C2H3(29) + [CH2]CCCCCC(40) <=> C2H4(30) + C=CCCCCC(546)
    C2H5(33) + [CH2]CCCCCC(40) <=> C2H6(32) + C=CCCCCC(546)
    CH2CHO(36) + [CH2]CCCCCC(40) <=> CH3CHO(37) + C=CCCCCC(546)
    O2(2) + [CH2]CCCCCC(40) <=> HO2(10) + C=CCCCCC(546)
    [CH2]CCCC(39) + C=CCCCCC(546) <=> CCCCC[CH]CCCCCC(45)
Added 0 new core reactions
Created 0 new edge reactions

After model enlargement:
    The model core has 57 species and 638 reactions
    The model edge has 1055 species and 3418 reactions


At time 7.8887e-05 s, reached target termination conversion: 0.900000 of C12H24(1)
    C12H24(1) conversion: 0.9007    

For reaction generation 1 process is used.
Generating thermo for new species...
Generating kinetics for new reactions...
For reaction O2(2) + C=CCCCCC(546) <=> [CH2]C(CCCCC)O[O](1204), Ea raised from 143.7 to 145.8 kJ/mol to match endothermicity of reaction.
For reaction O2(2) + C=CCCCCC(546) <=> CCCCC[CH]CO[O](1205), Ea raised from 142.8 to 144.9 kJ/mol to match endothermicity of reaction.

Summary of Secondary Model Edge Enlargement
---------------------------------
Added 0 new core species
Created 121 new edge species
    C[CH]C[CH]CCC(1113)
    C[CH]CC[CH]CC(1114)
    C[CH]CCC[CH]C(1115)
    C=CCC[CH]CC(1116)
    C=CC[CH]CCC(1117)
    C=CCCC[CH]C(1118)
    C=C[CH]CCCC(1119)
    C=[C]CCCCC(1120)
    [CH]=CCCCCC(1121)
    C[C]CCCCC(1122)
    [CH]CCCCCC(1123)
    [CH2]C(O)CCCCC(1124)
    CCCCC[CH]CO(1125)
    CCCCCC(C)O(1126)
    CCCCCC(C)O[O](1127)
    [CH2]C(CCCCC)OO(1128)
    CCCCC[CH]COO(1129)
    C=CCCC(C=O)CC(1130)
    C=CCC(C=O)CCC(1131)
    C=CCCCC(C)C=O(1132)
    C=CC(C=O)CCCC(1133)
    C=CCCCCCC=O(1134)
    C=C(C=O)CCCCC(1135)
    CCCCCC=CC=O(1136)
    C=CCCCCC(C)=O(1137)
    [C-]=[O+]CC=CCCCC(1138)
    CCCCC=CC[C-]=[OH+](1139)
    C=CCCC(CC)OC=O(1140)
    C=CCC(CCC)OC=O(1141)
    C=CCCCC(C)OC=O(1142)
    C=CC(CCCC)OC=O(1143)
    C=CCCCCCOC=O(1144)
    C=C(CCCCC)OC=O(1145)
    CCCCCC=COC=O(1146)
    C=CCCCCC(=O)OC(1147)
    C=CCCC(CC)C(=O)O(1148)
    C=CCC(CCC)C(=O)O(1149)
    C=CCCCC(C)C(=O)O(1150)
    C=CC(CCCC)C(=O)O(1151)
    C=CCCCCCC(=O)O(1152)
    C=C(CCCCC)C(=O)O(1153)
    CCCCCC=CC(=O)O(1154)
    C=CCCCCOC(C)=O(1155)
    CCCCC[CH]CC([O])=O(1156)
    [CH2]C(CCCCC)C([O])=O(1157)
    CCCCC[CH]CO[C]=O(1158)
    [CH2]C(CCCCC)O[C]=O(1159)
    CCCCC=CCOC=O(1160)
    CCCCC=CCC(=O)O(1161)
    CCCCC[CH]CC=O(1162)
    [CH2]C(C)CCCCC(1163)
    CCCCC[CH]CC[O](1164)
    [CH2]C(C[O])CCCCC(1165)
    [CH2]OC[CH]CCCCC(1166)
    [CH2]OC([CH2])CCCCC(1167)
    CCCCCC1CCO1(1168)
    CCCCCC1COC1(1169)
    CCCCC=CCOC(1170)
    CCCCC=CCCO(1171)
    [CH]=CC[CH]CCCCC(1172)
    [CH]=CC([CH2])CCCCC(1173)
    C=CCC=CCCCC(1174)
    CCCCCCCOC(1175)
    CCCCCC(C)OC(1176)
    CCCCCC(C)CO(1177)
    CCCCCC(O)CC(1178)
    C=C([O])C[CH]CCCCC(1179)
    [CH2]C(CCCCC)C(=C)[O](1180)
    C=[C]OC[CH]CCCCC(1181)
    [CH2]C(CCCCC)O[C]=C(1182)
    CCCCC[CH]CC[C]=O(1183)
    [CH2]C(C[C]=O)CCCCC(1184)
    CCCCCC1CCC1=O(1185)
    CCCCCC1CC(=O)C1(1186)
    C#COC(C)CCCCC(1187)
    C#COCCCCCCC(1188)
    C=COCC=CCCCC(1189)
    CCCCC=CCCC=O(1190)
    C=C(O)CC=CCCCC(1191)
    CCCCC=CCC(C)=O(1192)
    [CH2]CC([CH2])CCCCC(1193)
    [CH2]C(CC)CCCCC(1194)
    CCCCC[CH]CC(C)[O](1195)
    [CH2]C(CCCCC)C(C)[O](1196)
    C[CH]OC[CH]CCCCC(1197)
    [CH2]C(CCCCC)O[CH]C(1198)
    CCCCCC1CC(C)O1(1199)
    CCCCCC1COC1C(1200)
    C=COC(C)CCCCC(1201)
    CCCCC=CCOCC(1202)
    CCCCC=CCC(C)O(1203)
    [CH2]C(CCCCC)O[O](1204)
    CCCCC[CH]CO[O](1205)
    C[CH]CC[CH]CCCCC(1206)
    [CH2]C(C[CH]C)CCCCC(1207)
    [CH2]C(C)C[CH]CCCCC(1208)
    [CH2]C(C)C([CH2])CCCCC(1209)
    C=CCC(C)CCCCC(1210)
    CCCCC=CCC(C)C(1211)
    CCCCC=CCCCC(1212)
    CCCCC[CH]CC[CH]CCCCCCC(1213)
    [CH2]C(C[CH]CCCCCCC)CCCCC(1214)
    [CH2]C(C[CH]CCCCC)CCCCCCC(1215)
    [CH2]C(CCCCC)C([CH2])CCCCCCC(1216)
    CCCCCCC=CCC(C)CCCCC(1217)
    CCCCCCC=CCCCCCCCC(1218)
    CCCCC=CCC(C)CCCCCCC(1219)
    CCCCC=CCCCCCCCCCC(1220)
    CCCC[CH]CC[CH]CCCCC(1221)
    [CH2]C(C[CH]CCCC)CCCCC(1222)
    [CH2]C(C[CH]CCCCC)CCCC(1223)
    [CH2]C(CCCC)C([CH2])CCCCC(1224)
    CCCC=CCC(C)CCCCC(1225)
    CCCC=CCCCCCCCC(1226)
    CCCCC=CCC(C)CCCC(1227)
    CCCCC=CCCCCCCC(1228)
    CCCCC[CH]CC[CH]CCCCC(1229)
    [CH2]C(C[CH]CCCCC)CCCCC(1230)
    [CH2]C(CCCCC)C([CH2])CCCCC(1231)
    CCCCC=CCC(C)CCCCC(1232)
    CCCCC=CCCCCCCCC(1233)
Added 13 new core reactions
    CH2(S)(24) + C=CCCCC(514) <=> C=CCCCCC(546)
    CH2(S)(24) + C=CCCCC(514) <=> C=CCCCCC(546)
    C2H3(29) + [CH2]CCCC(39) <=> C=CCCCCC(546)
    CH2(T)(17) + [CH2]CCCCCC(40) <=> CH3(18) + C=CCCCCC(546)
    C2H(21) + [CH2]CCCCCC(40) <=> C2H2(22) + C=CCCCCC(546)
    CH2OH(34) + [CH2]CCCCCC(40) <=> CH3OH(26) + C=CCCCCC(546)
    CH3O(27) + [CH2]CCCCCC(40) <=> CH3OH(26) + C=CCCCCC(546)
    HCCO(20) + [CH2]CCCCCC(40) <=> CH2CO(28) + C=CCCCCC(546)
    CH3CO(35) + [CH2]CCCCCC(40) <=> CH3CHO(37) + C=CCCCCC(546)
    [CH2]CCCCCC(40) + CCCC[CH]CCCCCCC(43) <=> C=CCCCCC(546) + C12H24(1)
    [CH2]CCCCCC(40) + CCCCC[CH]CCCCCC(45) <=> C=CCCCCC(546) + C12H24(1)
    [CH2]CCCCCC(40) + C[CH]CCCCCCCCCC(52) <=> C=CCCCCC(546) + C12H24(1)
    [CH2]CCCCCC(40) + [CH2]CCCCCCCCCCC(53) <=> C=CCCCCC(546) + C12H24(1)
Created 397 new edge reactions
    [CH2]C[CH]CCCC(549) <=> C=CCCCCC(546)
    [CH2]CC[CH]CCC(547) <=> C=CCCCCC(546)
    C[CH]C[CH]CCC(1113) <=> C=CCCCCC(546)
    [CH2]CCC[CH]CC(548) <=> C=CCCCCC(546)
    C[CH]CC[CH]CC(1114) <=> C=CCCCCC(546)
    [CH2]CCCC[CH]C(550) <=> C=CCCCCC(546)
    C[CH]CCC[CH]C(1115) <=> C=CCCCCC(546)
    [CH2]CCCCC[CH2](140) <=> C=CCCCCC(546)
    [CH2]CCCC[CH]C(550) <=> C=CCCCCC(546)
    [CH2]CC(47) + [CH2]CC=C(538) <=> C=CCCCCC(546)
    C2H5(33) + [CH2]CCC=C(866) <=> C=CCCCCC(546)
    H(3) + C=CCC[CH]CC(1116) <=> C=CCCCCC(546)
    [CH2]C=C(643) + [CH2]CCC(41) <=> C=CCCCCC(546)
    H(3) + C=CC[CH]CCC(1117) <=> C=CCCCCC(546)
    CH3(18) + [CH2]CCCC=C(868) <=> C=CCCCCC(546)
    H(3) + C=CCCC[CH]C(1118) <=> C=CCCCCC(546)
    H(3) + C=C[CH]CCCC(1119) <=> C=CCCCCC(546)
    H(3) + [CH2]CCCCC=C(870) <=> C=CCCCCC(546)
    H(3) + C=[C]CCCCC(1120) <=> C=CCCCCC(546)
    H(3) + [CH]=CCCCCC(1121) <=> C=CCCCCC(546)
    C=CCCCCC(546) <=> C=CC(158) + C=CCC(466)
    C[C]CCCCC(1122) <=> C=CCCCCC(546)
    [CH]CCCCCC(1123) <=> C=CCCCCC(546)
    O(4) + C[CH]CCCCC(552) <=> OH(5) + C=CCCCCC(546)
    OH(5) + C=CCCCCC(546) <=> H2O(7) + C=CCC[CH]CC(1116)
    OH(5) + C=CCCCCC(546) <=> H2O(7) + C=CC[CH]CCC(1117)
    OH(5) + C=CCCCCC(546) <=> H2O(7) + C=CCCC[CH]C(1118)
    OH(5) + C=CCCCCC(546) <=> H2O(7) + C=C[CH]CCCC(1119)
    OH(5) + C=CCCCCC(546) <=> H2O(7) + [CH2]CCCCC=C(870)
    OH(5) + C=CCCCCC(546) <=> H2O(7) + C=[C]CCCCC(1120)
    OH(5) + C=CCCCCC(546) <=> H2O(7) + [CH]=CCCCCC(1121)
    OH(5) + C=CCCCCC(546) <=> [CH2]C(O)CCCCC(1124)
    OH(5) + C=CCCCCC(546) <=> CCCCC[CH]CO(1125)
    H(3) + C[CH]CCCCC(552) <=> H2(6) + C=CCCCCC(546)
    H2O(7) + C=CCCCCC(546) <=> CCCCCCCO(557)
    H2O(7) + C=CCCCCC(546) <=> CCCCCC(C)O(1126)
    OH(5) + C[CH]CCCCC(552) <=> H2O(7) + C=CCCCCC(546)
    O2(2) + C[CH]CCCCC(552) <=> HO2(10) + C=CCCCCC(546)
    CCCCCC(C)O[O](1127) <=> HO2(10) + C=CCCCCC(546)
    CCCCCCCO[O](595) <=> HO2(10) + C=CCCCCC(546)
    H2O2(11) + C=CCC[CH]CC(1116) <=> HO2(10) + C=CCCCCC(546)
    H2O2(11) + C=CC[CH]CCC(1117) <=> HO2(10) + C=CCCCCC(546)
    H2O2(11) + C=CCCC[CH]C(1118) <=> HO2(10) + C=CCCCCC(546)
    HO2(10) + C=CCCCCC(546) <=> H2O2(11) + C=C[CH]CCCC(1119)
    H2O2(11) + [CH2]CCCCC=C(870) <=> HO2(10) + C=CCCCCC(546)
    H2O2(11) + C=[C]CCCCC(1120) <=> HO2(10) + C=CCCCCC(546)
    H2O2(11) + [CH]=CCCCCC(1121) <=> HO2(10) + C=CCCCCC(546)
    HO2(10) + C=CCCCCC(546) <=> [CH2]C(CCCCC)OO(1128)
    HO2(10) + C=CCCCCC(546) <=> CCCCC[CH]COO(1129)
    HO2(10) + C[CH]CCCCC(552) <=> H2O2(11) + C=CCCCCC(546)
    CO(12) + C=CCCCCC(546) <=> C=CCCC(C=O)CC(1130)
    CO(12) + C=CCCCCC(546) <=> C=CCC(C=O)CCC(1131)
    CO(12) + C=CCCCCC(546) <=> C=CCCCC(C)C=O(1132)
    CO(12) + C=CCCCCC(546) <=> C=CC(C=O)CCCC(1133)
    CO(12) + C=CCCCCC(546) <=> C=CCCCCCC=O(1134)
    CO(12) + C=CCCCCC(546) <=> C=C(C=O)CCCCC(1135)
    CO(12) + C=CCCCCC(546) <=> CCCCCC=CC=O(1136)
    CO(12) + C=CCCCCC(546) <=> C=CCCCCC(C)=O(1137)
    HCO(14) + C=CCC[CH]CC(1116) <=> CO(12) + C=CCCCCC(546)
    HCO(14) + C=CC[CH]CCC(1117) <=> CO(12) + C=CCCCCC(546)
    HCO(14) + C=CCCC[CH]C(1118) <=> CO(12) + C=CCCCCC(546)
    HCO(14) + C=C[CH]CCCC(1119) <=> CO(12) + C=CCCCCC(546)
    HCO(14) + [CH2]CCCCC=C(870) <=> CO(12) + C=CCCCCC(546)
    HCO(14) + C=[C]CCCCC(1120) <=> CO(12) + C=CCCCCC(546)
    HCO(14) + [CH]=CCCCCC(1121) <=> CO(12) + C=CCCCCC(546)
    [C-]=[O+]CC=CCCCC(1138) <=> CO(12) + C=CCCCCC(546)
    CCCCC=CC[C-]=[OH+](1139) <=> CO(12) + C=CCCCCC(546)
    CO2(13) + C=CCCCCC(546) <=> C=CCCC(CC)OC=O(1140)
    CO2(13) + C=CCCCCC(546) <=> C=CCC(CCC)OC=O(1141)
    CO2(13) + C=CCCCCC(546) <=> C=CCCCC(C)OC=O(1142)
    CO2(13) + C=CCCCCC(546) <=> C=CC(CCCC)OC=O(1143)
    CO2(13) + C=CCCCCC(546) <=> C=CCCCCCOC=O(1144)
    CO2(13) + C=CCCCCC(546) <=> C=C(CCCCC)OC=O(1145)
    CO2(13) + C=CCCCCC(546) <=> CCCCCC=COC=O(1146)
    CO2(13) + C=CCCCCC(546) <=> C=CCCCCC(=O)OC(1147)
    CO2(13) + C=CCCCCC(546) <=> C=CCCC(CC)C(=O)O(1148)
    CO2(13) + C=CCCCCC(546) <=> C=CCC(CCC)C(=O)O(1149)
    CO2(13) + C=CCCCCC(546) <=> C=CCCCC(C)C(=O)O(1150)
    CO2(13) + C=CCCCCC(546) <=> C=CC(CCCC)C(=O)O(1151)
    CO2(13) + C=CCCCCC(546) <=> C=CCCCCCC(=O)O(1152)
    CO2(13) + C=CCCCCC(546) <=> C=C(CCCCC)C(=O)O(1153)
    CO2(13) + C=CCCCCC(546) <=> CCCCCC=CC(=O)O(1154)
    CO2(13) + C=CCCCCC(546) <=> C=CCCCCOC(C)=O(1155)
    CCCCC[CH]CC([O])=O(1156) <=> CO2(13) + C=CCCCCC(546)
    [CH2]C(CCCCC)C([O])=O(1157) <=> CO2(13) + C=CCCCCC(546)
    CCCCC[CH]CO[C]=O(1158) <=> CO2(13) + C=CCCCCC(546)
    [CH2]C(CCCCC)O[C]=O(1159) <=> CO2(13) + C=CCCCCC(546)
    HOCO(102) + C=CC[CH]CCC(1117) <=> CO2(13) + C=CCCCCC(546)
    HOCO(102) + C=CCC[CH]CC(1116) <=> CO2(13) + C=CCCCCC(546)
    HOCO(102) + C=CCCC[CH]C(1118) <=> CO2(13) + C=CCCCCC(546)
    HOCO(102) + C=C[CH]CCCC(1119) <=> CO2(13) + C=CCCCCC(546)
    HOCO(102) + [CH2]CCCCC=C(870) <=> CO2(13) + C=CCCCCC(546)
    HOCO(102) + C=[C]CCCCC(1120) <=> CO2(13) + C=CCCCCC(546)
    HOCO(102) + [CH]=CCCCCC(1121) <=> CO2(13) + C=CCCCCC(546)
    [O]C=O(103) + C=CC[CH]CCC(1117) <=> CO2(13) + C=CCCCCC(546)
    [O]C=O(103) + C=CCC[CH]CC(1116) <=> CO2(13) + C=CCCCCC(546)
    [O]C=O(103) + C=CCCC[CH]C(1118) <=> CO2(13) + C=CCCCCC(546)
    [O]C=O(103) + C=C[CH]CCCC(1119) <=> CO2(13) + C=CCCCCC(546)
    [O]C=O(103) + [CH2]CCCCC=C(870) <=> CO2(13) + C=CCCCCC(546)
    [O]C=O(103) + C=[C]CCCCC(1120) <=> CO2(13) + C=CCCCCC(546)
    [O]C=O(103) + [CH]=CCCCCC(1121) <=> CO2(13) + C=CCCCCC(546)
    CCCCC=CCOC=O(1160) <=> CO2(13) + C=CCCCCC(546)
    CCCCC=CCC(=O)O(1161) <=> CO2(13) + C=CCCCCC(546)
    [C]=O(54) + [CH2]CCCCCC(40) <=> HCO(14) + C=CCCCCC(546)
    [C]=O(54) + C[CH]CCCCC(552) <=> HCO(14) + C=CCCCCC(546)
    [CH]O(219) + C=CC[CH]CCC(1117) <=> HCO(14) + C=CCCCCC(546)
    [CH]O(219) + C=CCC[CH]CC(1116) <=> HCO(14) + C=CCCCCC(546)
    [CH]O(219) + C=CCCC[CH]C(1118) <=> HCO(14) + C=CCCCCC(546)
    [CH]O(219) + C=C[CH]CCCC(1119) <=> HCO(14) + C=CCCCCC(546)
    [CH]O(219) + [CH2]CCCCC=C(870) <=> HCO(14) + C=CCCCCC(546)
    [CH]O(219) + C=[C]CCCCC(1120) <=> HCO(14) + C=CCCCCC(546)
    [CH]O(219) + [CH]=CCCCCC(1121) <=> HCO(14) + C=CCCCCC(546)
    CH2O(19) + C=CCC[CH]CC(1116) <=> HCO(14) + C=CCCCCC(546)
    CH2O(19) + C=CC[CH]CCC(1117) <=> HCO(14) + C=CCCCCC(546)
    CH2O(19) + C=CCCC[CH]C(1118) <=> HCO(14) + C=CCCCCC(546)
    HCO(14) + C=CCCCCC(546) <=> CH2O(19) + C=C[CH]CCCC(1119)
    CH2O(19) + [CH2]CCCCC=C(870) <=> HCO(14) + C=CCCCCC(546)
    CH2O(19) + C=[C]CCCCC(1120) <=> HCO(14) + C=CCCCCC(546)
    CH2O(19) + [CH]=CCCCCC(1121) <=> HCO(14) + C=CCCCCC(546)
    HCO(14) + C=CCCCCC(546) <=> [CH2]C(C=O)CCCCC(563)
    HCO(14) + C=CCCCCC(546) <=> CCCCC[CH]CC=O(1162)
    CH2(T)(17) + C[CH]CCCCC(552) <=> CH3(18) + C=CCCCCC(546)
    CH3(18) + C=CCCCCC(546) <=> CH4(31) + C=CCC[CH]CC(1116)
    CH3(18) + C=CCCCCC(546) <=> CH4(31) + C=CC[CH]CCC(1117)
    CH3(18) + C=CCCCCC(546) <=> CH4(31) + C=CCCC[CH]C(1118)
    CH4(31) + C=C[CH]CCCC(1119) <=> CH3(18) + C=CCCCCC(546)
    CH3(18) + C=CCCCCC(546) <=> CH4(31) + [CH2]CCCCC=C(870)
    CH4(31) + C=[C]CCCCC(1120) <=> CH3(18) + C=CCCCCC(546)
    CH3(18) + C=CCCCCC(546) <=> CH4(31) + [CH]=CCCCCC(1121)
    CH3(18) + C=CCCCCC(546) <=> [CH2]C(C)CCCCC(1163)
    CH3(18) + C=CCCCCC(546) <=> CC[CH]CCCCC(229)
    CCCCC[CH]CC[O](1164) <=> CH2O(19) + C=CCCCCC(546)
    [CH2]C(C[O])CCCCC(1165) <=> CH2O(19) + C=CCCCCC(546)
    [CH2]OC[CH]CCCCC(1166) <=> CH2O(19) + C=CCCCCC(546)
    [CH2]OC([CH2])CCCCC(1167) <=> CH2O(19) + C=CCCCCC(546)
    CH2O(19) + C=CCCCCC(546) <=> CCCCCC1CCO1(1168)
    CH2O(19) + C=CCCCCC(546) <=> CCCCCC1COC1(1169)
    HCO(14) + C[CH]CCCCC(552) <=> CH2O(19) + C=CCCCCC(546)
    CH2OH(34) + C=CC[CH]CCC(1117) <=> CH2O(19) + C=CCCCCC(546)
    CH2OH(34) + C=CCC[CH]CC(1116) <=> CH2O(19) + C=CCCCCC(546)
    CH2OH(34) + C=CCCC[CH]C(1118) <=> CH2O(19) + C=CCCCCC(546)
    CH2OH(34) + C=C[CH]CCCC(1119) <=> CH2O(19) + C=CCCCCC(546)
    CH2OH(34) + [CH2]CCCCC=C(870) <=> CH2O(19) + C=CCCCCC(546)
    CH2OH(34) + C=[C]CCCCC(1120) <=> CH2O(19) + C=CCCCCC(546)
    CH2OH(34) + [CH]=CCCCCC(1121) <=> CH2O(19) + C=CCCCCC(546)
    CH3O(27) + C=CC[CH]CCC(1117) <=> CH2O(19) + C=CCCCCC(546)
    CH3O(27) + C=CCC[CH]CC(1116) <=> CH2O(19) + C=CCCCCC(546)
    CH3O(27) + C=CCCC[CH]C(1118) <=> CH2O(19) + C=CCCCCC(546)
    CH3O(27) + C=C[CH]CCCC(1119) <=> CH2O(19) + C=CCCCCC(546)
    CH3O(27) + [CH2]CCCCC=C(870) <=> CH2O(19) + C=CCCCCC(546)
    CH3O(27) + C=[C]CCCCC(1120) <=> CH2O(19) + C=CCCCCC(546)
    CH3O(27) + [CH]=CCCCCC(1121) <=> CH2O(19) + C=CCCCCC(546)
    CCCCC=CCOC(1170) <=> CH2O(19) + C=CCCCCC(546)
    CCCCC=CCCO(1171) <=> CH2O(19) + C=CCCCCC(546)
    [CH]=CC[CH]CCCCC(1172) <=> C2H2(22) + C=CCCCCC(546)
    [CH]=CC([CH2])CCCCC(1173) <=> C2H2(22) + C=CCCCCC(546)
    C2H(21) + C[CH]CCCCC(552) <=> C2H2(22) + C=CCCCCC(546)
    C2H3(29) + C=CC[CH]CCC(1117) <=> C2H2(22) + C=CCCCCC(546)
    C2H3(29) + C=CCC[CH]CC(1116) <=> C2H2(22) + C=CCCCCC(546)
    C2H3(29) + C=CCCC[CH]C(1118) <=> C2H2(22) + C=CCCCCC(546)
    C2H3(29) + C=C[CH]CCCC(1119) <=> C2H2(22) + C=CCCCCC(546)
    C2H3(29) + [CH2]CCCCC=C(870) <=> C2H2(22) + C=CCCCCC(546)
    C2H3(29) + C=[C]CCCCC(1120) <=> C2H2(22) + C=CCCCCC(546)
    C2H3(29) + [CH]=CCCCCC(1121) <=> C2H2(22) + C=CCCCCC(546)
    C=CCC=CCCCC(1174) <=> C2H2(22) + C=CCCCCC(546)
    CH3OH(26) + C=CCCCCC(546) <=> CCCCCCCOC(1175)
    CH3OH(26) + C=CCCCCC(546) <=> CCCCCC(C)OC(1176)
    CH3OH(26) + C=CCCCCC(546) <=> CCCCCC(C)CO(1177)
    CH3OH(26) + C=CCCCCC(546) <=> CCCCCC(O)CC(1178)
    CH2OH(34) + C[CH]CCCCC(552) <=> CH3OH(26) + C=CCCCCC(546)
    CH3O(27) + C[CH]CCCCC(552) <=> CH3OH(26) + C=CCCCCC(546)
    C=C([O])C[CH]CCCCC(1179) <=> CH2CO(28) + C=CCCCCC(546)
    [CH2]C(CCCCC)C(=C)[O](1180) <=> CH2CO(28) + C=CCCCCC(546)
    C=[C]OC[CH]CCCCC(1181) <=> CH2CO(28) + C=CCCCCC(546)
    [CH2]C(CCCCC)O[C]=C(1182) <=> CH2CO(28) + C=CCCCCC(546)
    CCCCC[CH]CC[C]=O(1183) <=> CH2CO(28) + C=CCCCCC(546)
    [CH2]C(C[C]=O)CCCCC(1184) <=> CH2CO(28) + C=CCCCCC(546)
    CH2CO(28) + C=CCCCCC(546) <=> CCCCCC1CCC1=O(1185)
    CH2CO(28) + C=CCCCCC(546) <=> CCCCCC1CC(=O)C1(1186)
    HCCO(20) + C[CH]CCCCC(552) <=> CH2CO(28) + C=CCCCCC(546)
    C=[C]O(69) + C=CC[CH]CCC(1117) <=> CH2CO(28) + C=CCCCCC(546)
    C=[C]O(69) + C=CCC[CH]CC(1116) <=> CH2CO(28) + C=CCCCCC(546)
    C=[C]O(69) + C=CCCC[CH]C(1118) <=> CH2CO(28) + C=CCCCCC(546)
    C=[C]O(69) + C=C[CH]CCCC(1119) <=> CH2CO(28) + C=CCCCCC(546)
    C=[C]O(69) + [CH2]CCCCC=C(870) <=> CH2CO(28) + C=CCCCCC(546)
    C=[C]O(69) + C=[C]CCCCC(1120) <=> CH2CO(28) + C=CCCCCC(546)
    C=[C]O(69) + [CH]=CCCCCC(1121) <=> CH2CO(28) + C=CCCCCC(546)
    CH3CO(35) + C=CC[CH]CCC(1117) <=> CH2CO(28) + C=CCCCCC(546)
    CH3CO(35) + C=CCC[CH]CC(1116) <=> CH2CO(28) + C=CCCCCC(546)
    CH3CO(35) + C=CCCC[CH]C(1118) <=> CH2CO(28) + C=CCCCCC(546)
    CH3CO(35) + C=C[CH]CCCC(1119) <=> CH2CO(28) + C=CCCCCC(546)
    CH3CO(35) + [CH2]CCCCC=C(870) <=> CH2CO(28) + C=CCCCCC(546)
    CH3CO(35) + C=[C]CCCCC(1120) <=> CH2CO(28) + C=CCCCCC(546)
    CH3CO(35) + [CH]=CCCCCC(1121) <=> CH2CO(28) + C=CCCCCC(546)
    CH2CHO(36) + C=CC[CH]CCC(1117) <=> CH2CO(28) + C=CCCCCC(546)
    CH2CHO(36) + C=CCC[CH]CC(1116) <=> CH2CO(28) + C=CCCCCC(546)
    CH2CHO(36) + C=CCCC[CH]C(1118) <=> CH2CO(28) + C=CCCCCC(546)
    CH2CHO(36) + C=C[CH]CCCC(1119) <=> CH2CO(28) + C=CCCCCC(546)
    CH2CHO(36) + [CH2]CCCCC=C(870) <=> CH2CO(28) + C=CCCCCC(546)
    CH2CHO(36) + C=[C]CCCCC(1120) <=> CH2CO(28) + C=CCCCCC(546)
    CH2CHO(36) + [CH]=CCCCCC(1121) <=> CH2CO(28) + C=CCCCCC(546)
    C#COC(C)CCCCC(1187) <=> CH2CO(28) + C=CCCCCC(546)
    C#COCCCCCCC(1188) <=> CH2CO(28) + C=CCCCCC(546)
    C=COCC=CCCCC(1189) <=> CH2CO(28) + C=CCCCCC(546)
    CCCCC=CCCC=O(1190) <=> CH2CO(28) + C=CCCCCC(546)
    C=C(O)CC=CCCCC(1191) <=> CH2CO(28) + C=CCCCCC(546)
    CCCCC=CCC(C)=O(1192) <=> CH2CO(28) + C=CCCCCC(546)
    [CH2]CC[CH]CCCCC(147) <=> C2H4(30) + C=CCCCCC(546)
    [CH2]CC([CH2])CCCCC(1193) <=> C2H4(30) + C=CCCCCC(546)
    C2H3(29) + C[CH]CCCCC(552) <=> C2H4(30) + C=CCCCCC(546)
    C2H5(33) + C=CC[CH]CCC(1117) <=> C2H4(30) + C=CCCCCC(546)
    C2H5(33) + C=CCC[CH]CC(1116) <=> C2H4(30) + C=CCCCCC(546)
    C2H5(33) + C=CCCC[CH]C(1118) <=> C2H4(30) + C=CCCCCC(546)
    C2H5(33) + C=C[CH]CCCC(1119) <=> C2H4(30) + C=CCCCCC(546)
    C2H5(33) + [CH2]CCCCC=C(870) <=> C2H4(30) + C=CCCCCC(546)
    C2H5(33) + C=[C]CCCCC(1120) <=> C2H4(30) + C=CCCCCC(546)
    C2H5(33) + [CH]=CCCCCC(1121) <=> C2H4(30) + C=CCCCCC(546)
    CCCC=CCCCC(1089) <=> C2H4(30) + C=CCCCCC(546)
    CH3(18) + C[CH]CCCCC(552) <=> CH4(31) + C=CCCCCC(546)
    C2H5(33) + C[CH]CCCCC(552) <=> C2H6(32) + C=CCCCCC(546)
    [CH]C(65) + [CH2]CCCCCC(40) <=> C2H5(33) + C=CCCCCC(546)
    [CH]C(65) + C[CH]CCCCC(552) <=> C2H5(33) + C=CCCCCC(546)
    [CH2][CH2](66) + [CH2]CCCCCC(40) <=> C2H5(33) + C=CCCCCC(546)
    [CH2][CH2](66) + C[CH]CCCCC(552) <=> C2H5(33) + C=CCCCCC(546)
    C2H5(33) + C=CCCCCC(546) <=> C2H6(32) + C=CCC[CH]CC(1116)
    C2H5(33) + C=CCCCCC(546) <=> C2H6(32) + C=CC[CH]CCC(1117)
    C2H5(33) + C=CCCCCC(546) <=> C2H6(32) + C=CCCC[CH]C(1118)
    C2H6(32) + C=C[CH]CCCC(1119) <=> C2H5(33) + C=CCCCCC(546)
    C2H6(32) + [CH2]CCCCC=C(870) <=> C2H5(33) + C=CCCCCC(546)
    C2H5(33) + C=CCCCCC(546) <=> C2H6(32) + C=[C]CCCCC(1120)
    C2H5(33) + C=CCCCCC(546) <=> C2H6(32) + [CH]=CCCCCC(1121)
    C2H5(33) + C=CCCCCC(546) <=> [CH2]C(CC)CCCCC(1194)
    C2H5(33) + C=CCCCCC(546) <=> CCC[CH]CCCCC(155)
    CCCCC[CH]CC(C)[O](1195) <=> CH3CHO(37) + C=CCCCCC(546)
    [CH2]C(CCCCC)C(C)[O](1196) <=> CH3CHO(37) + C=CCCCCC(546)
    C[CH]OC[CH]CCCCC(1197) <=> CH3CHO(37) + C=CCCCCC(546)
    [CH2]C(CCCCC)O[CH]C(1198) <=> CH3CHO(37) + C=CCCCCC(546)
    CH3CHO(37) + C=CCCCCC(546) <=> CCCCCC1CC(C)O1(1199)
    CH3CHO(37) + C=CCCCCC(546) <=> CCCCCC1COC1C(1200)
    CH2CHO(36) + C[CH]CCCCC(552) <=> CH3CHO(37) + C=CCCCCC(546)
    CH3CO(35) + C[CH]CCCCC(552) <=> CH3CHO(37) + C=CCCCCC(546)
    CH3CHOH(133) + C=CC[CH]CCC(1117) <=> CH3CHO(37) + C=CCCCCC(546)
    CH3CHOH(133) + C=CCC[CH]CC(1116) <=> CH3CHO(37) + C=CCCCCC(546)
    CH3CHOH(133) + C=CCCC[CH]C(1118) <=> CH3CHO(37) + C=CCCCCC(546)
    CH3CHOH(133) + C=C[CH]CCCC(1119) <=> CH3CHO(37) + C=CCCCCC(546)
    CH3CHOH(133) + [CH2]CCCCC=C(870) <=> CH3CHO(37) + C=CCCCCC(546)
    CH3CHOH(133) + C=[C]CCCCC(1120) <=> CH3CHO(37) + C=CCCCCC(546)
    CH3CHOH(133) + [CH]=CCCCCC(1121) <=> CH3CHO(37) + C=CCCCCC(546)
    CH3CH2O(134) + C=CC[CH]CCC(1117) <=> CH3CHO(37) + C=CCCCCC(546)
    CH3CH2O(134) + C=CCC[CH]CC(1116) <=> CH3CHO(37) + C=CCCCCC(546)
    CH3CH2O(134) + C=CCCC[CH]C(1118) <=> CH3CHO(37) + C=CCCCCC(546)
    CH3CH2O(134) + C=C[CH]CCCC(1119) <=> CH3CHO(37) + C=CCCCCC(546)
    CH3CH2O(134) + [CH2]CCCCC=C(870) <=> CH3CHO(37) + C=CCCCCC(546)
    CH3CH2O(134) + C=[C]CCCCC(1120) <=> CH3CHO(37) + C=CCCCCC(546)
    CH3CH2O(134) + [CH]=CCCCCC(1121) <=> CH3CHO(37) + C=CCCCCC(546)
    C=COC(C)CCCCC(1201) <=> CH3CHO(37) + C=CCCCCC(546)
    C=COCCCCCCC(592) <=> CH3CHO(37) + C=CCCCCC(546)
    CCCCC=CCOCC(1202) <=> CH3CHO(37) + C=CCCCCC(546)
    CCCCC=CCC(C)O(1203) <=> CH3CHO(37) + C=CCCCCC(546)
    C[CH]CCCCC(552) + CCCC[CH]CCCCCCC(43) <=> C=CCCCCC(546) + C12H24(1)
    C[CH]CCCCC(552) + CCCCC[CH]CCCCCC(45) <=> C=CCCCCC(546) + C12H24(1)
    [CH2]CCCCCC(40) + CCC[CH]CCCCCCCC(48) <=> C=CCCCCC(546) + C12H24(1)
    C[CH]CCCCC(552) + CCC[CH]CCCCCCCC(48) <=> C=CCCCCC(546) + C12H24(1)
    [CH2]CCCCCC(40) + CC[CH]CCCCCCCCC(50) <=> C=CCCCCC(546) + C12H24(1)
    C[CH]CCCCC(552) + CC[CH]CCCCCCCCC(50) <=> C=CCCCCC(546) + C12H24(1)
    C[CH]CCCCC(552) + C[CH]CCCCCCCCCC(52) <=> C=CCCCCC(546) + C12H24(1)
    C[CH]CCCCC(552) + [CH2]CCCCCCCCCCC(53) <=> C=CCCCCC(546) + C12H24(1)
    HO2(10) + C=CCC[CH]CC(1116) <=> O2(2) + C=CCCCCC(546)
    HO2(10) + C=CC[CH]CCC(1117) <=> O2(2) + C=CCCCCC(546)
    HO2(10) + C=CCCC[CH]C(1118) <=> O2(2) + C=CCCCCC(546)
    HO2(10) + C=C[CH]CCCC(1119) <=> O2(2) + C=CCCCCC(546)
    HO2(10) + [CH2]CCCCC=C(870) <=> O2(2) + C=CCCCCC(546)
    HO2(10) + C=[C]CCCCC(1120) <=> O2(2) + C=CCCCCC(546)
    O2(2) + C=CCCCCC(546) <=> HO2(10) + [CH]=CCCCCC(1121)
    O2(2) + C=CCCCCC(546) <=> [CH2]C(CCCCC)O[O](1204)
    O2(2) + C=CCCCCC(546) <=> CCCCC[CH]CO[O](1205)
    C[CH]CC[CH]CCCCC(1206) <=> C=CC(158) + C=CCCCCC(546)
    [CH2]C(C[CH]C)CCCCC(1207) <=> C=CC(158) + C=CCCCCC(546)
    [CH2]C(C)C[CH]CCCCC(1208) <=> C=CC(158) + C=CCCCCC(546)
    [CH2]C(C)C([CH2])CCCCC(1209) <=> C=CC(158) + C=CCCCCC(546)
    [CH2]C=C(643) + [CH2]CCCCCC(40) <=> C=CC(158) + C=CCCCCC(546)
    [CH2]C=C(643) + C[CH]CCCCC(552) <=> C=CC(158) + C=CCCCCC(546)
    C=[C]C(644) + [CH2]CCCCCC(40) <=> C=CC(158) + C=CCCCCC(546)
    C=[C]C(644) + C[CH]CCCCC(552) <=> C=CC(158) + C=CCCCCC(546)
    [CH]=CC(374) + [CH2]CCCCCC(40) <=> C=CC(158) + C=CCCCCC(546)
    [CH]=CC(374) + C[CH]CCCCC(552) <=> C=CC(158) + C=CCCCCC(546)
    [CH2]CC(47) + C=CC[CH]CCC(1117) <=> C=CC(158) + C=CCCCCC(546)
    [CH2]CC(47) + C=CCC[CH]CC(1116) <=> C=CC(158) + C=CCCCCC(546)
    [CH2]CC(47) + C=CCCC[CH]C(1118) <=> C=CC(158) + C=CCCCCC(546)
    [CH2]CC(47) + C=C[CH]CCCC(1119) <=> C=CC(158) + C=CCCCCC(546)
    [CH2]CC(47) + [CH2]CCCCC=C(870) <=> C=CC(158) + C=CCCCCC(546)
    [CH2]CC(47) + C=[C]CCCCC(1120) <=> C=CC(158) + C=CCCCCC(546)
    [CH2]CC(47) + [CH]=CCCCCC(1121) <=> C=CC(158) + C=CCCCCC(546)
    C[CH]C(160) + C=CC[CH]CCC(1117) <=> C=CC(158) + C=CCCCCC(546)
    C[CH]C(160) + C=CCC[CH]CC(1116) <=> C=CC(158) + C=CCCCCC(546)
    C[CH]C(160) + C=CCCC[CH]C(1118) <=> C=CC(158) + C=CCCCCC(546)
    C[CH]C(160) + C=C[CH]CCCC(1119) <=> C=CC(158) + C=CCCCCC(546)
    C[CH]C(160) + [CH2]CCCCC=C(870) <=> C=CC(158) + C=CCCCCC(546)
    C[CH]C(160) + C=[C]CCCCC(1120) <=> C=CC(158) + C=CCCCCC(546)
    C[CH]C(160) + [CH]=CCCCCC(1121) <=> C=CC(158) + C=CCCCCC(546)
    C=CCC(C)CCCCC(1210) <=> C=CC(158) + C=CCCCCC(546)
    C=CCCCCCCCC(622) <=> C=CC(158) + C=CCCCCC(546)
    CCCCC=CCC(C)C(1211) <=> C=CC(158) + C=CCCCCC(546)
    CCCCC=CCCCC(1212) <=> C=CC(158) + C=CCCCCC(546)
    CCCCC[CH]CC[CH]CCCCCCC(1213) <=> C=CCCCCC(546) + C=CCCCCCCC(138)
    [CH2]C(C[CH]CCCCCCC)CCCCC(1214) <=> C=CCCCCC(546) + C=CCCCCCCC(138)
    [CH2]C(C[CH]CCCCC)CCCCCCC(1215) <=> C=CCCCCC(546) + C=CCCCCCCC(138)
    [CH2]C(CCCCC)C([CH2])CCCCCCC(1216) <=> C=CCCCCC(546) + C=CCCCCCCC(138)
    [CH2]CCCCCC(40) + C=CC[CH]CCCCC(872) <=> C=CCCCCC(546) + C=CCCCCCCC(138)
    C[CH]CCCCC(552) + C=CC[CH]CCCCC(872) <=> C=CCCCCC(546) + C=CCCCCCCC(138)
    [CH2]CCCCCC(40) + C=CCC[CH]CCCC(867) <=> C=CCCCCC(546) + C=CCCCCCCC(138)
    C[CH]CCCCC(552) + C=CCC[CH]CCCC(867) <=> C=CCCCCC(546) + C=CCCCCCCC(138)
    [CH2]CCCCCC(40) + C=CCCC[CH]CCC(869) <=> C=CCCCCC(546) + C=CCCCCCCC(138)
    C[CH]CCCCC(552) + C=CCCC[CH]CCC(869) <=> C=CCCCCC(546) + C=CCCCCCCC(138)
    [CH2]CCCCCC(40) + C=CCCCC[CH]CC(871) <=> C=CCCCCC(546) + C=CCCCCCCC(138)
    C[CH]CCCCC(552) + C=CCCCC[CH]CC(871) <=> C=CCCCCC(546) + C=CCCCCCCC(138)
    [CH2]CCCCCC(40) + C=CCCCCC[CH]C(874) <=> C=CCCCCC(546) + C=CCCCCCCC(138)
    C[CH]CCCCC(552) + C=CCCCCC[CH]C(874) <=> C=CCCCCC(546) + C=CCCCCCCC(138)
    [CH2]CCCCCC(40) + C=C[CH]CCCCCC(875) <=> C=CCCCCC(546) + C=CCCCCCCC(138)
    C[CH]CCCCC(552) + C=C[CH]CCCCCC(875) <=> C=CCCCCC(546) + C=CCCCCCCC(138)
    [CH2]CCCCCC(40) + [CH2]CCCCCCC=C(876) <=> C=CCCCCC(546) + C=CCCCCCCC(138)
    C[CH]CCCCC(552) + [CH2]CCCCCCC=C(876) <=> C=CCCCCC(546) + C=CCCCCCCC(138)
    [CH2]CCCCCC(40) + C=[C]CCCCCCC(877) <=> C=CCCCCC(546) + C=CCCCCCCC(138)
    C[CH]CCCCC(552) + C=[C]CCCCCCC(877) <=> C=CCCCCC(546) + C=CCCCCCCC(138)
    [CH2]CCCCCC(40) + [CH]=CCCCCCCC(585) <=> C=CCCCCC(546) + C=CCCCCCCC(138)
    C[CH]CCCCC(552) + [CH]=CCCCCCCC(585) <=> C=CCCCCC(546) + C=CCCCCCCC(138)
    C=CC[CH]CCC(1117) + [CH2]CCCCCCCC(46) <=> C=CCCCCC(546) + C=CCCCCCCC(138)
    C=CCC[CH]CC(1116) + [CH2]CCCCCCCC(46) <=> C=CCCCCC(546) + C=CCCCCCCC(138)
    C=CCCC[CH]C(1118) + [CH2]CCCCCCCC(46) <=> C=CCCCCC(546) + C=CCCCCCCC(138)
    C=C[CH]CCCC(1119) + [CH2]CCCCCCCC(46) <=> C=CCCCCC(546) + C=CCCCCCCC(138)
    [CH2]CCCCC=C(870) + [CH2]CCCCCCCC(46) <=> C=CCCCCC(546) + C=CCCCCCCC(138)
    C=[C]CCCCC(1120) + [CH2]CCCCCCCC(46) <=> C=CCCCCC(546) + C=CCCCCCCC(138)
    [CH]=CCCCCC(1121) + [CH2]CCCCCCCC(46) <=> C=CCCCCC(546) + C=CCCCCCCC(138)
    C=CC[CH]CCC(1117) + C[CH]CCCCCCC(153) <=> C=CCCCCC(546) + C=CCCCCCCC(138)
    C=CCC[CH]CC(1116) + C[CH]CCCCCCC(153) <=> C=CCCCCC(546) + C=CCCCCCCC(138)
    C=CCCC[CH]C(1118) + C[CH]CCCCCCC(153) <=> C=CCCCCC(546) + C=CCCCCCCC(138)
    C=C[CH]CCCC(1119) + C[CH]CCCCCCC(153) <=> C=CCCCCC(546) + C=CCCCCCCC(138)
    [CH2]CCCCC=C(870) + C[CH]CCCCCCC(153) <=> C=CCCCCC(546) + C=CCCCCCCC(138)
    C=[C]CCCCC(1120) + C[CH]CCCCCCC(153) <=> C=CCCCCC(546) + C=CCCCCCCC(138)
    [CH]=CCCCCC(1121) + C[CH]CCCCCCC(153) <=> C=CCCCCC(546) + C=CCCCCCCC(138)
    CCCCCCC=CCC(C)CCCCC(1217) <=> C=CCCCCC(546) + C=CCCCCCCC(138)
    CCCCCCC=CCCCCCCCC(1218) <=> C=CCCCCC(546) + C=CCCCCCCC(138)
    CCCCC=CCC(C)CCCCCCC(1219) <=> C=CCCCCC(546) + C=CCCCCCCC(138)
    CCCCC=CCCCCCCCCCC(1220) <=> C=CCCCCC(546) + C=CCCCCCCC(138)
    CCCC[CH]CC[CH]CCCCC(1221) <=> C=CCCCC(514) + C=CCCCCC(546)
    [CH2]C(C[CH]CCCC)CCCCC(1222) <=> C=CCCCC(514) + C=CCCCCC(546)
    [CH2]C(C[CH]CCCCC)CCCC(1223) <=> C=CCCCC(514) + C=CCCCCC(546)
    [CH2]C(CCCC)C([CH2])CCCCC(1224) <=> C=CCCCC(514) + C=CCCCCC(546)
    C=CC[CH]CC(996) + [CH2]CCCCCC(40) <=> C=CCCCC(514) + C=CCCCCC(546)
    C=CC[CH]CC(996) + C[CH]CCCCC(552) <=> C=CCCCC(514) + C=CCCCCC(546)
    C=CCC[CH]C(997) + [CH2]CCCCCC(40) <=> C=CCCCC(514) + C=CCCCCC(546)
    C=CCC[CH]C(997) + C[CH]CCCCC(552) <=> C=CCCCC(514) + C=CCCCCC(546)
    C=C[CH]CCC(998) + [CH2]CCCCCC(40) <=> C=CCCCC(514) + C=CCCCCC(546)
    C=C[CH]CCC(998) + C[CH]CCCCC(552) <=> C=CCCCC(514) + C=CCCCCC(546)
    [CH2]CCCC=C(868) + [CH2]CCCCCC(40) <=> C=CCCCC(514) + C=CCCCCC(546)
    [CH2]CCCC=C(868) + C[CH]CCCCC(552) <=> C=CCCCC(514) + C=CCCCCC(546)
    C=[C]CCCC(999) + [CH2]CCCCCC(40) <=> C=CCCCC(514) + C=CCCCCC(546)
    C=[C]CCCC(999) + C[CH]CCCCC(552) <=> C=CCCCC(514) + C=CCCCCC(546)
    [CH]=CCCCC(500) + [CH2]CCCCCC(40) <=> C=CCCCC(514) + C=CCCCCC(546)
    [CH]=CCCCC(500) + C[CH]CCCCC(552) <=> C=CCCCC(514) + C=CCCCCC(546)
    [CH2]CCCCC(44) + C=CC[CH]CCC(1117) <=> C=CCCCC(514) + C=CCCCCC(546)
    [CH2]CCCCC(44) + C=CCC[CH]CC(1116) <=> C=CCCCC(514) + C=CCCCCC(546)
    [CH2]CCCCC(44) + C=CCCC[CH]C(1118) <=> C=CCCCC(514) + C=CCCCCC(546)
    [CH2]CCCCC(44) + C=C[CH]CCCC(1119) <=> C=CCCCC(514) + C=CCCCCC(546)
    [CH2]CCCCC(44) + [CH2]CCCCC=C(870) <=> C=CCCCC(514) + C=CCCCCC(546)
    [CH2]CCCCC(44) + C=[C]CCCCC(1120) <=> C=CCCCC(514) + C=CCCCCC(546)
    [CH2]CCCCC(44) + [CH]=CCCCCC(1121) <=> C=CCCCC(514) + C=CCCCCC(546)
    C[CH]CCCC(519) + C=CC[CH]CCC(1117) <=> C=CCCCC(514) + C=CCCCCC(546)
    C[CH]CCCC(519) + C=CCC[CH]CC(1116) <=> C=CCCCC(514) + C=CCCCCC(546)
    C[CH]CCCC(519) + C=CCCC[CH]C(1118) <=> C=CCCCC(514) + C=CCCCCC(546)
    C[CH]CCCC(519) + C=C[CH]CCCC(1119) <=> C=CCCCC(514) + C=CCCCCC(546)
    C[CH]CCCC(519) + [CH2]CCCCC=C(870) <=> C=CCCCC(514) + C=CCCCCC(546)
    C[CH]CCCC(519) + C=[C]CCCCC(1120) <=> C=CCCCC(514) + C=CCCCCC(546)
    C[CH]CCCC(519) + [CH]=CCCCCC(1121) <=> C=CCCCC(514) + C=CCCCCC(546)
    CCCC=CCC(C)CCCCC(1225) <=> C=CCCCC(514) + C=CCCCCC(546)
    CCCC=CCCCCCCCC(1226) <=> C=CCCCC(514) + C=CCCCCC(546)
    CCCCC=CCC(C)CCCC(1227) <=> C=CCCCC(514) + C=CCCCCC(546)
    CCCCC=CCCCCCCC(1228) <=> C=CCCCC(514) + C=CCCCCC(546)
    CCCCC[CH]CC[CH]CCCCC(1229) <=> C=CCCCCC(546) + C=CCCCCC(546)
    [CH2]C(C[CH]CCCCC)CCCCC(1230) <=> C=CCCCCC(546) + C=CCCCCC(546)
    [CH2]C(CCCCC)C([CH2])CCCCC(1231) <=> C=CCCCCC(546) + C=CCCCCC(546)
    C=CC[CH]CCC(1117) + [CH2]CCCCCC(40) <=> C=CCCCCC(546) + C=CCCCCC(546)
    C=CC[CH]CCC(1117) + C[CH]CCCCC(552) <=> C=CCCCCC(546) + C=CCCCCC(546)
    C=CCC[CH]CC(1116) + [CH2]CCCCCC(40) <=> C=CCCCCC(546) + C=CCCCCC(546)
    C=CCC[CH]CC(1116) + C[CH]CCCCC(552) <=> C=CCCCCC(546) + C=CCCCCC(546)
    C=CCCC[CH]C(1118) + [CH2]CCCCCC(40) <=> C=CCCCCC(546) + C=CCCCCC(546)
    C=CCCC[CH]C(1118) + C[CH]CCCCC(552) <=> C=CCCCCC(546) + C=CCCCCC(546)
    C=C[CH]CCCC(1119) + [CH2]CCCCCC(40) <=> C=CCCCCC(546) + C=CCCCCC(546)
    C=C[CH]CCCC(1119) + C[CH]CCCCC(552) <=> C=CCCCCC(546) + C=CCCCCC(546)
    [CH2]CCCCC=C(870) + [CH2]CCCCCC(40) <=> C=CCCCCC(546) + C=CCCCCC(546)
    [CH2]CCCCC=C(870) + C[CH]CCCCC(552) <=> C=CCCCCC(546) + C=CCCCCC(546)
    C=[C]CCCCC(1120) + [CH2]CCCCCC(40) <=> C=CCCCCC(546) + C=CCCCCC(546)
    C=[C]CCCCC(1120) + C[CH]CCCCC(552) <=> C=CCCCCC(546) + C=CCCCCC(546)
    [CH]=CCCCCC(1121) + [CH2]CCCCCC(40) <=> C=CCCCCC(546) + C=CCCCCC(546)
    [CH]=CCCCCC(1121) + C[CH]CCCCC(552) <=> C=CCCCCC(546) + C=CCCCCC(546)
    CCCCC=CCC(C)CCCCC(1232) <=> C=CCCCCC(546) + C=CCCCCC(546)
    CCCCC=CCCCCCCCC(1233) <=> C=CCCCCC(546) + C=CCCCCC(546)

After model enlargement:
    The model core has 57 species and 651 reactions
    The model edge has 1176 species and 3815 reactions


Saving current model core to Chemkin file...
Chemkin file contains 658 reactions.
Saving annotated version of Chemkin file...
Chemkin file contains 658 reactions.
Saving current model core and edge to Chemkin file...
Chemkin file contains 4473 reactions.
Saving annotated version of Chemkin file...
Chemkin file contains 4473 reactions.
Saving current model core to HTML file...
Saving current model edge to HTML file...
Updating RMG execution statistics...
    Execution time (DD:HH:MM:SS): 00:00:02:00
    Memory used: 933.11 MB

Making seed mechanism...
Conducting simulation of reaction system 1...
At time 1.0372e-05 s, species [CH2]C=C(643) at 0.10071333511619489 exceeded the minimum rate for simulation interruption of 0.1
At time 1.0372e-05 s, species [CH2]C=C(643) at rate ratio 0.10071333511619489 exceeded the minimum rate for moving to model core of 0.1
terminating simulation due to interrupt...


Adding species [CH2]C=C(643) to model core

Summary of Model Enlargement
---------------------------------
Added 1 new core species
    [CH2]C=C(643)
Created 0 new edge species
Moved 28 reactions from edge to core
    H(3) + [CH2]C=C(643) <=> C=CC(158)
    H(3) + C=CC(158) <=> H2(6) + [CH2]C=C(643)
    O(4) + C=CC(158) <=> OH(5) + [CH2]C=C(643)
    OH(5) + C=CC(158) <=> H2O(7) + [CH2]C=C(643)
    H2O2(11) + [CH2]C=C(643) <=> HO2(10) + C=CC(158)
    HCO(14) + [CH2]C=C(643) <=> CO(12) + C=CC(158)
    CH2O(19) + [CH2]C=C(643) <=> HCO(14) + C=CC(158)
    CH3(18) + C=CC(158) <=> CH4(31) + [CH2]C=C(643)
    CH2OH(34) + [CH2]C=C(643) <=> CH2O(19) + C=CC(158)
    CH3O(27) + [CH2]C=C(643) <=> CH2O(19) + C=CC(158)
    C2H3(29) + [CH2]C=C(643) <=> C2H2(22) + C=CC(158)
    CH3CO(35) + [CH2]C=C(643) <=> CH2CO(28) + C=CC(158)
    CH2CHO(36) + [CH2]C=C(643) <=> CH2CO(28) + C=CC(158)
    C2H5(33) + [CH2]C=C(643) <=> C2H4(30) + C=CC(158)
    C2H6(32) + [CH2]C=C(643) <=> C2H5(33) + C=CC(158)
    CH2CHO(36) + C=CC(158) <=> CH3CHO(37) + [CH2]C=C(643)
    HO2(10) + [CH2]C=C(643) <=> O2(2) + C=CC(158)
    [CH2]C=C(643) + [CH2]CC(47) <=> C=CC(158) + C=CC(158)
    C2H3(29) + C=CC(158) <=> C2H4(30) + [CH2]C=C(643)
    C=CC(158) + C[CH]CCCCCCCCCC(52) <=> [CH2]C=C(643) + C12H24(1)
    C=CC(158) + [CH2]CCCCCCCCCCC(53) <=> [CH2]C=C(643) + C12H24(1)
    [CH2]C=C(643) + [CH2]CCCCC(44) <=> C=CCCCCCCC(138)
    [CH2]C=C(643) + [CH2]CCCCCCCC(46) <=> C=CC(158) + C=CCCCCCCC(138)
    [CH2]C=C(643) + [CH2]CC(47) <=> C=CCCCC(514)
    [CH2]C=C(643) + [CH2]CCCCC(44) <=> C=CC(158) + C=CCCCC(514)
    [CH2]C=C(643) + C[CH]CCCC(519) <=> C=CC(158) + C=CCCCC(514)
    [CH2]C=C(643) + [CH2]CCC(41) <=> C=CCCCCC(546)
    [CH2]C=C(643) + [CH2]CCCCCC(40) <=> C=CC(158) + C=CCCCCC(546)
Added 0 new core reactions
Created 0 new edge reactions

After model enlargement:
    The model core has 58 species and 679 reactions
    The model edge has 1175 species and 3787 reactions


At time 8.2932e-05 s, reached target termination conversion: 0.900000 of C12H24(1)
    C12H24(1) conversion: 0.9007    

For reaction generation 1 process is used.
Generating thermo for new species...
Generating kinetics for new reactions...
For reaction HO2(10) + [CH2]C=C(643) <=> [CH2]C([CH2])OO(1242), Ea raised from 44.1 to 46.3 kJ/mol to match endothermicity of reaction.
For reaction HO2(10) + [CH2]C=C(643) <=> [CH2][CH]COO(1243), Ea raised from 34.1 to 36.7 kJ/mol to match endothermicity of reaction.
For reaction CO(12) + [CH2]C=C(643) <=> C=CC[C]=O(1247), Ea raised from 26.2 to 28.4 kJ/mol to match endothermicity of reaction.
For reaction CO2(13) + [CH2]C=C(643) <=> C=CCO[C]=O(1256), Ea raised from 141.1 to 145.1 kJ/mol to match endothermicity of reaction.
For reaction CO2(13) + [CH2]C=C(643) <=> C=CCC([O])=O(1257), Ea raised from 107.0 to 112.4 kJ/mol to match endothermicity of reaction.
For reaction CH2CO(28) + [CH2]C=C(643) <=> C=[C]OCC=C(1277), Ea raised from 62.1 to 67.0 kJ/mol to match endothermicity of reaction.
For reaction CH3CHO(37) + [CH2]C=C(643) <=> C=CCC(C)[O](719), Ea raised from 34.6 to 38.7 kJ/mol to match endothermicity of reaction.
For reaction O2(2) + [CH2]C=C(643) <=> [CH2]C([CH2])O[O](1292), Ea raised from 207.4 to 209.4 kJ/mol to match endothermicity of reaction.
For reaction O2(2) + [CH2]C=C(643) <=> [CH2][CH]CO[O](1293), Ea raised from 197.5 to 199.8 kJ/mol to match endothermicity of reaction.

Summary of Secondary Model Edge Enlargement
---------------------------------
Added 0 new core species
Created 95 new edge species
    [CH]C=C(1234)
    [CH]1CC1(1235)
    C=C=C(1236)
    [CH2][C]=C(1237)
    [CH2]C([CH2])O(1238)
    [CH2][CH]CO(1239)
    C=CCO(1240)
    [CH2]CCO[O](1241)
    [CH2]C([CH2])OO(1242)
    [CH2][CH]COO(1243)
    C=CCOO(1244)
    [CH2]C(=C)C=O(1245)
    [CH2]C=CC=O(1246)
    C=CC[C]=O(1247)
    [CH2]C(=C)OC=O(1248)
    [CH2]C=COC=O(1249)
    [CH2]C(=C)C(=O)O(1250)
    [CH2]C=CC(=O)O(1251)
    [CH2][CH]CC([O])=O(1252)
    [CH2]C([CH2])C([O])=O(1253)
    [CH2][CH]CO[C]=O(1254)
    [CH2]C([CH2])O[C]=O(1255)
    C=CCO[C]=O(1256)
    C=CCC([O])=O(1257)
    [CH2]C([CH2])C(1258)
    [CH2][CH]CC[O](1259)
    [CH2]C([CH2])C[O](1260)
    [CH2][CH]CO[CH2](1261)
    [CH2]OC([CH2])[CH2](1262)
    [CH2]C1COC1(1263)
    [CH2]OCC=C(1264)
    C=CCC[O](1265)
    [CH]=CC[CH][CH2](1266)
    [CH]=CC([CH2])[CH2](1267)
    [CH]=CCC=C(1268)
    [CH2][CH]CC(=C)[O](1269)
    [CH2]C([CH2])C(=C)[O](1270)
    [CH2][CH]CO[C]=C(1271)
    [CH2]C([CH2])O[C]=C(1272)
    [CH2][CH]CC[C]=O(1273)
    [CH2]C([CH2])C[C]=O(1274)
    [CH2]C1CCC1=O(1275)
    [CH2]C1CC(=O)C1(1276)
    C=[C]OCC=C(1277)
    C=CCC[C]=O(1278)
    C=CCC(=C)[O](1279)
    C#COC([CH2])C(1280)
    C#COCC[CH2](1281)
    [CH2][CH]CC[CH2](1282)
    [CH2]CC([CH2])[CH2](1283)
    [CH2]C([CH2])CC(1284)
    [CH2][CH]CC(C)[O](1285)
    [CH2]C([CH2])C(C)[O](1286)
    [CH2][CH]CO[CH]C(1287)
    [CH2]C([CH2])O[CH]C(1288)
    [CH2]C1COC1C(1289)
    C=CCO[CH]C(1290)
    [CH2]CCOC=C(1291)
    [CH2]C([CH2])O[O](1292)
    [CH2][CH]CO[O](1293)
    C=CCO[O](1294)
    [CH2][CH]CC[CH]C(1295)
    [CH2]C([CH2])C[CH]C(1296)
    [CH2][CH]CC([CH2])C(1297)
    [CH2]C([CH2])C([CH2])C(1298)
    [CH2]C(C)CC=C(1299)
    [CH2][CH]CC[CH]CCCCCCC(1300)
    [CH2]C([CH2])C[CH]CCCCCCC(1301)
    [CH2][CH]CC([CH2])CCCCCCC(1302)
    [CH2]C([CH2])C([CH2])CCCCCCC(1303)
    [CH2]C(CC=C)CCCCCCC(1304)
    C=CCC[CH]CCCCCCC(1305)
    [CH2]C(C)CC=CCCCCCC(1306)
    [CH2]CCCC=CCCCCCC(1307)
    [CH2][CH]CC[CH]CCCC(1308)
    [CH2]C([CH2])C[CH]CCCC(1309)
    [CH2][CH]CC([CH2])CCCC(1310)
    [CH2]C([CH2])C([CH2])CCCC(1311)
    [CH2]C(CC=C)CCCC(1312)
    [CH2]C(C)CC=CCCC(1313)
    [CH2]CCCC=CCCC(1314)
    [CH2][CH]CC[CH]CCCCC(1315)
    [CH2]C([CH2])C[CH]CCCCC(1316)
    [CH2][CH]CC([CH2])CCCCC(1317)
    [CH2]C([CH2])C([CH2])CCCCC(1318)
    [CH2]C(CC=C)CCCCC(1319)
    C=CCC[CH]CCCCC(1320)
    [CH2]C(C)CC=CCCCC(1321)
    [CH2]CCCC=CCCCC(1322)
    [CH2][CH]CC[CH][CH2](1323)
    [CH2][CH]CC([CH2])[CH2](1324)
    [CH2]C([CH2])C([CH2])[CH2](1325)
    [CH2]C([CH2])CC=C(1326)
    [CH2][CH]CCC=C(1327)
    C=CCCC=C(1328)
Added 9 new core reactions
    CH2(T)(17) + C2H3(29) <=> [CH2]C=C(643)
    CH2(T)(17) + C=CC(158) <=> CH3(18) + [CH2]C=C(643)
    C2H(21) + C=CC(158) <=> C2H2(22) + [CH2]C=C(643)
    CH3O(27) + C=CC(158) <=> CH3OH(26) + [CH2]C=C(643)
    CH2OH(34) + C=CC(158) <=> CH3OH(26) + [CH2]C=C(643)
    HCCO(20) + C=CC(158) <=> CH2CO(28) + [CH2]C=C(643)
    CH3CHO(37) + [CH2]C=C(643) <=> CH3CO(35) + C=CC(158)
    C=CC(158) + CCCC[CH]CCCCCCC(43) <=> [CH2]C=C(643) + C12H24(1)
    C=CC(158) + CCCCC[CH]CCCCCC(45) <=> [CH2]C=C(643) + C12H24(1)
Created 321 new edge reactions
    H(3) + [CH]C=C(1234) <=> [CH2]C=C(643)
    [CH2]C=C(643) <=> [CH]1CC1(1235)
    H(3) + C=C=C(1236) <=> [CH2]C=C(643)
    H(3) + [CH2][C]=C(1237) <=> [CH2]C=C(643)
    H(3) + [CH]C=C(1234) <=> [CH2]C=C(643)
    C=[C]C(644) <=> [CH2]C=C(643)
    [CH]=CC(374) <=> [CH2]C=C(643)
    OH(5) + [CH2]C=C(643) <=> H2O(7) + C=C=C(1236)
    O(4) + [CH2]C[CH2](146) <=> OH(5) + [CH2]C=C(643)
    O(4) + [CH2][CH]C(159) <=> OH(5) + [CH2]C=C(643)
    OH(5) + [CH2]C=C(643) <=> H2O(7) + [CH]C=C(1234)
    OH(5) + [CH2]C=C(643) <=> H2O(7) + [CH]C=C(1234)
    OH(5) + [CH2]C=C(643) <=> [CH2]C([CH2])O(1238)
    OH(5) + [CH2]C=C(643) <=> [CH2][CH]CO(1239)
    OH(5) + [CH2]C=C(643) <=> C=CCO(1240)
    H(3) + [CH2]C[CH2](146) <=> H2(6) + [CH2]C=C(643)
    H(3) + [CH2][CH]C(159) <=> H2(6) + [CH2]C=C(643)
    OH(5) + [CH2]C[CH2](146) <=> H2O(7) + [CH2]C=C(643)
    OH(5) + [CH2][CH]C(159) <=> H2O(7) + [CH2]C=C(643)
    HO2(10) + [CH2]C=C(643) <=> H2O2(11) + C=C=C(1236)
    O2(2) + [CH2]C[CH2](146) <=> HO2(10) + [CH2]C=C(643)
    O2(2) + [CH2][CH]C(159) <=> HO2(10) + [CH2]C=C(643)
    [CH2]C(C)O[O](730) <=> HO2(10) + [CH2]C=C(643)
    [CH2]CCO[O](1241) <=> HO2(10) + [CH2]C=C(643)
    H2O2(11) + [CH]C=C(1234) <=> HO2(10) + [CH2]C=C(643)
    H2O2(11) + [CH]C=C(1234) <=> HO2(10) + [CH2]C=C(643)
    HO2(10) + [CH2]C=C(643) <=> [CH2]C([CH2])OO(1242)
    HO2(10) + [CH2]C=C(643) <=> [CH2][CH]COO(1243)
    HO2(10) + [CH2]C=C(643) <=> C=CCOO(1244)
    HO2(10) + [CH2]C[CH2](146) <=> H2O2(11) + [CH2]C=C(643)
    HO2(10) + [CH2][CH]C(159) <=> H2O2(11) + [CH2]C=C(643)
    CO(12) + [CH2]C=C(643) <=> [CH2]C(=C)C=O(1245)
    CO(12) + [CH2]C=C(643) <=> [CH2]C=CC=O(1246)
    HCO(14) + [CH]C=C(1234) <=> CO(12) + [CH2]C=C(643)
    HCO(14) + [CH2][C]=C(1237) <=> CO(12) + [CH2]C=C(643)
    HCO(14) + [CH]C=C(1234) <=> CO(12) + [CH2]C=C(643)
    CO(12) + [CH2]C=C(643) <=> C=CC[C]=O(1247)
    CO2(13) + [CH2]C=C(643) <=> [CH2]C(=C)OC=O(1248)
    CO2(13) + [CH2]C=C(643) <=> [CH2]C=COC=O(1249)
    CO2(13) + [CH2]C=C(643) <=> [CH2]C(=C)C(=O)O(1250)
    CO2(13) + [CH2]C=C(643) <=> [CH2]C=CC(=O)O(1251)
    [CH2][CH]CC([O])=O(1252) <=> CO2(13) + [CH2]C=C(643)
    [CH2]C([CH2])C([O])=O(1253) <=> CO2(13) + [CH2]C=C(643)
    [CH2][CH]CO[C]=O(1254) <=> CO2(13) + [CH2]C=C(643)
    [CH2]C([CH2])O[C]=O(1255) <=> CO2(13) + [CH2]C=C(643)
    HOCO(102) + [CH]C=C(1234) <=> CO2(13) + [CH2]C=C(643)
    HOCO(102) + [CH2][C]=C(1237) <=> CO2(13) + [CH2]C=C(643)
    HOCO(102) + [CH]C=C(1234) <=> CO2(13) + [CH2]C=C(643)
    [O]C=O(103) + [CH]C=C(1234) <=> CO2(13) + [CH2]C=C(643)
    [O]C=O(103) + [CH2][C]=C(1237) <=> CO2(13) + [CH2]C=C(643)
    [O]C=O(103) + [CH]C=C(1234) <=> CO2(13) + [CH2]C=C(643)
    CO2(13) + [CH2]C=C(643) <=> C=CCO[C]=O(1256)
    CO2(13) + [CH2]C=C(643) <=> C=CCC([O])=O(1257)
    CH3(18) + [CH2]C=C(643) <=> CH4(31) + C=C=C(1236)
    CH2(T)(17) + [CH2]C[CH2](146) <=> CH3(18) + [CH2]C=C(643)
    CH2(T)(17) + [CH2][CH]C(159) <=> CH3(18) + [CH2]C=C(643)
    CH3(18) + [CH2]C=C(643) <=> CH4(31) + [CH]C=C(1234)
    CH3(18) + [CH2]C=C(643) <=> CH4(31) + [CH]C=C(1234)
    CH3(18) + [CH2]C=C(643) <=> [CH2]C([CH2])C(1258)
    CH3(18) + [CH2]C=C(643) <=> [CH2][CH]CC(468)
    CH3(18) + [CH2]C=C(643) <=> C=CCC(466)
    [CH2][CH]CC[O](1259) <=> CH2O(19) + [CH2]C=C(643)
    [CH2]C([CH2])C[O](1260) <=> CH2O(19) + [CH2]C=C(643)
    [CH2][CH]CO[CH2](1261) <=> CH2O(19) + [CH2]C=C(643)
    [CH2]OC([CH2])[CH2](1262) <=> CH2O(19) + [CH2]C=C(643)
    CH2O(19) + [CH2]C=C(643) <=> [CH2]C1CCO1(541)
    CH2O(19) + [CH2]C=C(643) <=> [CH2]C1COC1(1263)
    HCO(14) + [CH2]C[CH2](146) <=> CH2O(19) + [CH2]C=C(643)
    HCO(14) + [CH2][CH]C(159) <=> CH2O(19) + [CH2]C=C(643)
    CH2OH(34) + [CH]C=C(1234) <=> CH2O(19) + [CH2]C=C(643)
    CH2OH(34) + [CH2][C]=C(1237) <=> CH2O(19) + [CH2]C=C(643)
    CH2OH(34) + [CH]C=C(1234) <=> CH2O(19) + [CH2]C=C(643)
    CH3O(27) + [CH]C=C(1234) <=> CH2O(19) + [CH2]C=C(643)
    CH3O(27) + [CH2][C]=C(1237) <=> CH2O(19) + [CH2]C=C(643)
    CH3O(27) + [CH]C=C(1234) <=> CH2O(19) + [CH2]C=C(643)
    CH2O(19) + [CH2]C=C(643) <=> [CH2]OCC=C(1264)
    CH2O(19) + [CH2]C=C(643) <=> C=CCC[O](1265)
    [CH]=CC[CH][CH2](1266) <=> C2H2(22) + [CH2]C=C(643)
    [CH]=CC([CH2])[CH2](1267) <=> C2H2(22) + [CH2]C=C(643)
    C2H(21) + [CH2]C[CH2](146) <=> C2H2(22) + [CH2]C=C(643)
    C2H(21) + [CH2][CH]C(159) <=> C2H2(22) + [CH2]C=C(643)
    C2H3(29) + [CH]C=C(1234) <=> C2H2(22) + [CH2]C=C(643)
    C2H3(29) + [CH2][C]=C(1237) <=> C2H2(22) + [CH2]C=C(643)
    C2H3(29) + [CH]C=C(1234) <=> C2H2(22) + [CH2]C=C(643)
    C2H2(22) + [CH2]C=C(643) <=> [CH]=CCC=C(1268)
    CH2OH(34) + [CH2]C[CH2](146) <=> CH3OH(26) + [CH2]C=C(643)
    CH2OH(34) + [CH2][CH]C(159) <=> CH3OH(26) + [CH2]C=C(643)
    CH3O(27) + [CH2]C[CH2](146) <=> CH3OH(26) + [CH2]C=C(643)
    CH3O(27) + [CH2][CH]C(159) <=> CH3OH(26) + [CH2]C=C(643)
    [CH2][CH]CC(=C)[O](1269) <=> CH2CO(28) + [CH2]C=C(643)
    [CH2]C([CH2])C(=C)[O](1270) <=> CH2CO(28) + [CH2]C=C(643)
    [CH2][CH]CO[C]=C(1271) <=> CH2CO(28) + [CH2]C=C(643)
    [CH2]C([CH2])O[C]=C(1272) <=> CH2CO(28) + [CH2]C=C(643)
    [CH2][CH]CC[C]=O(1273) <=> CH2CO(28) + [CH2]C=C(643)
    [CH2]C([CH2])C[C]=O(1274) <=> CH2CO(28) + [CH2]C=C(643)
    CH2CO(28) + [CH2]C=C(643) <=> [CH2]C1CCC1=O(1275)
    CH2CO(28) + [CH2]C=C(643) <=> [CH2]C1CC(=O)C1(1276)
    HCCO(20) + [CH2]C[CH2](146) <=> CH2CO(28) + [CH2]C=C(643)
    HCCO(20) + [CH2][CH]C(159) <=> CH2CO(28) + [CH2]C=C(643)
    C=[C]O(69) + [CH]C=C(1234) <=> CH2CO(28) + [CH2]C=C(643)
    C=[C]O(69) + [CH2][C]=C(1237) <=> CH2CO(28) + [CH2]C=C(643)
    C=[C]O(69) + [CH]C=C(1234) <=> CH2CO(28) + [CH2]C=C(643)
    CH3CO(35) + [CH]C=C(1234) <=> CH2CO(28) + [CH2]C=C(643)
    CH3CO(35) + [CH2][C]=C(1237) <=> CH2CO(28) + [CH2]C=C(643)
    CH3CO(35) + [CH]C=C(1234) <=> CH2CO(28) + [CH2]C=C(643)
    CH2CHO(36) + [CH]C=C(1234) <=> CH2CO(28) + [CH2]C=C(643)
    CH2CHO(36) + [CH2][C]=C(1237) <=> CH2CO(28) + [CH2]C=C(643)
    CH2CHO(36) + [CH]C=C(1234) <=> CH2CO(28) + [CH2]C=C(643)
    CH2CO(28) + [CH2]C=C(643) <=> C=[C]OCC=C(1277)
    CH2CO(28) + [CH2]C=C(643) <=> C=CCC[C]=O(1278)
    CH2CO(28) + [CH2]C=C(643) <=> C=CCC(=C)[O](1279)
    C#COC([CH2])C(1280) <=> CH2CO(28) + [CH2]C=C(643)
    C#COCC[CH2](1281) <=> CH2CO(28) + [CH2]C=C(643)
    [CH2][CH]CC[CH2](1282) <=> C2H4(30) + [CH2]C=C(643)
    [CH2]CC([CH2])[CH2](1283) <=> C2H4(30) + [CH2]C=C(643)
    C2H3(29) + [CH2]C[CH2](146) <=> C2H4(30) + [CH2]C=C(643)
    C2H3(29) + [CH2][CH]C(159) <=> C2H4(30) + [CH2]C=C(643)
    C2H5(33) + [CH]C=C(1234) <=> C2H4(30) + [CH2]C=C(643)
    C2H5(33) + [CH2][C]=C(1237) <=> C2H4(30) + [CH2]C=C(643)
    C2H5(33) + [CH]C=C(1234) <=> C2H4(30) + [CH2]C=C(643)
    C2H4(30) + [CH2]C=C(643) <=> [CH2]CCC=C(866)
    CH3(18) + [CH2]C[CH2](146) <=> CH4(31) + [CH2]C=C(643)
    CH3(18) + [CH2][CH]C(159) <=> CH4(31) + [CH2]C=C(643)
    C2H5(33) + [CH2]C[CH2](146) <=> C2H6(32) + [CH2]C=C(643)
    C2H5(33) + [CH2][CH]C(159) <=> C2H6(32) + [CH2]C=C(643)
    C2H5(33) + [CH2]C=C(643) <=> C2H6(32) + C=C=C(1236)
    [CH]C(65) + [CH2]C[CH2](146) <=> C2H5(33) + [CH2]C=C(643)
    [CH]C(65) + [CH2][CH]C(159) <=> C2H5(33) + [CH2]C=C(643)
    [CH2][CH2](66) + [CH2]C[CH2](146) <=> C2H5(33) + [CH2]C=C(643)
    [CH2][CH2](66) + [CH2][CH]C(159) <=> C2H5(33) + [CH2]C=C(643)
    [CH]C(65) + C=CC(158) <=> C2H5(33) + [CH2]C=C(643)
    C2H6(32) + [CH]C=C(1234) <=> C2H5(33) + [CH2]C=C(643)
    C2H5(33) + [CH2]C=C(643) <=> C2H6(32) + [CH]C=C(1234)
    C2H5(33) + [CH2]C=C(643) <=> [CH2]C([CH2])CC(1284)
    C2H5(33) + [CH2]C=C(643) <=> [CH2][CH]CCC(601)
    C2H5(33) + [CH2]C=C(643) <=> C=CCCC(598)
    [CH2][CH]CC(C)[O](1285) <=> CH3CHO(37) + [CH2]C=C(643)
    [CH2]C([CH2])C(C)[O](1286) <=> CH3CHO(37) + [CH2]C=C(643)
    [CH2][CH]CO[CH]C(1287) <=> CH3CHO(37) + [CH2]C=C(643)
    [CH2]C([CH2])O[CH]C(1288) <=> CH3CHO(37) + [CH2]C=C(643)
    CH3CHO(37) + [CH2]C=C(643) <=> [CH2]C1CC(C)O1(708)
    CH3CHO(37) + [CH2]C=C(643) <=> [CH2]C1COC1C(1289)
    CH2CHO(36) + [CH2]C[CH2](146) <=> CH3CHO(37) + [CH2]C=C(643)
    CH2CHO(36) + [CH2][CH]C(159) <=> CH3CHO(37) + [CH2]C=C(643)
    CH3CO(35) + [CH2]C[CH2](146) <=> CH3CHO(37) + [CH2]C=C(643)
    CH3CO(35) + [CH2][CH]C(159) <=> CH3CHO(37) + [CH2]C=C(643)
    CH3CHOH(133) + [CH]C=C(1234) <=> CH3CHO(37) + [CH2]C=C(643)
    CH3CHOH(133) + [CH2][C]=C(1237) <=> CH3CHO(37) + [CH2]C=C(643)
    CH3CHOH(133) + [CH]C=C(1234) <=> CH3CHO(37) + [CH2]C=C(643)
    CH3CH2O(134) + [CH]C=C(1234) <=> CH3CHO(37) + [CH2]C=C(643)
    CH3CH2O(134) + [CH2][C]=C(1237) <=> CH3CHO(37) + [CH2]C=C(643)
    CH3CH2O(134) + [CH]C=C(1234) <=> CH3CHO(37) + [CH2]C=C(643)
    CH3CHO(37) + [CH2]C=C(643) <=> C=CCO[CH]C(1290)
    CH3CHO(37) + [CH2]C=C(643) <=> C=CCC(C)[O](719)
    [CH2]C(C)OC=C(716) <=> CH3CHO(37) + [CH2]C=C(643)
    [CH2]CCOC=C(1291) <=> CH3CHO(37) + [CH2]C=C(643)
    [CH2]C[CH2](146) + CCCC[CH]CCCCCCC(43) <=> [CH2]C=C(643) + C12H24(1)
    [CH2][CH]C(159) + CCCC[CH]CCCCCCC(43) <=> [CH2]C=C(643) + C12H24(1)
    [CH2]C[CH2](146) + CCCCC[CH]CCCCCC(45) <=> [CH2]C=C(643) + C12H24(1)
    [CH2][CH]C(159) + CCCCC[CH]CCCCCC(45) <=> [CH2]C=C(643) + C12H24(1)
    [CH2]C[CH2](146) + CCC[CH]CCCCCCCC(48) <=> [CH2]C=C(643) + C12H24(1)
    [CH2][CH]C(159) + CCC[CH]CCCCCCCC(48) <=> [CH2]C=C(643) + C12H24(1)
    [CH2]C[CH2](146) + CC[CH]CCCCCCCCC(50) <=> [CH2]C=C(643) + C12H24(1)
    [CH2][CH]C(159) + CC[CH]CCCCCCCCC(50) <=> [CH2]C=C(643) + C12H24(1)
    [CH2]C[CH2](146) + C[CH]CCCCCCCCCC(52) <=> [CH2]C=C(643) + C12H24(1)
    [CH2][CH]C(159) + C[CH]CCCCCCCCCC(52) <=> [CH2]C=C(643) + C12H24(1)
    [CH2]C[CH2](146) + [CH2]CCCCCCCCCCC(53) <=> [CH2]C=C(643) + C12H24(1)
    [CH2][CH]C(159) + [CH2]CCCCCCCCCCC(53) <=> [CH2]C=C(643) + C12H24(1)
    C=CC(158) + CCC[CH]CCCCCCCC(48) <=> [CH2]C=C(643) + C12H24(1)
    C=CC(158) + CC[CH]CCCCCCCCC(50) <=> [CH2]C=C(643) + C12H24(1)
    O2(2) + [CH2]C=C(643) <=> HO2(10) + C=C=C(1236)
    HO2(10) + [CH]C=C(1234) <=> O2(2) + [CH2]C=C(643)
    O2(2) + [CH2]C=C(643) <=> HO2(10) + [CH]C=C(1234)
    O2(2) + [CH2]C=C(643) <=> [CH2]C([CH2])O[O](1292)
    O2(2) + [CH2]C=C(643) <=> [CH2][CH]CO[O](1293)
    O2(2) + [CH2]C=C(643) <=> C=CCO[O](1294)
    [CH2][CH]CC[CH]C(1295) <=> [CH2]C=C(643) + C=CC(158)
    [CH2]C([CH2])C[CH]C(1296) <=> [CH2]C=C(643) + C=CC(158)
    [CH2][CH]CC([CH2])C(1297) <=> [CH2]C=C(643) + C=CC(158)
    [CH2]C([CH2])C([CH2])C(1298) <=> [CH2]C=C(643) + C=CC(158)
    [CH2]C=C(643) + [CH2]C[CH2](146) <=> [CH2]C=C(643) + C=CC(158)
    [CH2]C=C(643) + [CH2][CH]C(159) <=> [CH2]C=C(643) + C=CC(158)
    C=[C]C(644) + [CH2]C[CH2](146) <=> [CH2]C=C(643) + C=CC(158)
    C=[C]C(644) + [CH2][CH]C(159) <=> [CH2]C=C(643) + C=CC(158)
    [CH]=CC(374) + [CH2]C[CH2](146) <=> [CH2]C=C(643) + C=CC(158)
    [CH]=CC(374) + [CH2][CH]C(159) <=> [CH2]C=C(643) + C=CC(158)
    [CH]C=C(1234) + [CH2]CC(47) <=> [CH2]C=C(643) + C=CC(158)
    [CH2][C]=C(1237) + [CH2]CC(47) <=> [CH2]C=C(643) + C=CC(158)
    [CH]C=C(1234) + [CH2]CC(47) <=> [CH2]C=C(643) + C=CC(158)
    [CH]C=C(1234) + C[CH]C(160) <=> [CH2]C=C(643) + C=CC(158)
    [CH2][C]=C(1237) + C[CH]C(160) <=> [CH2]C=C(643) + C=CC(158)
    [CH]C=C(1234) + C[CH]C(160) <=> [CH2]C=C(643) + C=CC(158)
    C=[C]C(644) + C=CC(158) <=> [CH2]C=C(643) + C=CC(158)
    [CH2]C=C(643) + C=CC(158) <=> [CH]=CC(374) + C=CC(158)
    [CH2]C=C(643) + C=CC(158) <=> [CH2]C(C)CC=C(1299)
    [CH2]C=C(643) + C=CC(158) <=> C=CCC[CH]C(997)
    [CH2]C(C)CC=C(1299) <=> [CH2]C=C(643) + C=CC(158)
    [CH2]CCCC=C(868) <=> [CH2]C=C(643) + C=CC(158)
    [CH2][CH]CC[CH]CCCCCCC(1300) <=> [CH2]C=C(643) + C=CCCCCCCC(138)
    [CH2]C([CH2])C[CH]CCCCCCC(1301) <=> [CH2]C=C(643) + C=CCCCCCCC(138)
    [CH2][CH]CC([CH2])CCCCCCC(1302) <=> [CH2]C=C(643) + C=CCCCCCCC(138)
    [CH2]C([CH2])C([CH2])CCCCCCC(1303) <=> [CH2]C=C(643) + C=CCCCCCCC(138)
    [CH2]C[CH2](146) + C=CC[CH]CCCCC(872) <=> [CH2]C=C(643) + C=CCCCCCCC(138)
    [CH2][CH]C(159) + C=CC[CH]CCCCC(872) <=> [CH2]C=C(643) + C=CCCCCCCC(138)
    [CH2]C[CH2](146) + C=CCC[CH]CCCC(867) <=> [CH2]C=C(643) + C=CCCCCCCC(138)
    [CH2][CH]C(159) + C=CCC[CH]CCCC(867) <=> [CH2]C=C(643) + C=CCCCCCCC(138)
    [CH2]C[CH2](146) + C=CCCC[CH]CCC(869) <=> [CH2]C=C(643) + C=CCCCCCCC(138)
    [CH2][CH]C(159) + C=CCCC[CH]CCC(869) <=> [CH2]C=C(643) + C=CCCCCCCC(138)
    [CH2]C[CH2](146) + C=CCCCC[CH]CC(871) <=> [CH2]C=C(643) + C=CCCCCCCC(138)
    [CH2][CH]C(159) + C=CCCCC[CH]CC(871) <=> [CH2]C=C(643) + C=CCCCCCCC(138)
    [CH2]C[CH2](146) + C=CCCCCC[CH]C(874) <=> [CH2]C=C(643) + C=CCCCCCCC(138)
    [CH2][CH]C(159) + C=CCCCCC[CH]C(874) <=> [CH2]C=C(643) + C=CCCCCCCC(138)
    [CH2]C[CH2](146) + C=C[CH]CCCCCC(875) <=> [CH2]C=C(643) + C=CCCCCCCC(138)
    [CH2][CH]C(159) + C=C[CH]CCCCCC(875) <=> [CH2]C=C(643) + C=CCCCCCCC(138)
    [CH2]C[CH2](146) + [CH2]CCCCCCC=C(876) <=> [CH2]C=C(643) + C=CCCCCCCC(138)
    [CH2][CH]C(159) + [CH2]CCCCCCC=C(876) <=> [CH2]C=C(643) + C=CCCCCCCC(138)
    [CH2]C[CH2](146) + C=[C]CCCCCCC(877) <=> [CH2]C=C(643) + C=CCCCCCCC(138)
    [CH2][CH]C(159) + C=[C]CCCCCCC(877) <=> [CH2]C=C(643) + C=CCCCCCCC(138)
    [CH2]C[CH2](146) + [CH]=CCCCCCCC(585) <=> [CH2]C=C(643) + C=CCCCCCCC(138)
    [CH2][CH]C(159) + [CH]=CCCCCCCC(585) <=> [CH2]C=C(643) + C=CCCCCCCC(138)
    [CH]C=C(1234) + [CH2]CCCCCCCC(46) <=> [CH2]C=C(643) + C=CCCCCCCC(138)
    [CH2][C]=C(1237) + [CH2]CCCCCCCC(46) <=> [CH2]C=C(643) + C=CCCCCCCC(138)
    [CH]C=C(1234) + [CH2]CCCCCCCC(46) <=> [CH2]C=C(643) + C=CCCCCCCC(138)
    [CH]C=C(1234) + C[CH]CCCCCCC(153) <=> [CH2]C=C(643) + C=CCCCCCCC(138)
    [CH2][C]=C(1237) + C[CH]CCCCCCC(153) <=> [CH2]C=C(643) + C=CCCCCCCC(138)
    [CH]C=C(1234) + C[CH]CCCCCCC(153) <=> [CH2]C=C(643) + C=CCCCCCCC(138)
    C=CC(158) + C=CCC[CH]CCCC(867) <=> [CH2]C=C(643) + C=CCCCCCCC(138)
    C=CC(158) + C=CCCC[CH]CCC(869) <=> [CH2]C=C(643) + C=CCCCCCCC(138)
    C=CC(158) + C=CCCCC[CH]CC(871) <=> [CH2]C=C(643) + C=CCCCCCCC(138)
    C=CC(158) + C=CC[CH]CCCCC(872) <=> [CH2]C=C(643) + C=CCCCCCCC(138)
    C=CC(158) + C=CCCCCC[CH]C(874) <=> [CH2]C=C(643) + C=CCCCCCCC(138)
    C=CC(158) + C=C[CH]CCCCCC(875) <=> [CH2]C=C(643) + C=CCCCCCCC(138)
    C=CC(158) + [CH2]CCCCCCC=C(876) <=> [CH2]C=C(643) + C=CCCCCCCC(138)
    C=CC(158) + C=[C]CCCCCCC(877) <=> [CH2]C=C(643) + C=CCCCCCCC(138)
    [CH2]C=C(643) + C=CCCCCCCC(138) <=> C=CC(158) + [CH]=CCCCCCCC(585)
    [CH2]C=C(643) + C=CCCCCCCC(138) <=> [CH2]C(CC=C)CCCCCCC(1304)
    [CH2]C=C(643) + C=CCCCCCCC(138) <=> C=CCC[CH]CCCCCCC(1305)
    [CH2]C(C)CC=CCCCCCC(1306) <=> [CH2]C=C(643) + C=CCCCCCCC(138)
    [CH2]CCCC=CCCCCCC(1307) <=> [CH2]C=C(643) + C=CCCCCCCC(138)
    [CH2][CH]CC[CH]CCCC(1308) <=> [CH2]C=C(643) + C=CCCCC(514)
    [CH2]C([CH2])C[CH]CCCC(1309) <=> [CH2]C=C(643) + C=CCCCC(514)
    [CH2][CH]CC([CH2])CCCC(1310) <=> [CH2]C=C(643) + C=CCCCC(514)
    [CH2]C([CH2])C([CH2])CCCC(1311) <=> [CH2]C=C(643) + C=CCCCC(514)
    [CH2]C[CH2](146) + C=CC[CH]CC(996) <=> [CH2]C=C(643) + C=CCCCC(514)
    [CH2][CH]C(159) + C=CC[CH]CC(996) <=> [CH2]C=C(643) + C=CCCCC(514)
    [CH2]C[CH2](146) + C=CCC[CH]C(997) <=> [CH2]C=C(643) + C=CCCCC(514)
    [CH2][CH]C(159) + C=CCC[CH]C(997) <=> [CH2]C=C(643) + C=CCCCC(514)
    [CH2]C[CH2](146) + C=C[CH]CCC(998) <=> [CH2]C=C(643) + C=CCCCC(514)
    [CH2][CH]C(159) + C=C[CH]CCC(998) <=> [CH2]C=C(643) + C=CCCCC(514)
    [CH2]C[CH2](146) + [CH2]CCCC=C(868) <=> [CH2]C=C(643) + C=CCCCC(514)
    [CH2][CH]C(159) + [CH2]CCCC=C(868) <=> [CH2]C=C(643) + C=CCCCC(514)
    [CH2]C[CH2](146) + C=[C]CCCC(999) <=> [CH2]C=C(643) + C=CCCCC(514)
    [CH2][CH]C(159) + C=[C]CCCC(999) <=> [CH2]C=C(643) + C=CCCCC(514)
    [CH2]C[CH2](146) + [CH]=CCCCC(500) <=> [CH2]C=C(643) + C=CCCCC(514)
    [CH2][CH]C(159) + [CH]=CCCCC(500) <=> [CH2]C=C(643) + C=CCCCC(514)
    [CH]C=C(1234) + [CH2]CCCCC(44) <=> [CH2]C=C(643) + C=CCCCC(514)
    [CH2][C]=C(1237) + [CH2]CCCCC(44) <=> [CH2]C=C(643) + C=CCCCC(514)
    [CH]C=C(1234) + [CH2]CCCCC(44) <=> [CH2]C=C(643) + C=CCCCC(514)
    [CH]C=C(1234) + C[CH]CCCC(519) <=> [CH2]C=C(643) + C=CCCCC(514)
    [CH2][C]=C(1237) + C[CH]CCCC(519) <=> [CH2]C=C(643) + C=CCCCC(514)
    [CH]C=C(1234) + C[CH]CCCC(519) <=> [CH2]C=C(643) + C=CCCCC(514)
    C=CC(158) + C=CC[CH]CC(996) <=> [CH2]C=C(643) + C=CCCCC(514)
    C=CC(158) + C=CCC[CH]C(997) <=> [CH2]C=C(643) + C=CCCCC(514)
    C=CC(158) + C=C[CH]CCC(998) <=> [CH2]C=C(643) + C=CCCCC(514)
    C=CC(158) + [CH2]CCCC=C(868) <=> [CH2]C=C(643) + C=CCCCC(514)
    C=CC(158) + C=[C]CCCC(999) <=> [CH2]C=C(643) + C=CCCCC(514)
    [CH2]C=C(643) + C=CCCCC(514) <=> C=CC(158) + [CH]=CCCCC(500)
    [CH2]C=C(643) + C=CCCCC(514) <=> [CH2]C(CC=C)CCCC(1312)
    [CH2]C=C(643) + C=CCCCC(514) <=> C=CCC[CH]CCCC(867)
    [CH2]C(C)CC=CCCC(1313) <=> [CH2]C=C(643) + C=CCCCC(514)
    [CH2]CCCC=CCCC(1314) <=> [CH2]C=C(643) + C=CCCCC(514)
    [CH2][CH]CC[CH]CCCCC(1315) <=> [CH2]C=C(643) + C=CCCCCC(546)
    [CH2]C([CH2])C[CH]CCCCC(1316) <=> [CH2]C=C(643) + C=CCCCCC(546)
    [CH2][CH]CC([CH2])CCCCC(1317) <=> [CH2]C=C(643) + C=CCCCCC(546)
    [CH2]C([CH2])C([CH2])CCCCC(1318) <=> [CH2]C=C(643) + C=CCCCCC(546)
    [CH2]C[CH2](146) + C=CC[CH]CCC(1117) <=> [CH2]C=C(643) + C=CCCCCC(546)
    [CH2][CH]C(159) + C=CC[CH]CCC(1117) <=> [CH2]C=C(643) + C=CCCCCC(546)
    [CH2]C[CH2](146) + C=CCC[CH]CC(1116) <=> [CH2]C=C(643) + C=CCCCCC(546)
    [CH2][CH]C(159) + C=CCC[CH]CC(1116) <=> [CH2]C=C(643) + C=CCCCCC(546)
    [CH2]C[CH2](146) + C=CCCC[CH]C(1118) <=> [CH2]C=C(643) + C=CCCCCC(546)
    [CH2][CH]C(159) + C=CCCC[CH]C(1118) <=> [CH2]C=C(643) + C=CCCCCC(546)
    [CH2]C[CH2](146) + C=C[CH]CCCC(1119) <=> [CH2]C=C(643) + C=CCCCCC(546)
    [CH2][CH]C(159) + C=C[CH]CCCC(1119) <=> [CH2]C=C(643) + C=CCCCCC(546)
    [CH2]C[CH2](146) + [CH2]CCCCC=C(870) <=> [CH2]C=C(643) + C=CCCCCC(546)
    [CH2][CH]C(159) + [CH2]CCCCC=C(870) <=> [CH2]C=C(643) + C=CCCCCC(546)
    [CH2]C[CH2](146) + C=[C]CCCCC(1120) <=> [CH2]C=C(643) + C=CCCCCC(546)
    [CH2][CH]C(159) + C=[C]CCCCC(1120) <=> [CH2]C=C(643) + C=CCCCCC(546)
    [CH2]C[CH2](146) + [CH]=CCCCCC(1121) <=> [CH2]C=C(643) + C=CCCCCC(546)
    [CH2][CH]C(159) + [CH]=CCCCCC(1121) <=> [CH2]C=C(643) + C=CCCCCC(546)
    [CH]C=C(1234) + [CH2]CCCCCC(40) <=> [CH2]C=C(643) + C=CCCCCC(546)
    [CH2][C]=C(1237) + [CH2]CCCCCC(40) <=> [CH2]C=C(643) + C=CCCCCC(546)
    [CH]C=C(1234) + [CH2]CCCCCC(40) <=> [CH2]C=C(643) + C=CCCCCC(546)
    [CH]C=C(1234) + C[CH]CCCCC(552) <=> [CH2]C=C(643) + C=CCCCCC(546)
    [CH2][C]=C(1237) + C[CH]CCCCC(552) <=> [CH2]C=C(643) + C=CCCCCC(546)
    [CH]C=C(1234) + C[CH]CCCCC(552) <=> [CH2]C=C(643) + C=CCCCCC(546)
    C=CC(158) + C=CCC[CH]CC(1116) <=> [CH2]C=C(643) + C=CCCCCC(546)
    C=CC(158) + C=CC[CH]CCC(1117) <=> [CH2]C=C(643) + C=CCCCCC(546)
    C=CC(158) + C=CCCC[CH]C(1118) <=> [CH2]C=C(643) + C=CCCCCC(546)
    C=CC(158) + C=C[CH]CCCC(1119) <=> [CH2]C=C(643) + C=CCCCCC(546)
    C=CC(158) + [CH2]CCCCC=C(870) <=> [CH2]C=C(643) + C=CCCCCC(546)
    C=CC(158) + C=[C]CCCCC(1120) <=> [CH2]C=C(643) + C=CCCCCC(546)
    [CH2]C=C(643) + C=CCCCCC(546) <=> C=CC(158) + [CH]=CCCCCC(1121)
    [CH2]C=C(643) + C=CCCCCC(546) <=> [CH2]C(CC=C)CCCCC(1319)
    [CH2]C=C(643) + C=CCCCCC(546) <=> C=CCC[CH]CCCCC(1320)
    [CH2]C(C)CC=CCCCC(1321) <=> [CH2]C=C(643) + C=CCCCCC(546)
    [CH2]CCCC=CCCCC(1322) <=> [CH2]C=C(643) + C=CCCCCC(546)
    [CH2][CH]CC[CH][CH2](1323) <=> [CH2]C=C(643) + [CH2]C=C(643)
    [CH2][CH]CC([CH2])[CH2](1324) <=> [CH2]C=C(643) + [CH2]C=C(643)
    [CH2]C([CH2])C([CH2])[CH2](1325) <=> [CH2]C=C(643) + [CH2]C=C(643)
    [CH2]C=C(643) + [CH2]C=C(643) <=> C=C=C(1236) + C=CC(158)
    [CH]C=C(1234) + [CH2]C[CH2](146) <=> [CH2]C=C(643) + [CH2]C=C(643)
    [CH]C=C(1234) + [CH2][CH]C(159) <=> [CH2]C=C(643) + [CH2]C=C(643)
    [CH2][C]=C(1237) + [CH2]C[CH2](146) <=> [CH2]C=C(643) + [CH2]C=C(643)
    [CH2][C]=C(1237) + [CH2][CH]C(159) <=> [CH2]C=C(643) + [CH2]C=C(643)
    [CH]C=C(1234) + [CH2]C[CH2](146) <=> [CH2]C=C(643) + [CH2]C=C(643)
    [CH]C=C(1234) + [CH2][CH]C(159) <=> [CH2]C=C(643) + [CH2]C=C(643)
    [CH]C=C(1234) + C=CC(158) <=> [CH2]C=C(643) + [CH2]C=C(643)
    [CH2]C=C(643) + [CH2]C=C(643) <=> [CH]C=C(1234) + C=CC(158)
    [CH2]C=C(643) + [CH2]C=C(643) <=> [CH2]C([CH2])CC=C(1326)
    [CH2]C=C(643) + [CH2]C=C(643) <=> [CH2][CH]CCC=C(1327)
    [CH2]C=C(643) + [CH2]C=C(643) <=> C=CCCC=C(1328)

After model enlargement:
    The model core has 58 species and 688 reactions
    The model edge has 1270 species and 4108 reactions


Saving current model core to Chemkin file...
Chemkin file contains 695 reactions.
Saving annotated version of Chemkin file...
Chemkin file contains 695 reactions.
Saving current model core and edge to Chemkin file...
Chemkin file contains 4803 reactions.
Saving annotated version of Chemkin file...
Chemkin file contains 4803 reactions.
Saving current model core to HTML file...
Saving current model edge to HTML file...
Updating RMG execution statistics...
    Execution time (DD:HH:MM:SS): 00:00:02:08
    Memory used: 933.11 MB

Making seed mechanism...
Conducting simulation of reaction system 1...
At time 1.9542e-06 s, species C=CCO[O](1294) at 0.10025867081233641 exceeded the minimum rate for simulation interruption of 0.1
At time 1.9542e-06 s, species C=CCO[O](1294) at rate ratio 0.10025867081233641 exceeded the minimum rate for moving to model core of 0.1
terminating simulation due to interrupt...


Adding species C=CCO[O](1294) to model core

Summary of Model Enlargement
---------------------------------
Added 1 new core species
    C=CCO[O](1294)
Created 0 new edge species
Moved 1 reactions from edge to core
    O2(2) + [CH2]C=C(643) <=> C=CCO[O](1294)
Added 0 new core reactions
Created 0 new edge reactions

After model enlargement:
    The model core has 59 species and 689 reactions
    The model edge has 1269 species and 4107 reactions


At time 8.2227e-05 s, reached target termination conversion: 0.900000 of C12H24(1)
    C12H24(1) conversion: 0.9001    

For reaction generation 1 process is used.
Generating thermo for new species...
Generating kinetics for new reactions...
For reaction O2(2) + C=CCO[O](1294) <=> [CH2]C(CO[O])O[O](1341), Ea raised from 138.4 to 140.3 kJ/mol to match endothermicity of reaction.
For reaction O2(2) + C=CCO[O](1294) <=> [O]OC[CH]CO[O](1342), Ea raised from 137.5 to 139.4 kJ/mol to match endothermicity of reaction.
For reaction O2(2) + C=CCO[O](1294) <=> C=CCOOO[O](1343), Ea raised from 74.1 to 80.6 kJ/mol to match endothermicity of reaction.

Summary of Secondary Model Edge Enlargement
---------------------------------
Added 0 new core species
Created 15 new edge species
    [CH2]C[CH]O[O](1329)
    [CH]1COOC1(1330)
    C=C[CH]O[O](1331)
    C=[C]CO[O](1332)
    [CH]=CCO[O](1333)
    C=C[CH]OO(1334)
    C=[C]COO(1335)
    [CH]=CCOO(1336)
    [CH2]CC[CH]CO[O](1337)
    [CH2]CC([CH2])CO[O](1338)
    [CH2]COOCC=C(1339)
    CCCC=CO[O](1340)
    [CH2]C(CO[O])O[O](1341)
    [O]OC[CH]CO[O](1342)
    C=CCOOO[O](1343)
Added 0 new core reactions
Created 28 new edge reactions
    O(4) + C=CC[O](605) <=> C=CCO[O](1294)
    C=CCO[O](1294) <=> HO2(10) + C=C=C(1236)
    [CH2]C[CH]O[O](1329) <=> C=CCO[O](1294)
    C=CCO[O](1294) <=> [CH]1COOC1(1330)
    C=CCO[O](1294) <=> [CH2]C1COO1(610)
    [CH2]O[O](73) + C2H3(29) <=> C=CCO[O](1294)
    H(3) + C=C[CH]O[O](1331) <=> C=CCO[O](1294)
    H(3) + C=[C]CO[O](1332) <=> C=CCO[O](1294)
    H(3) + [CH]=CCO[O](1333) <=> C=CCO[O](1294)
    C=CCO[O](1294) <=> C=C[CH]OO(1334)
    C=CCO[O](1294) <=> C=[C]COO(1335)
    C=CCO[O](1294) <=> [CH]=CCOO(1336)
    [CH2]CC[CH]CO[O](1337) <=> C2H4(30) + C=CCO[O](1294)
    [CH2]CC([CH2])CO[O](1338) <=> C2H4(30) + C=CCO[O](1294)
    C2H3(29) + [CH2]CCO[O](1241) <=> C2H4(30) + C=CCO[O](1294)
    C2H3(29) + C[CH]CO[O](731) <=> C2H4(30) + C=CCO[O](1294)
    C2H5(33) + C=C[CH]O[O](1331) <=> C2H4(30) + C=CCO[O](1294)
    C2H5(33) + C=[C]CO[O](1332) <=> C2H4(30) + C=CCO[O](1294)
    C2H5(33) + [CH]=CCO[O](1333) <=> C2H4(30) + C=CCO[O](1294)
    C2H3(29) + C=CCOO(1244) <=> C2H4(30) + C=CCO[O](1294)
    C2H4(30) + C=CCO[O](1294) <=> [CH2]COOCC=C(1339)
    CCCC=CO[O](1340) <=> C2H4(30) + C=CCO[O](1294)
    HO2(10) + C=C[CH]O[O](1331) <=> O2(2) + C=CCO[O](1294)
    HO2(10) + C=[C]CO[O](1332) <=> O2(2) + C=CCO[O](1294)
    O2(2) + C=CCO[O](1294) <=> HO2(10) + [CH]=CCO[O](1333)
    O2(2) + C=CCO[O](1294) <=> [CH2]C(CO[O])O[O](1341)
    O2(2) + C=CCO[O](1294) <=> [O]OC[CH]CO[O](1342)
    O2(2) + C=CCO[O](1294) <=> C=CCOOO[O](1343)

After model enlargement:
    The model core has 59 species and 689 reactions
    The model edge has 1284 species and 4135 reactions


Saving current model core to Chemkin file...
Chemkin file contains 696 reactions.
Saving annotated version of Chemkin file...
Chemkin file contains 696 reactions.
Saving current model core and edge to Chemkin file...
Chemkin file contains 4831 reactions.
Saving annotated version of Chemkin file...
Chemkin file contains 4831 reactions.
Saving current model core to HTML file...
Saving current model edge to HTML file...
Updating RMG execution statistics...
    Execution time (DD:HH:MM:SS): 00:00:02:13
    Memory used: 933.11 MB

Making seed mechanism...
Conducting simulation of reaction system 1...
At time 6.7723e-06 s, species C=CCC(466) at 0.10128277037514126 exceeded the minimum rate for simulation interruption of 0.1
At time 6.7723e-06 s, species C=CCC(466) at rate ratio 0.10128277037514126 exceeded the minimum rate for moving to model core of 0.1
terminating simulation due to interrupt...


Adding species C=CCC(466) to model core

Summary of Model Enlargement
---------------------------------
Added 1 new core species
    C=CCC(466)
Created 0 new edge species
Moved 9 reactions from edge to core
    H(3) + C=CCC(466) <=> [CH2]CCC(41)
    H(3) + [CH2]CCC(41) <=> H2(6) + C=CCC(466)
    O(4) + [CH2]CCC(41) <=> OH(5) + C=CCC(466)
    OH(5) + [CH2]CCC(41) <=> H2O(7) + C=CCC(466)
    HO2(10) + [CH2]CCC(41) <=> H2O2(11) + C=CCC(466)
    CH3(18) + [CH2]CCC(41) <=> CH4(31) + C=CCC(466)
    O2(2) + [CH2]CCC(41) <=> HO2(10) + C=CCC(466)
    C=CCCCCC(546) <=> C=CC(158) + C=CCC(466)
    CH3(18) + [CH2]C=C(643) <=> C=CCC(466)
Added 0 new core reactions
Created 0 new edge reactions

After model enlargement:
    The model core has 60 species and 698 reactions
    The model edge has 1283 species and 4126 reactions


At time 7.9985e-05 s, reached target termination conversion: 0.900000 of C12H24(1)
    C12H24(1) conversion: 0.9009    

For reaction generation 1 process is used.
Generating thermo for new species...
Generating kinetics for new reactions...
For reaction O2(2) + C=CCC(466) <=> [CH2]C(CC)O[O](1436), Ea raised from 143.7 to 145.8 kJ/mol to match endothermicity of reaction.
For reaction O2(2) + C=CCC(466) <=> CC[CH]CO[O](1437), Ea raised from 142.8 to 144.9 kJ/mol to match endothermicity of reaction.

Summary of Secondary Model Edge Enlargement
---------------------------------
Added 0 new core species
Created 136 new edge species
    C=C[CH]C(1344)
    C=[C]CC(1345)
    [CH]=CCC(1346)
    C[C]CC(1347)
    [CH]CCC(1348)
    [CH2]C([O])CC(1349)
    CC[CH]C[O](1350)
    [CH2]C(O)CC(1351)
    CC[CH]CO(1352)
    CCC(C)O[O](1353)
    [CH2]C(CC)OO(1354)
    CC[CH]COO(1355)
    C=CC(C)C=O(1356)
    C=C(C=O)CC(1357)
    CCC=CC=O(1358)
    [C-]=[O+]CC=CC(1359)
    CC=CC[C-]=[OH+](1360)
    C=CC(C)OC=O(1361)
    C=CCCOC=O(1362)
    C=C(CC)OC=O(1363)
    CCC=COC=O(1364)
    C=CCC(=O)OC(1365)
    C=CC(C)C(=O)O(1366)
    C=CCCC(=O)O(1367)
    C=C(CC)C(=O)O(1368)
    CCC=CC(=O)O(1369)
    C=CCOC(C)=O(1370)
    CC[CH]CC([O])=O(1371)
    [CH2]C(CC)C([O])=O(1372)
    CC[CH]CO[C]=O(1373)
    [CH2]C(CC)O[C]=O(1374)
    CC=CCOC=O(1375)
    CC=CCC(=O)O(1376)
    CC[CH]CC=O(1377)
    CC[CH]CC[O](1378)
    [CH2]C(CC)C[O](1379)
    [CH2]OC[CH]CC(1380)
    [CH2]OC([CH2])CC(1381)
    CCC1CCO1(1382)
    CCC1COC1(1383)
    CC=CCOC(1384)
    CC=CCCO(1385)
    [CH]=CC[CH]CC(1386)
    [CH]=CC([CH2])CC(1387)
    C=CCC=CC(1388)
    CCCCOC(1389)
    CCC(C)OC(1390)
    CCC(C)CO(1391)
    CCC(O)CC(1392)
    C=C([O])C[CH]CC(1393)
    [CH2]C(CC)C(=C)[O](1394)
    C=[C]OC[CH]CC(1395)
    [CH2]C(CC)O[C]=C(1396)
    CC[CH]CC[C]=O(1397)
    [CH2]C(CC)C[C]=O(1398)
    CCC1CCC1=O(1399)
    CCC1CC(=O)C1(1400)
    C#COC(C)CC(1401)
    C#COCCCC(1402)
    C=COCC=CC(1403)
    CC=CCCC=O(1404)
    C=C(O)CC=CC(1405)
    CC=CCC(C)=O(1406)
    [CH2]C(C=C)CC(1407)
    [CH2]CC([CH2])CC(1408)
    [CH2]C(CC)CC(1409)
    [CH2]C([O])C[CH]CC(1410)
    [CH2]C([O])C([CH2])CC(1411)
    [CH2][CH]OC[CH]CC(1412)
    [CH2][CH]OC([CH2])CC(1413)
    [CH2]C1CC(CC)O1(1414)
    [CH2]C1OCC1CC(1415)
    [CH2]C(CC)CC=O(1416)
    CC[CH]CCC=O(1417)
    [CH2]COCC=CC(1418)
    [CH2]C(O)CC=CC(1419)
    CC[CH]CC[CH][O](1420)
    [CH2]C(CC)C[CH][O](1421)
    [CH2]C(CC)OC=C(1422)
    C=COC[CH]CC(1423)
    CC=CCCC[O](1424)
    CC=CCC(C)[O](1425)
    CC[CH]CC(C)[O](1426)
    [CH2]C(CC)C(C)[O](1427)
    C[CH]OC[CH]CC(1428)
    [CH2]C(CC)O[CH]C(1429)
    CCC1CC(C)O1(1430)
    CCC1COC1C(1431)
    C=COC(C)CC(1432)
    C=COCCCC(1433)
    CC=CCOCC(1434)
    CC=CCC(C)O(1435)
    [CH2]C(CC)O[O](1436)
    CC[CH]CO[O](1437)
    [CH2]C(CC)C[CH]C(1438)
    [CH2]C(C)C[CH]CC(1439)
    [CH2]C(C)C([CH2])CC(1440)
    C=CCC(C)CC(1441)
    CC=CCC(C)C(1442)
    CC=CCCCC(1443)
    CC[CH]CC[CH]CCCCCCC(1444)
    [CH2]C(CC)C[CH]CCCCCCC(1445)
    [CH2]C(C[CH]CC)CCCCCCC(1446)
    [CH2]C(CC)C([CH2])CCCCCCC(1447)
    CCCCCCC=CCC(C)CC(1448)
    CCCCCC=CCCCCCC(1449)
    CC=CCC(C)CCCCCCC(1450)
    CC=CCCCCCCCCCC(1451)
    CC[CH]CC[CH]CCCC(1452)
    [CH2]C(CC)C[CH]CCCC(1453)
    [CH2]C(C[CH]CC)CCCC(1454)
    [CH2]C(CC)C([CH2])CCCC(1455)
    CCCC=CCC(C)CC(1456)
    CCCC=CCCCCC(1457)
    CC=CCC(C)CCCC(1458)
    CC=CCCCCCCC(1459)
    CC[CH]CC[CH]CCCCC(1460)
    [CH2]C(CC)C[CH]CCCCC(1461)
    [CH2]C(C[CH]CC)CCCCC(1462)
    [CH2]C(CC)C([CH2])CCCCC(1463)
    CCCCC=CCC(C)CC(1464)
    CCCCC=CCCCCC(1465)
    CC=CCC(C)CCCCC(1466)
    CC=CCCCCCCCC(1467)
    [CH2][CH]CC[CH]CC(1468)
    [CH2][CH]CC([CH2])CC(1469)
    [CH2]C([CH2])C[CH]CC(1470)
    [CH2]C([CH2])C([CH2])CC(1471)
    [CH2]C(CC)CC=C(1472)
    [CH2]C(C)CC=CC(1473)
    [CH2]CCCC=CC(1474)
    CC[CH]CC[CH]CC(1475)
    [CH2]C(CC)C[CH]CC(1476)
    [CH2]C(CC)C([CH2])CC(1477)
    CC=CCC(C)CC(1478)
    CC=CCCCCC(1479)
Added 18 new core reactions
    CH2(S)(24) + C=CC(158) <=> C=CCC(466)
    CH2(S)(24) + C=CC(158) <=> C=CCC(466)
    C2H3(29) + C2H5(33) <=> C=CCC(466)
    CH2(T)(17) + [CH2]CCC(41) <=> CH3(18) + C=CCC(466)
    HCO(14) + [CH2]CCC(41) <=> CH2O(19) + C=CCC(466)
    C2H(21) + [CH2]CCC(41) <=> C2H2(22) + C=CCC(466)
    CH2OH(34) + [CH2]CCC(41) <=> CH3OH(26) + C=CCC(466)
    CH3O(27) + [CH2]CCC(41) <=> CH3OH(26) + C=CCC(466)
    HCCO(20) + [CH2]CCC(41) <=> CH2CO(28) + C=CCC(466)
    C2H3(29) + [CH2]CCC(41) <=> C2H4(30) + C=CCC(466)
    C2H5(33) + [CH2]CCC(41) <=> C2H6(32) + C=CCC(466)
    CH2CHO(36) + [CH2]CCC(41) <=> CH3CHO(37) + C=CCC(466)
    CH3CO(35) + [CH2]CCC(41) <=> CH3CHO(37) + C=CCC(466)
    [CH2]CCC(41) + CCCC[CH]CCCCCCC(43) <=> C=CCC(466) + C12H24(1)
    [CH2]CCC(41) + CCCCC[CH]CCCCCC(45) <=> C=CCC(466) + C12H24(1)
    [CH2]CCC(41) + C[CH]CCCCCCCCCC(52) <=> C=CCC(466) + C12H24(1)
    [CH2]CCC(41) + [CH2]CCCCCCCCCCC(53) <=> C=CCC(466) + C12H24(1)
    [CH2]C=C(643) + [CH2]CCC(41) <=> C=CC(158) + C=CCC(466)
Created 412 new edge reactions
    [CH2]C[CH]C(467) <=> C=CCC(466)
    [CH2]CC[CH2](144) <=> C=CCC(466)
    [CH2]C[CH]C(467) <=> C=CCC(466)
    H(3) + C=C[CH]C(1344) <=> C=CCC(466)
    H(3) + [CH2]CC=C(538) <=> C=CCC(466)
    H(3) + C=[C]CC(1345) <=> C=CCC(466)
    H(3) + [CH]=CCC(1346) <=> C=CCC(466)
    C[C]CC(1347) <=> C=CCC(466)
    [CH]CCC(1348) <=> C=CCC(466)
    H(3) + C=CCC(466) <=> H2(6) + C=C[CH]C(1344)
    H(3) + C=CCC(466) <=> H2(6) + [CH2]CC=C(538)
    H2(6) + C=[C]CC(1345) <=> H(3) + C=CCC(466)
    H(3) + C=CCC(466) <=> H2(6) + [CH]=CCC(1346)
    H(3) + C=CCC(466) <=> C[CH]CC(469)
    O(4) + C=CCC(466) <=> OH(5) + C=C[CH]C(1344)
    O(4) + C=CCC(466) <=> OH(5) + [CH2]CC=C(538)
    O(4) + C=CCC(466) <=> OH(5) + C=[C]CC(1345)
    O(4) + C=CCC(466) <=> OH(5) + [CH]=CCC(1346)
    O(4) + C=CCC(466) <=> [CH2]C([O])CC(1349)
    O(4) + C=CCC(466) <=> CC[CH]C[O](1350)
    O(4) + C[CH]CC(469) <=> OH(5) + C=CCC(466)
    OH(5) + C=CCC(466) <=> H2O(7) + C=C[CH]C(1344)
    OH(5) + C=CCC(466) <=> H2O(7) + [CH2]CC=C(538)
    OH(5) + C=CCC(466) <=> H2O(7) + C=[C]CC(1345)
    OH(5) + C=CCC(466) <=> H2O(7) + [CH]=CCC(1346)
    OH(5) + C=CCC(466) <=> [CH2]C(O)CC(1351)
    OH(5) + C=CCC(466) <=> CC[CH]CO(1352)
    H(3) + C[CH]CC(469) <=> H2(6) + C=CCC(466)
    H2O(7) + C=CCC(466) <=> CCCCO(473)
    H2O(7) + C=CCC(466) <=> CCC(C)O(687)
    OH(5) + C[CH]CC(469) <=> H2O(7) + C=CCC(466)
    O2(2) + C[CH]CC(469) <=> HO2(10) + C=CCC(466)
    CCC(C)O[O](1353) <=> HO2(10) + C=CCC(466)
    CCCCO[O](510) <=> HO2(10) + C=CCC(466)
    HO2(10) + C=CCC(466) <=> H2O2(11) + C=C[CH]C(1344)
    H2O2(11) + [CH2]CC=C(538) <=> HO2(10) + C=CCC(466)
    H2O2(11) + C=[C]CC(1345) <=> HO2(10) + C=CCC(466)
    H2O2(11) + [CH]=CCC(1346) <=> HO2(10) + C=CCC(466)
    HO2(10) + C=CCC(466) <=> [CH2]C(CC)OO(1354)
    HO2(10) + C=CCC(466) <=> CC[CH]COO(1355)
    HO2(10) + C[CH]CC(469) <=> H2O2(11) + C=CCC(466)
    CO(12) + C=CCC(466) <=> C=CC(C)C=O(1356)
    CO(12) + C=CCC(466) <=> C=CCCC=O(699)
    CO(12) + C=CCC(466) <=> C=C(C=O)CC(1357)
    CO(12) + C=CCC(466) <=> CCC=CC=O(1358)
    CO(12) + C=CCC(466) <=> C=CCC(C)=O(701)
    HCO(14) + C=C[CH]C(1344) <=> CO(12) + C=CCC(466)
    HCO(14) + [CH2]CC=C(538) <=> CO(12) + C=CCC(466)
    HCO(14) + C=[C]CC(1345) <=> CO(12) + C=CCC(466)
    HCO(14) + [CH]=CCC(1346) <=> CO(12) + C=CCC(466)
    [C-]=[O+]CC=CC(1359) <=> CO(12) + C=CCC(466)
    CC=CC[C-]=[OH+](1360) <=> CO(12) + C=CCC(466)
    CO2(13) + C=CCC(466) <=> C=CC(C)OC=O(1361)
    CO2(13) + C=CCC(466) <=> C=CCCOC=O(1362)
    CO2(13) + C=CCC(466) <=> C=C(CC)OC=O(1363)
    CO2(13) + C=CCC(466) <=> CCC=COC=O(1364)
    CO2(13) + C=CCC(466) <=> C=CCC(=O)OC(1365)
    CO2(13) + C=CCC(466) <=> C=CC(C)C(=O)O(1366)
    CO2(13) + C=CCC(466) <=> C=CCCC(=O)O(1367)
    CO2(13) + C=CCC(466) <=> C=C(CC)C(=O)O(1368)
    CO2(13) + C=CCC(466) <=> CCC=CC(=O)O(1369)
    CO2(13) + C=CCC(466) <=> C=CCOC(C)=O(1370)
    CC[CH]CC([O])=O(1371) <=> CO2(13) + C=CCC(466)
    [CH2]C(CC)C([O])=O(1372) <=> CO2(13) + C=CCC(466)
    CC[CH]CO[C]=O(1373) <=> CO2(13) + C=CCC(466)
    [CH2]C(CC)O[C]=O(1374) <=> CO2(13) + C=CCC(466)
    HOCO(102) + C=C[CH]C(1344) <=> CO2(13) + C=CCC(466)
    HOCO(102) + [CH2]CC=C(538) <=> CO2(13) + C=CCC(466)
    HOCO(102) + C=[C]CC(1345) <=> CO2(13) + C=CCC(466)
    HOCO(102) + [CH]=CCC(1346) <=> CO2(13) + C=CCC(466)
    [O]C=O(103) + C=C[CH]C(1344) <=> CO2(13) + C=CCC(466)
    [O]C=O(103) + [CH2]CC=C(538) <=> CO2(13) + C=CCC(466)
    [O]C=O(103) + C=[C]CC(1345) <=> CO2(13) + C=CCC(466)
    [O]C=O(103) + [CH]=CCC(1346) <=> CO2(13) + C=CCC(466)
    CC=CCOC=O(1375) <=> CO2(13) + C=CCC(466)
    CC=CCC(=O)O(1376) <=> CO2(13) + C=CCC(466)
    [C]=O(54) + [CH2]CCC(41) <=> HCO(14) + C=CCC(466)
    [C]=O(54) + C[CH]CC(469) <=> HCO(14) + C=CCC(466)
    [CH]O(219) + C=C[CH]C(1344) <=> HCO(14) + C=CCC(466)
    [CH]O(219) + [CH2]CC=C(538) <=> HCO(14) + C=CCC(466)
    [CH]O(219) + C=[C]CC(1345) <=> HCO(14) + C=CCC(466)
    [CH]O(219) + [CH]=CCC(1346) <=> HCO(14) + C=CCC(466)
    HCO(14) + C=CCC(466) <=> CH2O(19) + C=C[CH]C(1344)
    CH2O(19) + [CH2]CC=C(538) <=> HCO(14) + C=CCC(466)
    CH2O(19) + C=[C]CC(1345) <=> HCO(14) + C=CCC(466)
    CH2O(19) + [CH]=CCC(1346) <=> HCO(14) + C=CCC(466)
    HCO(14) + C=CCC(466) <=> [CH2]C(C=O)CC(477)
    HCO(14) + C=CCC(466) <=> CC[CH]CC=O(1377)
    CH2(T)(17) + C[CH]CC(469) <=> CH3(18) + C=CCC(466)
    CH3(18) + C=CCC(466) <=> CH4(31) + C=C[CH]C(1344)
    CH3(18) + C=CCC(466) <=> CH4(31) + [CH2]CC=C(538)
    CH4(31) + C=[C]CC(1345) <=> CH3(18) + C=CCC(466)
    CH3(18) + C=CCC(466) <=> CH4(31) + [CH]=CCC(1346)
    CH3(18) + C=CCC(466) <=> [CH2]C(C)CC(703)
    CH3(18) + C=CCC(466) <=> CC[CH]CC(603)
    CC[CH]CC[O](1378) <=> CH2O(19) + C=CCC(466)
    [CH2]C(CC)C[O](1379) <=> CH2O(19) + C=CCC(466)
    [CH2]OC[CH]CC(1380) <=> CH2O(19) + C=CCC(466)
    [CH2]OC([CH2])CC(1381) <=> CH2O(19) + C=CCC(466)
    CH2O(19) + C=CCC(466) <=> CCC1CCO1(1382)
    CH2O(19) + C=CCC(466) <=> CCC1COC1(1383)
    HCO(14) + C[CH]CC(469) <=> CH2O(19) + C=CCC(466)
    CH2OH(34) + C=C[CH]C(1344) <=> CH2O(19) + C=CCC(466)
    CH2OH(34) + [CH2]CC=C(538) <=> CH2O(19) + C=CCC(466)
    CH2OH(34) + C=[C]CC(1345) <=> CH2O(19) + C=CCC(466)
    CH2OH(34) + [CH]=CCC(1346) <=> CH2O(19) + C=CCC(466)
    CH3O(27) + C=C[CH]C(1344) <=> CH2O(19) + C=CCC(466)
    CH3O(27) + [CH2]CC=C(538) <=> CH2O(19) + C=CCC(466)
    CH3O(27) + C=[C]CC(1345) <=> CH2O(19) + C=CCC(466)
    CH3O(27) + [CH]=CCC(1346) <=> CH2O(19) + C=CCC(466)
    CC=CCOC(1384) <=> CH2O(19) + C=CCC(466)
    CC=CCCO(1385) <=> CH2O(19) + C=CCC(466)
    [CH]=CC[CH]CC(1386) <=> C2H2(22) + C=CCC(466)
    [CH]=CC([CH2])CC(1387) <=> C2H2(22) + C=CCC(466)
    C2H(21) + C[CH]CC(469) <=> C2H2(22) + C=CCC(466)
    C2H3(29) + C=C[CH]C(1344) <=> C2H2(22) + C=CCC(466)
    C2H3(29) + [CH2]CC=C(538) <=> C2H2(22) + C=CCC(466)
    C2H3(29) + C=[C]CC(1345) <=> C2H2(22) + C=CCC(466)
    C2H3(29) + [CH]=CCC(1346) <=> C2H2(22) + C=CCC(466)
    C=CCC=CC(1388) <=> C2H2(22) + C=CCC(466)
    CH3OH(26) + C=CCC(466) <=> CCCCOC(1389)
    CH3OH(26) + C=CCC(466) <=> CCC(C)OC(1390)
    CH3OH(26) + C=CCC(466) <=> CCC(C)CO(1391)
    CH3OH(26) + C=CCC(466) <=> CCC(O)CC(1392)
    CH2OH(34) + C[CH]CC(469) <=> CH3OH(26) + C=CCC(466)
    CH3O(27) + C[CH]CC(469) <=> CH3OH(26) + C=CCC(466)
    C=C([O])C[CH]CC(1393) <=> CH2CO(28) + C=CCC(466)
    [CH2]C(CC)C(=C)[O](1394) <=> CH2CO(28) + C=CCC(466)
    C=[C]OC[CH]CC(1395) <=> CH2CO(28) + C=CCC(466)
    [CH2]C(CC)O[C]=C(1396) <=> CH2CO(28) + C=CCC(466)
    CC[CH]CC[C]=O(1397) <=> CH2CO(28) + C=CCC(466)
    [CH2]C(CC)C[C]=O(1398) <=> CH2CO(28) + C=CCC(466)
    CH2CO(28) + C=CCC(466) <=> CCC1CCC1=O(1399)
    CH2CO(28) + C=CCC(466) <=> CCC1CC(=O)C1(1400)
    HCCO(20) + C[CH]CC(469) <=> CH2CO(28) + C=CCC(466)
    C=[C]O(69) + C=C[CH]C(1344) <=> CH2CO(28) + C=CCC(466)
    C=[C]O(69) + [CH2]CC=C(538) <=> CH2CO(28) + C=CCC(466)
    C=[C]O(69) + C=[C]CC(1345) <=> CH2CO(28) + C=CCC(466)
    C=[C]O(69) + [CH]=CCC(1346) <=> CH2CO(28) + C=CCC(466)
    CH3CO(35) + C=C[CH]C(1344) <=> CH2CO(28) + C=CCC(466)
    CH3CO(35) + [CH2]CC=C(538) <=> CH2CO(28) + C=CCC(466)
    CH3CO(35) + C=[C]CC(1345) <=> CH2CO(28) + C=CCC(466)
    CH3CO(35) + [CH]=CCC(1346) <=> CH2CO(28) + C=CCC(466)
    CH2CHO(36) + C=C[CH]C(1344) <=> CH2CO(28) + C=CCC(466)
    CH2CHO(36) + [CH2]CC=C(538) <=> CH2CO(28) + C=CCC(466)
    CH2CHO(36) + C=[C]CC(1345) <=> CH2CO(28) + C=CCC(466)
    CH2CHO(36) + [CH]=CCC(1346) <=> CH2CO(28) + C=CCC(466)
    C#COC(C)CC(1401) <=> CH2CO(28) + C=CCC(466)
    C#COCCCC(1402) <=> CH2CO(28) + C=CCC(466)
    C=COCC=CC(1403) <=> CH2CO(28) + C=CCC(466)
    CC=CCCC=O(1404) <=> CH2CO(28) + C=CCC(466)
    C=C(O)CC=CC(1405) <=> CH2CO(28) + C=CCC(466)
    CC=CCC(C)=O(1406) <=> CH2CO(28) + C=CCC(466)
    [C]=C(62) + [CH2]CCC(41) <=> C2H3(29) + C=CCC(466)
    [C]=C(62) + C[CH]CC(469) <=> C2H3(29) + C=CCC(466)
    [CH]=[CH](63) + [CH2]CCC(41) <=> C2H3(29) + C=CCC(466)
    [CH]=[CH](63) + C[CH]CC(469) <=> C2H3(29) + C=CCC(466)
    [CH]C(65) + C=C[CH]C(1344) <=> C2H3(29) + C=CCC(466)
    [CH]C(65) + [CH2]CC=C(538) <=> C2H3(29) + C=CCC(466)
    [CH]C(65) + C=[C]CC(1345) <=> C2H3(29) + C=CCC(466)
    [CH]C(65) + [CH]=CCC(1346) <=> C2H3(29) + C=CCC(466)
    C2H3(29) + C=CCC(466) <=> C2H4(30) + C=C[CH]C(1344)
    C2H3(29) + C=CCC(466) <=> C2H4(30) + [CH2]CC=C(538)
    C2H3(29) + C=CCC(466) <=> C2H4(30) + C=[C]CC(1345)
    C2H3(29) + C=CCC(466) <=> C2H4(30) + [CH]=CCC(1346)
    C2H3(29) + C=CCC(466) <=> [CH2]C(C=C)CC(1407)
    C2H3(29) + C=CCC(466) <=> C=CC[CH]CC(996)
    [CH2]CC[CH]CC(515) <=> C2H4(30) + C=CCC(466)
    [CH2]CC([CH2])CC(1408) <=> C2H4(30) + C=CCC(466)
    C2H3(29) + C[CH]CC(469) <=> C2H4(30) + C=CCC(466)
    C2H5(33) + C=C[CH]C(1344) <=> C2H4(30) + C=CCC(466)
    C2H5(33) + [CH2]CC=C(538) <=> C2H4(30) + C=CCC(466)
    C2H5(33) + C=[C]CC(1345) <=> C2H4(30) + C=CCC(466)
    C2H5(33) + [CH]=CCC(1346) <=> C2H4(30) + C=CCC(466)
    CC=CCCC(638) <=> C2H4(30) + C=CCC(466)
    CH3(18) + C[CH]CC(469) <=> CH4(31) + C=CCC(466)
    C2H5(33) + C[CH]CC(469) <=> C2H6(32) + C=CCC(466)
    [CH]C(65) + [CH2]CCC(41) <=> C2H5(33) + C=CCC(466)
    [CH]C(65) + C[CH]CC(469) <=> C2H5(33) + C=CCC(466)
    [CH2][CH2](66) + [CH2]CCC(41) <=> C2H5(33) + C=CCC(466)
    [CH2][CH2](66) + C[CH]CC(469) <=> C2H5(33) + C=CCC(466)
    C2H6(32) + C=C[CH]C(1344) <=> C2H5(33) + C=CCC(466)
    C2H6(32) + [CH2]CC=C(538) <=> C2H5(33) + C=CCC(466)
    C2H5(33) + C=CCC(466) <=> C2H6(32) + C=[C]CC(1345)
    C2H5(33) + C=CCC(466) <=> C2H6(32) + [CH]=CCC(1346)
    C2H5(33) + C=CCC(466) <=> [CH2]C(CC)CC(1409)
    C2H5(33) + C=CCC(466) <=> CC[CH]CCC(520)
    [CH2]C([O])C[CH]CC(1410) <=> CH2CHO(36) + C=CCC(466)
    [CH2]C([O])C([CH2])CC(1411) <=> CH2CHO(36) + C=CCC(466)
    [CH2][CH]OC[CH]CC(1412) <=> CH2CHO(36) + C=CCC(466)
    [CH2][CH]OC([CH2])CC(1413) <=> CH2CHO(36) + C=CCC(466)
    CH2CHO(36) + C=CCC(466) <=> [CH2]C1CC(CC)O1(1414)
    CH2CHO(36) + C=CCC(466) <=> [CH2]C1OCC1CC(1415)
    [CH]=C[O](60) + [CH2]CCC(41) <=> CH2CHO(36) + C=CCC(466)
    [CH]=C[O](60) + C[CH]CC(469) <=> CH2CHO(36) + C=CCC(466)
    [CH2][C]=O(68) + [CH2]CCC(41) <=> CH2CHO(36) + C=CCC(466)
    [CH2][C]=O(68) + C[CH]CC(469) <=> CH2CHO(36) + C=CCC(466)
    [CH2][CH]O(126) + C=C[CH]C(1344) <=> CH2CHO(36) + C=CCC(466)
    [CH2][CH]O(126) + [CH2]CC=C(538) <=> CH2CHO(36) + C=CCC(466)
    [CH2][CH]O(126) + C=[C]CC(1345) <=> CH2CHO(36) + C=CCC(466)
    [CH2][CH]O(126) + [CH]=CCC(1346) <=> CH2CHO(36) + C=CCC(466)
    [CH2]C[O](71) + C=C[CH]C(1344) <=> CH2CHO(36) + C=CCC(466)
    [CH2]C[O](71) + [CH2]CC=C(538) <=> CH2CHO(36) + C=CCC(466)
    [CH2]C[O](71) + C=[C]CC(1345) <=> CH2CHO(36) + C=CCC(466)
    [CH2]C[O](71) + [CH]=CCC(1346) <=> CH2CHO(36) + C=CCC(466)
    CH2CHO(36) + C=CCC(466) <=> CH3CHO(37) + C=C[CH]C(1344)
    CH3CHO(37) + [CH2]CC=C(538) <=> CH2CHO(36) + C=CCC(466)
    CH3CHO(37) + C=[C]CC(1345) <=> CH2CHO(36) + C=CCC(466)
    CH3CHO(37) + [CH]=CCC(1346) <=> CH2CHO(36) + C=CCC(466)
    CH2CHO(36) + C=CCC(466) <=> [CH2]C(CC)CC=O(1416)
    CH2CHO(36) + C=CCC(466) <=> CC[CH]CCC=O(1417)
    [CH2]COCC=CC(1418) <=> CH2CHO(36) + C=CCC(466)
    [CH2]C(O)CC=CC(1419) <=> CH2CHO(36) + C=CCC(466)
    CC[CH]CC[CH][O](1420) <=> CH2CHO(36) + C=CCC(466)
    [CH2]C(CC)C[CH][O](1421) <=> CH2CHO(36) + C=CCC(466)
    C[CH][O](127) + C=C[CH]C(1344) <=> CH2CHO(36) + C=CCC(466)
    C[CH][O](127) + [CH2]CC=C(538) <=> CH2CHO(36) + C=CCC(466)
    C[CH][O](127) + C=[C]CC(1345) <=> CH2CHO(36) + C=CCC(466)
    C[CH][O](127) + [CH]=CCC(1346) <=> CH2CHO(36) + C=CCC(466)
    CH2CHO(36) + C=CCC(466) <=> C2H3OH(72) + C=C[CH]C(1344)
    C2H3OH(72) + [CH2]CC=C(538) <=> CH2CHO(36) + C=CCC(466)
    C2H3OH(72) + C=[C]CC(1345) <=> CH2CHO(36) + C=CCC(466)
    C2H3OH(72) + [CH]=CCC(1346) <=> CH2CHO(36) + C=CCC(466)
    CH2CHO(36) + C=CCC(466) <=> [CH2]C(CC)OC=C(1422)
    CH2CHO(36) + C=CCC(466) <=> C=COC[CH]CC(1423)
    CC=CCCC[O](1424) <=> CH2CHO(36) + C=CCC(466)
    CC=CCC(C)[O](1425) <=> CH2CHO(36) + C=CCC(466)
    CC[CH]CC(C)[O](1426) <=> CH3CHO(37) + C=CCC(466)
    [CH2]C(CC)C(C)[O](1427) <=> CH3CHO(37) + C=CCC(466)
    C[CH]OC[CH]CC(1428) <=> CH3CHO(37) + C=CCC(466)
    [CH2]C(CC)O[CH]C(1429) <=> CH3CHO(37) + C=CCC(466)
    CH3CHO(37) + C=CCC(466) <=> CCC1CC(C)O1(1430)
    CH3CHO(37) + C=CCC(466) <=> CCC1COC1C(1431)
    CH2CHO(36) + C[CH]CC(469) <=> CH3CHO(37) + C=CCC(466)
    CH3CO(35) + C[CH]CC(469) <=> CH3CHO(37) + C=CCC(466)
    CH3CHOH(133) + C=C[CH]C(1344) <=> CH3CHO(37) + C=CCC(466)
    CH3CHOH(133) + [CH2]CC=C(538) <=> CH3CHO(37) + C=CCC(466)
    CH3CHOH(133) + C=[C]CC(1345) <=> CH3CHO(37) + C=CCC(466)
    CH3CHOH(133) + [CH]=CCC(1346) <=> CH3CHO(37) + C=CCC(466)
    CH3CH2O(134) + C=C[CH]C(1344) <=> CH3CHO(37) + C=CCC(466)
    CH3CH2O(134) + [CH2]CC=C(538) <=> CH3CHO(37) + C=CCC(466)
    CH3CH2O(134) + C=[C]CC(1345) <=> CH3CHO(37) + C=CCC(466)
    CH3CH2O(134) + [CH]=CCC(1346) <=> CH3CHO(37) + C=CCC(466)
    C=COC(C)CC(1432) <=> CH3CHO(37) + C=CCC(466)
    C=COCCCC(1433) <=> CH3CHO(37) + C=CCC(466)
    CC=CCOCC(1434) <=> CH3CHO(37) + C=CCC(466)
    CC=CCC(C)O(1435) <=> CH3CHO(37) + C=CCC(466)
    C[CH]CC(469) + CCCC[CH]CCCCCCC(43) <=> C=CCC(466) + C12H24(1)
    C[CH]CC(469) + CCCCC[CH]CCCCCC(45) <=> C=CCC(466) + C12H24(1)
    [CH2]CCC(41) + CCC[CH]CCCCCCCC(48) <=> C=CCC(466) + C12H24(1)
    C[CH]CC(469) + CCC[CH]CCCCCCCC(48) <=> C=CCC(466) + C12H24(1)
    [CH2]CCC(41) + CC[CH]CCCCCCCCC(50) <=> C=CCC(466) + C12H24(1)
    C[CH]CC(469) + CC[CH]CCCCCCCCC(50) <=> C=CCC(466) + C12H24(1)
    C[CH]CC(469) + C[CH]CCCCCCCCCC(52) <=> C=CCC(466) + C12H24(1)
    C[CH]CC(469) + [CH2]CCCCCCCCCCC(53) <=> C=CCC(466) + C12H24(1)
    HO2(10) + C=C[CH]C(1344) <=> O2(2) + C=CCC(466)
    HO2(10) + [CH2]CC=C(538) <=> O2(2) + C=CCC(466)
    HO2(10) + C=[C]CC(1345) <=> O2(2) + C=CCC(466)
    O2(2) + C=CCC(466) <=> HO2(10) + [CH]=CCC(1346)
    O2(2) + C=CCC(466) <=> [CH2]C(CC)O[O](1436)
    O2(2) + C=CCC(466) <=> CC[CH]CO[O](1437)
    C[CH]CC[CH]CC(1114) <=> C=CC(158) + C=CCC(466)
    [CH2]C(CC)C[CH]C(1438) <=> C=CC(158) + C=CCC(466)
    [CH2]C(C)C[CH]CC(1439) <=> C=CC(158) + C=CCC(466)
    [CH2]C(C)C([CH2])CC(1440) <=> C=CC(158) + C=CCC(466)
    [CH2]C=C(643) + C[CH]CC(469) <=> C=CC(158) + C=CCC(466)
    C=[C]C(644) + [CH2]CCC(41) <=> C=CC(158) + C=CCC(466)
    C=[C]C(644) + C[CH]CC(469) <=> C=CC(158) + C=CCC(466)
    [CH]=CC(374) + [CH2]CCC(41) <=> C=CC(158) + C=CCC(466)
    [CH]=CC(374) + C[CH]CC(469) <=> C=CC(158) + C=CCC(466)
    [CH2]CC(47) + C=C[CH]C(1344) <=> C=CC(158) + C=CCC(466)
    [CH2]CC(47) + [CH2]CC=C(538) <=> C=CC(158) + C=CCC(466)
    [CH2]CC(47) + C=[C]CC(1345) <=> C=CC(158) + C=CCC(466)
    [CH2]CC(47) + [CH]=CCC(1346) <=> C=CC(158) + C=CCC(466)
    C[CH]C(160) + C=C[CH]C(1344) <=> C=CC(158) + C=CCC(466)
    C[CH]C(160) + [CH2]CC=C(538) <=> C=CC(158) + C=CCC(466)
    C[CH]C(160) + C=[C]CC(1345) <=> C=CC(158) + C=CCC(466)
    C[CH]C(160) + [CH]=CCC(1346) <=> C=CC(158) + C=CCC(466)
    C=CCC(C)CC(1441) <=> C=CC(158) + C=CCC(466)
    CC=CCC(C)C(1442) <=> C=CC(158) + C=CCC(466)
    CC=CCCCC(1443) <=> C=CC(158) + C=CCC(466)
    CC[CH]CC[CH]CCCCCCC(1444) <=> C=CCC(466) + C=CCCCCCCC(138)
    [CH2]C(CC)C[CH]CCCCCCC(1445) <=> C=CCC(466) + C=CCCCCCCC(138)
    [CH2]C(C[CH]CC)CCCCCCC(1446) <=> C=CCC(466) + C=CCCCCCCC(138)
    [CH2]C(CC)C([CH2])CCCCCCC(1447) <=> C=CCC(466) + C=CCCCCCCC(138)
    [CH2]CCC(41) + C=CC[CH]CCCCC(872) <=> C=CCC(466) + C=CCCCCCCC(138)
    C[CH]CC(469) + C=CC[CH]CCCCC(872) <=> C=CCC(466) + C=CCCCCCCC(138)
    [CH2]CCC(41) + C=CCC[CH]CCCC(867) <=> C=CCC(466) + C=CCCCCCCC(138)
    C[CH]CC(469) + C=CCC[CH]CCCC(867) <=> C=CCC(466) + C=CCCCCCCC(138)
    [CH2]CCC(41) + C=CCCC[CH]CCC(869) <=> C=CCC(466) + C=CCCCCCCC(138)
    C[CH]CC(469) + C=CCCC[CH]CCC(869) <=> C=CCC(466) + C=CCCCCCCC(138)
    [CH2]CCC(41) + C=CCCCC[CH]CC(871) <=> C=CCC(466) + C=CCCCCCCC(138)
    C[CH]CC(469) + C=CCCCC[CH]CC(871) <=> C=CCC(466) + C=CCCCCCCC(138)
    [CH2]CCC(41) + C=CCCCCC[CH]C(874) <=> C=CCC(466) + C=CCCCCCCC(138)
    C[CH]CC(469) + C=CCCCCC[CH]C(874) <=> C=CCC(466) + C=CCCCCCCC(138)
    [CH2]CCC(41) + C=C[CH]CCCCCC(875) <=> C=CCC(466) + C=CCCCCCCC(138)
    C[CH]CC(469) + C=C[CH]CCCCCC(875) <=> C=CCC(466) + C=CCCCCCCC(138)
    [CH2]CCC(41) + [CH2]CCCCCCC=C(876) <=> C=CCC(466) + C=CCCCCCCC(138)
    C[CH]CC(469) + [CH2]CCCCCCC=C(876) <=> C=CCC(466) + C=CCCCCCCC(138)
    [CH2]CCC(41) + C=[C]CCCCCCC(877) <=> C=CCC(466) + C=CCCCCCCC(138)
    C[CH]CC(469) + C=[C]CCCCCCC(877) <=> C=CCC(466) + C=CCCCCCCC(138)
    [CH2]CCC(41) + [CH]=CCCCCCCC(585) <=> C=CCC(466) + C=CCCCCCCC(138)
    C[CH]CC(469) + [CH]=CCCCCCCC(585) <=> C=CCC(466) + C=CCCCCCCC(138)
    C=C[CH]C(1344) + [CH2]CCCCCCCC(46) <=> C=CCC(466) + C=CCCCCCCC(138)
    [CH2]CC=C(538) + [CH2]CCCCCCCC(46) <=> C=CCC(466) + C=CCCCCCCC(138)
    C=[C]CC(1345) + [CH2]CCCCCCCC(46) <=> C=CCC(466) + C=CCCCCCCC(138)
    [CH]=CCC(1346) + [CH2]CCCCCCCC(46) <=> C=CCC(466) + C=CCCCCCCC(138)
    C=C[CH]C(1344) + C[CH]CCCCCCC(153) <=> C=CCC(466) + C=CCCCCCCC(138)
    [CH2]CC=C(538) + C[CH]CCCCCCC(153) <=> C=CCC(466) + C=CCCCCCCC(138)
    C=[C]CC(1345) + C[CH]CCCCCCC(153) <=> C=CCC(466) + C=CCCCCCCC(138)
    [CH]=CCC(1346) + C[CH]CCCCCCC(153) <=> C=CCC(466) + C=CCCCCCCC(138)
    CCCCCCC=CCC(C)CC(1448) <=> C=CCC(466) + C=CCCCCCCC(138)
    CCCCCC=CCCCCCC(1449) <=> C=CCC(466) + C=CCCCCCCC(138)
    CC=CCC(C)CCCCCCC(1450) <=> C=CCC(466) + C=CCCCCCCC(138)
    CC=CCCCCCCCCCC(1451) <=> C=CCC(466) + C=CCCCCCCC(138)
    CC[CH]CC[CH]CCCC(1452) <=> C=CCC(466) + C=CCCCC(514)
    [CH2]C(CC)C[CH]CCCC(1453) <=> C=CCC(466) + C=CCCCC(514)
    [CH2]C(C[CH]CC)CCCC(1454) <=> C=CCC(466) + C=CCCCC(514)
    [CH2]C(CC)C([CH2])CCCC(1455) <=> C=CCC(466) + C=CCCCC(514)
    [CH2]CCC(41) + C=CC[CH]CC(996) <=> C=CCC(466) + C=CCCCC(514)
    C[CH]CC(469) + C=CC[CH]CC(996) <=> C=CCC(466) + C=CCCCC(514)
    [CH2]CCC(41) + C=CCC[CH]C(997) <=> C=CCC(466) + C=CCCCC(514)
    C[CH]CC(469) + C=CCC[CH]C(997) <=> C=CCC(466) + C=CCCCC(514)
    [CH2]CCC(41) + C=C[CH]CCC(998) <=> C=CCC(466) + C=CCCCC(514)
    C[CH]CC(469) + C=C[CH]CCC(998) <=> C=CCC(466) + C=CCCCC(514)
    [CH2]CCC(41) + [CH2]CCCC=C(868) <=> C=CCC(466) + C=CCCCC(514)
    C[CH]CC(469) + [CH2]CCCC=C(868) <=> C=CCC(466) + C=CCCCC(514)
    [CH2]CCC(41) + C=[C]CCCC(999) <=> C=CCC(466) + C=CCCCC(514)
    C[CH]CC(469) + C=[C]CCCC(999) <=> C=CCC(466) + C=CCCCC(514)
    [CH2]CCC(41) + [CH]=CCCCC(500) <=> C=CCC(466) + C=CCCCC(514)
    C[CH]CC(469) + [CH]=CCCCC(500) <=> C=CCC(466) + C=CCCCC(514)
    C=C[CH]C(1344) + [CH2]CCCCC(44) <=> C=CCC(466) + C=CCCCC(514)
    [CH2]CC=C(538) + [CH2]CCCCC(44) <=> C=CCC(466) + C=CCCCC(514)
    C=[C]CC(1345) + [CH2]CCCCC(44) <=> C=CCC(466) + C=CCCCC(514)
    [CH]=CCC(1346) + [CH2]CCCCC(44) <=> C=CCC(466) + C=CCCCC(514)
    C=C[CH]C(1344) + C[CH]CCCC(519) <=> C=CCC(466) + C=CCCCC(514)
    [CH2]CC=C(538) + C[CH]CCCC(519) <=> C=CCC(466) + C=CCCCC(514)
    C=[C]CC(1345) + C[CH]CCCC(519) <=> C=CCC(466) + C=CCCCC(514)
    [CH]=CCC(1346) + C[CH]CCCC(519) <=> C=CCC(466) + C=CCCCC(514)
    CCCC=CCC(C)CC(1456) <=> C=CCC(466) + C=CCCCC(514)
    CCCC=CCCCCC(1457) <=> C=CCC(466) + C=CCCCC(514)
    CC=CCC(C)CCCC(1458) <=> C=CCC(466) + C=CCCCC(514)
    CC=CCCCCCCC(1459) <=> C=CCC(466) + C=CCCCC(514)
    CC[CH]CC[CH]CCCCC(1460) <=> C=CCC(466) + C=CCCCCC(546)
    [CH2]C(CC)C[CH]CCCCC(1461) <=> C=CCC(466) + C=CCCCCC(546)
    [CH2]C(C[CH]CC)CCCCC(1462) <=> C=CCC(466) + C=CCCCCC(546)
    [CH2]C(CC)C([CH2])CCCCC(1463) <=> C=CCC(466) + C=CCCCCC(546)
    [CH2]CCC(41) + C=CC[CH]CCC(1117) <=> C=CCC(466) + C=CCCCCC(546)
    C[CH]CC(469) + C=CC[CH]CCC(1117) <=> C=CCC(466) + C=CCCCCC(546)
    [CH2]CCC(41) + C=CCC[CH]CC(1116) <=> C=CCC(466) + C=CCCCCC(546)
    C[CH]CC(469) + C=CCC[CH]CC(1116) <=> C=CCC(466) + C=CCCCCC(546)
    [CH2]CCC(41) + C=CCCC[CH]C(1118) <=> C=CCC(466) + C=CCCCCC(546)
    C[CH]CC(469) + C=CCCC[CH]C(1118) <=> C=CCC(466) + C=CCCCCC(546)
    [CH2]CCC(41) + C=C[CH]CCCC(1119) <=> C=CCC(466) + C=CCCCCC(546)
    C[CH]CC(469) + C=C[CH]CCCC(1119) <=> C=CCC(466) + C=CCCCCC(546)
    [CH2]CCC(41) + [CH2]CCCCC=C(870) <=> C=CCC(466) + C=CCCCCC(546)
    C[CH]CC(469) + [CH2]CCCCC=C(870) <=> C=CCC(466) + C=CCCCCC(546)
    [CH2]CCC(41) + C=[C]CCCCC(1120) <=> C=CCC(466) + C=CCCCCC(546)
    C[CH]CC(469) + C=[C]CCCCC(1120) <=> C=CCC(466) + C=CCCCCC(546)
    [CH2]CCC(41) + [CH]=CCCCCC(1121) <=> C=CCC(466) + C=CCCCCC(546)
    C[CH]CC(469) + [CH]=CCCCCC(1121) <=> C=CCC(466) + C=CCCCCC(546)
    C=C[CH]C(1344) + [CH2]CCCCCC(40) <=> C=CCC(466) + C=CCCCCC(546)
    [CH2]CC=C(538) + [CH2]CCCCCC(40) <=> C=CCC(466) + C=CCCCCC(546)
    C=[C]CC(1345) + [CH2]CCCCCC(40) <=> C=CCC(466) + C=CCCCCC(546)
    [CH]=CCC(1346) + [CH2]CCCCCC(40) <=> C=CCC(466) + C=CCCCCC(546)
    C=C[CH]C(1344) + C[CH]CCCCC(552) <=> C=CCC(466) + C=CCCCCC(546)
    [CH2]CC=C(538) + C[CH]CCCCC(552) <=> C=CCC(466) + C=CCCCCC(546)
    C=[C]CC(1345) + C[CH]CCCCC(552) <=> C=CCC(466) + C=CCCCCC(546)
    [CH]=CCC(1346) + C[CH]CCCCC(552) <=> C=CCC(466) + C=CCCCCC(546)
    CCCCC=CCC(C)CC(1464) <=> C=CCC(466) + C=CCCCCC(546)
    CCCCC=CCCCCC(1465) <=> C=CCC(466) + C=CCCCCC(546)
    CC=CCC(C)CCCCC(1466) <=> C=CCC(466) + C=CCCCCC(546)
    CC=CCCCCCCCC(1467) <=> C=CCC(466) + C=CCCCCC(546)
    [CH2][CH]CC[CH]CC(1468) <=> [CH2]C=C(643) + C=CCC(466)
    [CH2][CH]CC([CH2])CC(1469) <=> [CH2]C=C(643) + C=CCC(466)
    [CH2]C([CH2])C[CH]CC(1470) <=> [CH2]C=C(643) + C=CCC(466)
    [CH2]C([CH2])C([CH2])CC(1471) <=> [CH2]C=C(643) + C=CCC(466)
    [CH]C=C(1234) + [CH2]CCC(41) <=> [CH2]C=C(643) + C=CCC(466)
    [CH]C=C(1234) + C[CH]CC(469) <=> [CH2]C=C(643) + C=CCC(466)
    [CH2][C]=C(1237) + [CH2]CCC(41) <=> [CH2]C=C(643) + C=CCC(466)
    [CH2][C]=C(1237) + C[CH]CC(469) <=> [CH2]C=C(643) + C=CCC(466)
    [CH]C=C(1234) + [CH2]CCC(41) <=> [CH2]C=C(643) + C=CCC(466)
    [CH]C=C(1234) + C[CH]CC(469) <=> [CH2]C=C(643) + C=CCC(466)
    [CH2]C[CH2](146) + C=C[CH]C(1344) <=> [CH2]C=C(643) + C=CCC(466)
    [CH2]C[CH2](146) + [CH2]CC=C(538) <=> [CH2]C=C(643) + C=CCC(466)
    [CH2]C[CH2](146) + C=[C]CC(1345) <=> [CH2]C=C(643) + C=CCC(466)
    [CH2]C[CH2](146) + [CH]=CCC(1346) <=> [CH2]C=C(643) + C=CCC(466)
    [CH2][CH]C(159) + C=C[CH]C(1344) <=> [CH2]C=C(643) + C=CCC(466)
    [CH2][CH]C(159) + [CH2]CC=C(538) <=> [CH2]C=C(643) + C=CCC(466)
    [CH2][CH]C(159) + C=[C]CC(1345) <=> [CH2]C=C(643) + C=CCC(466)
    [CH2][CH]C(159) + [CH]=CCC(1346) <=> [CH2]C=C(643) + C=CCC(466)
    C=CC(158) + C=C[CH]C(1344) <=> [CH2]C=C(643) + C=CCC(466)
    C=CC(158) + [CH2]CC=C(538) <=> [CH2]C=C(643) + C=CCC(466)
    C=CC(158) + C=[C]CC(1345) <=> [CH2]C=C(643) + C=CCC(466)
    [CH2]C=C(643) + C=CCC(466) <=> C=CC(158) + [CH]=CCC(1346)
    [CH2]C=C(643) + C=CCC(466) <=> [CH2]C(CC)CC=C(1472)
    [CH2]C=C(643) + C=CCC(466) <=> C=CCC[CH]CC(1116)
    [CH2]C(C)CC=CC(1473) <=> [CH2]C=C(643) + C=CCC(466)
    [CH2]CCCC=CC(1474) <=> [CH2]C=C(643) + C=CCC(466)
    CC[CH]CC[CH]CC(1475) <=> C=CCC(466) + C=CCC(466)
    [CH2]C(CC)C[CH]CC(1476) <=> C=CCC(466) + C=CCC(466)
    [CH2]C(CC)C([CH2])CC(1477) <=> C=CCC(466) + C=CCC(466)
    C=C[CH]C(1344) + [CH2]CCC(41) <=> C=CCC(466) + C=CCC(466)
    C=C[CH]C(1344) + C[CH]CC(469) <=> C=CCC(466) + C=CCC(466)
    [CH2]CC=C(538) + [CH2]CCC(41) <=> C=CCC(466) + C=CCC(466)
    [CH2]CC=C(538) + C[CH]CC(469) <=> C=CCC(466) + C=CCC(466)
    C=[C]CC(1345) + [CH2]CCC(41) <=> C=CCC(466) + C=CCC(466)
    C=[C]CC(1345) + C[CH]CC(469) <=> C=CCC(466) + C=CCC(466)
    [CH]=CCC(1346) + [CH2]CCC(41) <=> C=CCC(466) + C=CCC(466)
    [CH]=CCC(1346) + C[CH]CC(469) <=> C=CCC(466) + C=CCC(466)
    CC=CCC(C)CC(1478) <=> C=CCC(466) + C=CCC(466)
    CC=CCCCCC(1479) <=> C=CCC(466) + C=CCC(466)

After model enlargement:
    The model core has 60 species and 716 reactions
    The model edge has 1419 species and 4538 reactions


Saving current model core to Chemkin file...
Chemkin file contains 723 reactions.
Saving annotated version of Chemkin file...
Chemkin file contains 723 reactions.
Saving current model core and edge to Chemkin file...
Chemkin file contains 5261 reactions.
Saving annotated version of Chemkin file...
Chemkin file contains 5261 reactions.
Saving current model core to HTML file...
Saving current model edge to HTML file...
Updating RMG execution statistics...
    Execution time (DD:HH:MM:SS): 00:00:02:21
    Memory used: 933.11 MB

Making seed mechanism...
Conducting simulation of reaction system 1...
At time 1.1057e-05 s, species [O]OC=O(106) at 0.10015381999132224 exceeded the minimum rate for simulation interruption of 0.1
At time 1.1057e-05 s, species [O]OC=O(106) at rate ratio 0.10015381999132224 exceeded the minimum rate for moving to model core of 0.1
terminating simulation due to interrupt...


Adding species [O]OC=O(106) to model core

Summary of Model Enlargement
---------------------------------
Added 1 new core species
    [O]OC=O(106)
Created 0 new edge species
Moved 2 reactions from edge to core
    O2(2) + HCO(14) <=> [O]OC=O(106)
    HO2(10) + CO(12) <=> [O]OC=O(106)
Added 0 new core reactions
Created 0 new edge reactions

After model enlargement:
    The model core has 61 species and 718 reactions
    The model edge has 1418 species and 4536 reactions


At time 8.0141e-05 s, reached target termination conversion: 0.900000 of C12H24(1)
    C12H24(1) conversion: 0.9008    

For reaction generation 1 process is used.
Generating thermo for new species...
Generating kinetics for new reactions...
For reaction [O]OC=O(106) <=> [CH]1OOO1(1480), Ea raised from 408.1 to 408.9 kJ/mol to match endothermicity of reaction.
For reaction [O]OC=O(106) <=> [O]C1OO1(1481), Ea raised from 216.4 to 216.4 kJ/mol to match endothermicity of reaction.
For reaction OH(5) + O=COO(268) <=> H2O(7) + [O]OC=O(106) Ea raised from -1.8 to -1.8 kJ/mol.
For reaction HO2(10) + [O]OC=O(106) <=> O2(2) + O=COO(268) Ea raised from -8.2 to -8.2 kJ/mol.
For reaction HO2(10) + [O]OC=O(106) <=> [O]O[CH]OOO(1484), Ea raised from 300.8 to 302.0 kJ/mol to match endothermicity of reaction.
For reaction HO2(10) + [O]OC=O(106) <=> [O]OC([O])OO(1485), Ea raised from 113.3 to 114.7 kJ/mol to match endothermicity of reaction.
For reaction CO2(13) + [O]OC=O(106) <=> O=[C]OOOC=O(1493), Ea raised from 193.6 to 198.7 kJ/mol to match endothermicity of reaction.
For reaction [O]OC=O(106) + CH2O(19) <=> [CH2]OOOC=O(1501), Ea raised from 149.6 to 154.7 kJ/mol to match endothermicity of reaction.
For reaction [O]OC=O(106) + CH2CO(28) <=> C=[C]OOOC=O(1514), Ea raised from 241.3 to 247.4 kJ/mol to match endothermicity of reaction.
For reaction [O]OC=O(106) + CH3CHO(37) <=> CC1OOC1O[O](1527), Ea raised from 342.5 to 345.4 kJ/mol to match endothermicity of reaction.
For reaction [O]OC=O(106) + CH3CHO(37) <=> C[CH]OOOC=O(1529), Ea raised from 165.9 to 170.2 kJ/mol to match endothermicity of reaction.
For reaction O=COO(268) + [CH2]CCCCCCCCCCC(53) <=> [O]OC=O(106) + C12H24(1) Ea raised from -7.3 to -7.3 kJ/mol.
For reaction O2(2) + [O]OC=O(106) <=> [O]O[CH]OO[O](1533), Ea raised from 464.1 to 465.1 kJ/mol to match endothermicity of reaction.
For reaction O2(2) + [O]OC=O(106) <=> [O]OC([O])O[O](1534), Ea raised from 276.6 to 277.8 kJ/mol to match endothermicity of reaction.
For reaction O2(2) + [O]OC=O(106) <=> [O]OOOC=O(1535), Ea raised from 34.6 to 38.2 kJ/mol to match endothermicity of reaction.
For reaction O=COO(268) + [CH2]CCCCCCC=C(876) <=> [O]OC=O(106) + C=CCCCCCCC(138) Ea raised from -7.3 to -7.3 kJ/mol.
For reaction O=COO(268) + [CH2]CCCC=C(868) <=> [O]OC=O(106) + C=CCCCC(514) Ea raised from -7.3 to -7.3 kJ/mol.
For reaction O=COO(268) + [CH2]CCCCC=C(870) <=> [O]OC=O(106) + C=CCCCCC(546) Ea raised from -7.3 to -7.3 kJ/mol.
For reaction [O]OC=O(106) + [CH2]C=C(643) <=> C=CCO[CH]O[O](1584), Ea raised from 131.6 to 132.1 kJ/mol to match endothermicity of reaction.
For reaction [O]OC=O(106) + [CH2]C=C(643) <=> C=CCC([O])O[O](1585), Ea raised from 108.5 to 110.5 kJ/mol to match endothermicity of reaction.
For reaction O=COO(268) + [CH2]CC=C(538) <=> [O]OC=O(106) + C=CCC(466) Ea raised from -7.3 to -7.3 kJ/mol.

Summary of Secondary Model Edge Enlargement
---------------------------------
Added 0 new core species
Created 117 new edge species
    [CH]1OOO1(1480)
    [O]C1OO1(1481)
    [O]O[CH]O(1482)
    [O]OC(O)O[O](1483)
    [O]O[CH]OOO(1484)
    [O]OC([O])OO(1485)
    O=COOOO(1486)
    [O]OC(=O)C=O(1487)
    O=[C]OOC=O(1488)
    [O]OC([O])C([O])=O(1489)
    [O]O[CH]OC([O])=O(1490)
    [O]OC([O])O[C]=O(1491)
    [O]O[CH]OO[C]=O(1492)
    O=[C]OOOC=O(1493)
    [O]C(=O)OOC=O(1494)
    [O]CC([O])O[O](1495)
    [O]CO[CH]O[O](1496)
    [CH2]OC([O])O[O](1497)
    [CH2]OO[CH]O[O](1498)
    [O]OC1COO1(1499)
    [O]OC1OCO1(1500)
    [CH2]OOOC=O(1501)
    [O]COOC=O(1502)
    [CH]=CC([O])O[O](1503)
    [CH]=CO[CH]O[O](1504)
    [CH]=COOC=O(1505)
    C=C([O])C([O])O[O](1506)
    C=C([O])O[CH]O[O](1507)
    C=[C]OC([O])O[O](1508)
    C=[C]OO[CH]O[O](1509)
    [O]OC([O])C[C]=O(1510)
    [O]O[CH]OC[C]=O(1511)
    [O]OC1CC(=O)O1(1512)
    [O]OC1OCC1=O(1513)
    C=[C]OOOC=O(1514)
    O=[C]COOC=O(1515)
    C=C([O])OOC=O(1516)
    C#COOCO[O](1517)
    C#COC(O)O[O](1518)
    [CH2]CC([O])O[O](1519)
    [CH2]CO[CH]O[O](1520)
    [O]OC1CCO1(1521)
    [CH2]COOC=O(1522)
    CC([O])C([O])O[O](1523)
    CC([O])O[CH]O[O](1524)
    C[CH]OC([O])O[O](1525)
    C[CH]OO[CH]O[O](1526)
    CC1OOC1O[O](1527)
    CC1OC(O[O])O1(1528)
    C[CH]OOOC=O(1529)
    CC([O])OOC=O(1530)
    C=COOCO[O](1531)
    C=COC(O)O[O](1532)
    [O]O[CH]OO[O](1533)
    [O]OC([O])O[O](1534)
    [O]OOOC=O(1535)
    C[CH]CC([O])O[O](1536)
    C[CH]CO[CH]O[O](1537)
    [CH2]C(C)C([O])O[O](1538)
    [CH2]C(C)O[CH]O[O](1539)
    CC1CC(O[O])O1(1540)
    CC1COC1O[O](1541)
    [CH2]C(C)OOC=O(1542)
    C[CH]COOC=O(1543)
    C=CCOCO[O](1544)
    C=CCC(O)O[O](1545)
    CCCCCCC[CH]CC([O])O[O](1546)
    CCCCCCC[CH]CO[CH]O[O](1547)
    [CH2]C(CCCCCCC)C([O])O[O](1548)
    [CH2]C(CCCCCCC)O[CH]O[O](1549)
    CCCCCCCC1CC(O[O])O1(1550)
    CCCCCCCC1COC1O[O](1551)
    [CH2]C(CCCCCCC)OOC=O(1552)
    CCCCCCC[CH]COOC=O(1553)
    CCCCCCC=CCOCO[O](1554)
    CCCCCCC=CCC(O)O[O](1555)
    CCCC[CH]CC([O])O[O](1556)
    CCCC[CH]CO[CH]O[O](1557)
    [CH2]C(CCCC)C([O])O[O](1558)
    [CH2]C(CCCC)O[CH]O[O](1559)
    CCCCC1CC(O[O])O1(1560)
    CCCCC1COC1O[O](1561)
    [CH2]C(CCCC)OOC=O(1562)
    CCCC[CH]COOC=O(1563)
    CCCC=CCOCO[O](1564)
    CCCC=CCC(O)O[O](1565)
    CCCCC[CH]CC([O])O[O](1566)
    CCCCC[CH]CO[CH]O[O](1567)
    [CH2]C(CCCCC)C([O])O[O](1568)
    [CH2]C(CCCCC)O[CH]O[O](1569)
    CCCCCC1CC(O[O])O1(1570)
    CCCCCC1COC1O[O](1571)
    [CH2]C(CCCCC)OOC=O(1572)
    CCCCC[CH]COOC=O(1573)
    CCCCC=CCOCO[O](1574)
    CCCCC=CCC(O)O[O](1575)
    [CH2][CH]CC([O])O[O](1576)
    [CH2][CH]CO[CH]O[O](1577)
    [CH2]C([CH2])C([O])O[O](1578)
    [CH2]C([CH2])O[CH]O[O](1579)
    [CH2]C1CC(O[O])O1(1580)
    [CH2]C1COC1O[O](1581)
    [CH2]C([CH2])OOC=O(1582)
    [CH2][CH]COOC=O(1583)
    C=CCO[CH]O[O](1584)
    C=CCC([O])O[O](1585)
    C=CCOOC=O(1586)
    CC[CH]CC([O])O[O](1587)
    CC[CH]CO[CH]O[O](1588)
    [CH2]C(CC)C([O])O[O](1589)
    [CH2]C(CC)O[CH]O[O](1590)
    CCC1CC(O[O])O1(1591)
    CCC1COC1O[O](1592)
    [CH2]C(CC)OOC=O(1593)
    CC[CH]COOC=O(1594)
    CC=CCOCO[O](1595)
    CC=CCC(O)O[O](1596)
Added 0 new core reactions
Created 297 new edge reactions
    O(4) + [O]C=O(103) <=> [O]OC=O(106)
    [O]OC=O(106) <=> [CH]1OOO1(1480)
    [O]OC=O(106) <=> [O]C1OO1(1481)
    H(3) + CO3t2(231) <=> [O]OC=O(106)
    O=[C]OO(234) <=> [O]OC=O(106)
    H(3) + [O]O[CH]O(1482) <=> H2(6) + [O]OC=O(106)
    H(3) + [O]CO[O](110) <=> H2(6) + [O]OC=O(106)
    H(3) + O=COO(268) <=> H2(6) + [O]OC=O(106)
    OH(5) + [O]O[CH]O(1482) <=> H2O(7) + [O]OC=O(106)
    OH(5) + [O]CO[O](110) <=> H2O(7) + [O]OC=O(106)
    OH(5) + O=COO(268) <=> H2O(7) + [O]OC=O(106)
    O2(2) + [O]O[CH]O(1482) <=> HO2(10) + [O]OC=O(106)
    O2(2) + [O]CO[O](110) <=> HO2(10) + [O]OC=O(106)
    [O]OC(O)O[O](1483) <=> HO2(10) + [O]OC=O(106)
    HO2(10) + [O]OC=O(106) <=> O2(2) + O=COO(268)
    H2O2(11) + CO3t2(231) <=> HO2(10) + [O]OC=O(106)
    HO2(10) + [O]OC=O(106) <=> [O]O[CH]OOO(1484)
    HO2(10) + [O]OC=O(106) <=> [O]OC([O])OO(1485)
    HO2(10) + [O]OC=O(106) <=> O=COOOO(1486)
    HO2(10) + [O]O[CH]O(1482) <=> H2O2(11) + [O]OC=O(106)
    HO2(10) + [O]CO[O](110) <=> H2O2(11) + [O]OC=O(106)
    HO2(10) + O=COO(268) <=> H2O2(11) + [O]OC=O(106)
    CO(12) + [O]OC=O(106) <=> [O]OC(=O)C=O(1487)
    CO3t2(231) + HCO(14) <=> CO(12) + [O]OC=O(106)
    CO(12) + [O]OC=O(106) <=> O=[C]OOC=O(1488)
    [O]OC([O])C([O])=O(1489) <=> CO2(13) + [O]OC=O(106)
    [O]O[CH]OC([O])=O(1490) <=> CO2(13) + [O]OC=O(106)
    [O]OC([O])O[C]=O(1491) <=> CO2(13) + [O]OC=O(106)
    [O]O[CH]OO[C]=O(1492) <=> CO2(13) + [O]OC=O(106)
    CO3t2(231) + HOCO(102) <=> CO2(13) + [O]OC=O(106)
    CO3t2(231) + [O]C=O(103) <=> CO2(13) + [O]OC=O(106)
    CO2(13) + [O]OC=O(106) <=> O=[C]OOOC=O(1493)
    CO2(13) + [O]OC=O(106) <=> [O]C(=O)OOC=O(1494)
    [O]CC([O])O[O](1495) <=> [O]OC=O(106) + CH2O(19)
    [O]CO[CH]O[O](1496) <=> [O]OC=O(106) + CH2O(19)
    [CH2]OC([O])O[O](1497) <=> [O]OC=O(106) + CH2O(19)
    [CH2]OO[CH]O[O](1498) <=> [O]OC=O(106) + CH2O(19)
    [O]OC=O(106) + CH2O(19) <=> [O]OC1COO1(1499)
    [O]OC=O(106) + CH2O(19) <=> [O]OC1OCO1(1500)
    HCO(14) + [O]O[CH]O(1482) <=> [O]OC=O(106) + CH2O(19)
    HCO(14) + [O]CO[O](110) <=> [O]OC=O(106) + CH2O(19)
    CO3t2(231) + CH2OH(34) <=> [O]OC=O(106) + CH2O(19)
    CO3t2(231) + CH3O(27) <=> [O]OC=O(106) + CH2O(19)
    [O]OC=O(106) + CH2O(19) <=> HCO(14) + O=COO(268)
    [O]OC=O(106) + CH2O(19) <=> [CH2]OOOC=O(1501)
    [O]OC=O(106) + CH2O(19) <=> [O]COOC=O(1502)
    [CH]=CC([O])O[O](1503) <=> [O]OC=O(106) + C2H2(22)
    [CH]=CO[CH]O[O](1504) <=> [O]OC=O(106) + C2H2(22)
    [O]O[CH]O(1482) + C2H(21) <=> [O]OC=O(106) + C2H2(22)
    [O]CO[O](110) + C2H(21) <=> [O]OC=O(106) + C2H2(22)
    CO3t2(231) + C2H3(29) <=> [O]OC=O(106) + C2H2(22)
    O=COO(268) + C2H(21) <=> [O]OC=O(106) + C2H2(22)
    [O]OC=O(106) + C2H2(22) <=> [CH]=COOC=O(1505)
    C=C([O])C([O])O[O](1506) <=> [O]OC=O(106) + CH2CO(28)
    C=C([O])O[CH]O[O](1507) <=> [O]OC=O(106) + CH2CO(28)
    C=[C]OC([O])O[O](1508) <=> [O]OC=O(106) + CH2CO(28)
    C=[C]OO[CH]O[O](1509) <=> [O]OC=O(106) + CH2CO(28)
    [O]OC([O])C[C]=O(1510) <=> [O]OC=O(106) + CH2CO(28)
    [O]O[CH]OC[C]=O(1511) <=> [O]OC=O(106) + CH2CO(28)
    [O]OC=O(106) + CH2CO(28) <=> [O]OC1CC(=O)O1(1512)
    [O]OC=O(106) + CH2CO(28) <=> [O]OC1OCC1=O(1513)
    [O]O[CH]O(1482) + HCCO(20) <=> [O]OC=O(106) + CH2CO(28)
    [O]CO[O](110) + HCCO(20) <=> [O]OC=O(106) + CH2CO(28)
    CO3t2(231) + C=[C]O(69) <=> [O]OC=O(106) + CH2CO(28)
    CO3t2(231) + CH3CO(35) <=> [O]OC=O(106) + CH2CO(28)
    CO3t2(231) + CH2CHO(36) <=> [O]OC=O(106) + CH2CO(28)
    O=COO(268) + HCCO(20) <=> [O]OC=O(106) + CH2CO(28)
    [O]OC=O(106) + CH2CO(28) <=> C=[C]OOOC=O(1514)
    [O]OC=O(106) + CH2CO(28) <=> O=[C]COOC=O(1515)
    [O]OC=O(106) + CH2CO(28) <=> C=C([O])OOC=O(1516)
    C#COOCO[O](1517) <=> [O]OC=O(106) + CH2CO(28)
    C#COC(O)O[O](1518) <=> [O]OC=O(106) + CH2CO(28)
    [CH2]CC([O])O[O](1519) <=> [O]OC=O(106) + C2H4(30)
    [CH2]CO[CH]O[O](1520) <=> [O]OC=O(106) + C2H4(30)
    [O]OC=O(106) + C2H4(30) <=> [O]OC1CCO1(1521)
    [O]OC=O(106) + C2H4(30) <=> [O]OC1CCO1(1521)
    [O]O[CH]O(1482) + C2H3(29) <=> [O]OC=O(106) + C2H4(30)
    [O]CO[O](110) + C2H3(29) <=> [O]OC=O(106) + C2H4(30)
    CO3t2(231) + C2H5(33) <=> [O]OC=O(106) + C2H4(30)
    O=COO(268) + C2H3(29) <=> [O]OC=O(106) + C2H4(30)
    [O]OC=O(106) + C2H4(30) <=> [CH2]COOC=O(1522)
    [O]O[CH]O(1482) + CH3(18) <=> [O]OC=O(106) + CH4(31)
    [O]CO[O](110) + CH3(18) <=> [O]OC=O(106) + CH4(31)
    [O]OC=O(106) + CH4(31) <=> O=COO(268) + CH3(18)
    [O]O[CH]O(1482) + C2H5(33) <=> [O]OC=O(106) + C2H6(32)
    [O]CO[O](110) + C2H5(33) <=> [O]OC=O(106) + C2H6(32)
    [O]OC=O(106) + C2H6(32) <=> O=COO(268) + C2H5(33)
    CC([O])C([O])O[O](1523) <=> [O]OC=O(106) + CH3CHO(37)
    CC([O])O[CH]O[O](1524) <=> [O]OC=O(106) + CH3CHO(37)
    C[CH]OC([O])O[O](1525) <=> [O]OC=O(106) + CH3CHO(37)
    C[CH]OO[CH]O[O](1526) <=> [O]OC=O(106) + CH3CHO(37)
    [O]OC=O(106) + CH3CHO(37) <=> CC1OOC1O[O](1527)
    [O]OC=O(106) + CH3CHO(37) <=> CC1OC(O[O])O1(1528)
    [O]O[CH]O(1482) + CH2CHO(36) <=> [O]OC=O(106) + CH3CHO(37)
    [O]CO[O](110) + CH2CHO(36) <=> [O]OC=O(106) + CH3CHO(37)
    [O]O[CH]O(1482) + CH3CO(35) <=> [O]OC=O(106) + CH3CHO(37)
    [O]CO[O](110) + CH3CO(35) <=> [O]OC=O(106) + CH3CHO(37)
    CO3t2(231) + CH3CHOH(133) <=> [O]OC=O(106) + CH3CHO(37)
    CO3t2(231) + CH3CH2O(134) <=> [O]OC=O(106) + CH3CHO(37)
    [O]OC=O(106) + CH3CHO(37) <=> O=COO(268) + CH2CHO(36)
    [O]OC=O(106) + CH3CHO(37) <=> O=COO(268) + CH3CO(35)
    [O]OC=O(106) + CH3CHO(37) <=> C[CH]OOOC=O(1529)
    [O]OC=O(106) + CH3CHO(37) <=> CC([O])OOC=O(1530)
    C=COOCO[O](1531) <=> [O]OC=O(106) + CH3CHO(37)
    C=COC(O)O[O](1532) <=> [O]OC=O(106) + CH3CHO(37)
    [O]O[CH]O(1482) + CCCC[CH]CCCCCCC(43) <=> [O]OC=O(106) + C12H24(1)
    [O]CO[O](110) + CCCC[CH]CCCCCCC(43) <=> [O]OC=O(106) + C12H24(1)
    [O]O[CH]O(1482) + CCCCC[CH]CCCCCC(45) <=> [O]OC=O(106) + C12H24(1)
    [O]CO[O](110) + CCCCC[CH]CCCCCC(45) <=> [O]OC=O(106) + C12H24(1)
    [O]O[CH]O(1482) + CCC[CH]CCCCCCCC(48) <=> [O]OC=O(106) + C12H24(1)
    [O]CO[O](110) + CCC[CH]CCCCCCCC(48) <=> [O]OC=O(106) + C12H24(1)
    [O]O[CH]O(1482) + CC[CH]CCCCCCCCC(50) <=> [O]OC=O(106) + C12H24(1)
    [O]CO[O](110) + CC[CH]CCCCCCCCC(50) <=> [O]OC=O(106) + C12H24(1)
    [O]O[CH]O(1482) + C[CH]CCCCCCCCCC(52) <=> [O]OC=O(106) + C12H24(1)
    [O]CO[O](110) + C[CH]CCCCCCCCCC(52) <=> [O]OC=O(106) + C12H24(1)
    [O]O[CH]O(1482) + [CH2]CCCCCCCCCCC(53) <=> [O]OC=O(106) + C12H24(1)
    [O]CO[O](110) + [CH2]CCCCCCCCCCC(53) <=> [O]OC=O(106) + C12H24(1)
    [O]OC=O(106) + C12H24(1) <=> O=COO(268) + CCCC[CH]CCCCCCC(43)
    [O]OC=O(106) + C12H24(1) <=> O=COO(268) + CCCCC[CH]CCCCCC(45)
    [O]OC=O(106) + C12H24(1) <=> O=COO(268) + CCC[CH]CCCCCCCC(48)
    [O]OC=O(106) + C12H24(1) <=> O=COO(268) + CC[CH]CCCCCCCCC(50)
    [O]OC=O(106) + C12H24(1) <=> O=COO(268) + C[CH]CCCCCCCCCC(52)
    O=COO(268) + [CH2]CCCCCCCCCCC(53) <=> [O]OC=O(106) + C12H24(1)
    HO2(10) + CO3t2(231) <=> O2(2) + [O]OC=O(106)
    O2(2) + [O]OC=O(106) <=> [O]O[CH]OO[O](1533)
    O2(2) + [O]OC=O(106) <=> [O]OC([O])O[O](1534)
    O2(2) + [O]OC=O(106) <=> [O]OOOC=O(1535)
    C[CH]CC([O])O[O](1536) <=> [O]OC=O(106) + C=CC(158)
    C[CH]CO[CH]O[O](1537) <=> [O]OC=O(106) + C=CC(158)
    [CH2]C(C)C([O])O[O](1538) <=> [O]OC=O(106) + C=CC(158)
    [CH2]C(C)O[CH]O[O](1539) <=> [O]OC=O(106) + C=CC(158)
    [O]OC=O(106) + C=CC(158) <=> CC1CC(O[O])O1(1540)
    [O]OC=O(106) + C=CC(158) <=> CC1COC1O[O](1541)
    [O]O[CH]O(1482) + [CH2]C=C(643) <=> [O]OC=O(106) + C=CC(158)
    [O]CO[O](110) + [CH2]C=C(643) <=> [O]OC=O(106) + C=CC(158)
    [O]O[CH]O(1482) + C=[C]C(644) <=> [O]OC=O(106) + C=CC(158)
    [O]CO[O](110) + C=[C]C(644) <=> [O]OC=O(106) + C=CC(158)
    [O]O[CH]O(1482) + [CH]=CC(374) <=> [O]OC=O(106) + C=CC(158)
    [O]CO[O](110) + [CH]=CC(374) <=> [O]OC=O(106) + C=CC(158)
    CO3t2(231) + [CH2]CC(47) <=> [O]OC=O(106) + C=CC(158)
    CO3t2(231) + C[CH]C(160) <=> [O]OC=O(106) + C=CC(158)
    [O]OC=O(106) + C=CC(158) <=> O=COO(268) + [CH2]C=C(643)
    O=COO(268) + C=[C]C(644) <=> [O]OC=O(106) + C=CC(158)
    O=COO(268) + [CH]=CC(374) <=> [O]OC=O(106) + C=CC(158)
    [O]OC=O(106) + C=CC(158) <=> [CH2]C(C)OOC=O(1542)
    [O]OC=O(106) + C=CC(158) <=> C[CH]COOC=O(1543)
    C=CCOCO[O](1544) <=> [O]OC=O(106) + C=CC(158)
    C=CCC(O)O[O](1545) <=> [O]OC=O(106) + C=CC(158)
    CCCCCCC[CH]CC([O])O[O](1546) <=> [O]OC=O(106) + C=CCCCCCCC(138)
    CCCCCCC[CH]CO[CH]O[O](1547) <=> [O]OC=O(106) + C=CCCCCCCC(138)
    [CH2]C(CCCCCCC)C([O])O[O](1548) <=> [O]OC=O(106) + C=CCCCCCCC(138)
    [CH2]C(CCCCCCC)O[CH]O[O](1549) <=> [O]OC=O(106) + C=CCCCCCCC(138)
    [O]OC=O(106) + C=CCCCCCCC(138) <=> CCCCCCCC1CC(O[O])O1(1550)
    [O]OC=O(106) + C=CCCCCCCC(138) <=> CCCCCCCC1COC1O[O](1551)
    [O]O[CH]O(1482) + C=CC[CH]CCCCC(872) <=> [O]OC=O(106) + C=CCCCCCCC(138)
    [O]CO[O](110) + C=CC[CH]CCCCC(872) <=> [O]OC=O(106) + C=CCCCCCCC(138)
    [O]O[CH]O(1482) + C=CCC[CH]CCCC(867) <=> [O]OC=O(106) + C=CCCCCCCC(138)
    [O]CO[O](110) + C=CCC[CH]CCCC(867) <=> [O]OC=O(106) + C=CCCCCCCC(138)
    [O]O[CH]O(1482) + C=CCCC[CH]CCC(869) <=> [O]OC=O(106) + C=CCCCCCCC(138)
    [O]CO[O](110) + C=CCCC[CH]CCC(869) <=> [O]OC=O(106) + C=CCCCCCCC(138)
    [O]O[CH]O(1482) + C=CCCCC[CH]CC(871) <=> [O]OC=O(106) + C=CCCCCCCC(138)
    [O]CO[O](110) + C=CCCCC[CH]CC(871) <=> [O]OC=O(106) + C=CCCCCCCC(138)
    [O]O[CH]O(1482) + C=CCCCCC[CH]C(874) <=> [O]OC=O(106) + C=CCCCCCCC(138)
    [O]CO[O](110) + C=CCCCCC[CH]C(874) <=> [O]OC=O(106) + C=CCCCCCCC(138)
    [O]O[CH]O(1482) + C=C[CH]CCCCCC(875) <=> [O]OC=O(106) + C=CCCCCCCC(138)
    [O]CO[O](110) + C=C[CH]CCCCCC(875) <=> [O]OC=O(106) + C=CCCCCCCC(138)
    [O]O[CH]O(1482) + [CH2]CCCCCCC=C(876) <=> [O]OC=O(106) + C=CCCCCCCC(138)
    [O]CO[O](110) + [CH2]CCCCCCC=C(876) <=> [O]OC=O(106) + C=CCCCCCCC(138)
    [O]O[CH]O(1482) + C=[C]CCCCCCC(877) <=> [O]OC=O(106) + C=CCCCCCCC(138)
    [O]CO[O](110) + C=[C]CCCCCCC(877) <=> [O]OC=O(106) + C=CCCCCCCC(138)
    [O]O[CH]O(1482) + [CH]=CCCCCCCC(585) <=> [O]OC=O(106) + C=CCCCCCCC(138)
    [O]CO[O](110) + [CH]=CCCCCCCC(585) <=> [O]OC=O(106) + C=CCCCCCCC(138)
    CO3t2(231) + [CH2]CCCCCCCC(46) <=> [O]OC=O(106) + C=CCCCCCCC(138)
    CO3t2(231) + C[CH]CCCCCCC(153) <=> [O]OC=O(106) + C=CCCCCCCC(138)
    [O]OC=O(106) + C=CCCCCCCC(138) <=> O=COO(268) + C=CCC[CH]CCCC(867)
    [O]OC=O(106) + C=CCCCCCCC(138) <=> O=COO(268) + C=CCCC[CH]CCC(869)
    [O]OC=O(106) + C=CCCCCCCC(138) <=> O=COO(268) + C=CCCCC[CH]CC(871)
    [O]OC=O(106) + C=CCCCCCCC(138) <=> O=COO(268) + C=CC[CH]CCCCC(872)
    [O]OC=O(106) + C=CCCCCCCC(138) <=> O=COO(268) + C=CCCCCC[CH]C(874)
    [O]OC=O(106) + C=CCCCCCCC(138) <=> O=COO(268) + C=C[CH]CCCCCC(875)
    O=COO(268) + [CH2]CCCCCCC=C(876) <=> [O]OC=O(106) + C=CCCCCCCC(138)
    O=COO(268) + C=[C]CCCCCCC(877) <=> [O]OC=O(106) + C=CCCCCCCC(138)
    O=COO(268) + [CH]=CCCCCCCC(585) <=> [O]OC=O(106) + C=CCCCCCCC(138)
    [O]OC=O(106) + C=CCCCCCCC(138) <=> [CH2]C(CCCCCCC)OOC=O(1552)
    [O]OC=O(106) + C=CCCCCCCC(138) <=> CCCCCCC[CH]COOC=O(1553)
    CCCCCCC=CCOCO[O](1554) <=> [O]OC=O(106) + C=CCCCCCCC(138)
    CCCCCCC=CCC(O)O[O](1555) <=> [O]OC=O(106) + C=CCCCCCCC(138)
    CCCC[CH]CC([O])O[O](1556) <=> [O]OC=O(106) + C=CCCCC(514)
    CCCC[CH]CO[CH]O[O](1557) <=> [O]OC=O(106) + C=CCCCC(514)
    [CH2]C(CCCC)C([O])O[O](1558) <=> [O]OC=O(106) + C=CCCCC(514)
    [CH2]C(CCCC)O[CH]O[O](1559) <=> [O]OC=O(106) + C=CCCCC(514)
    [O]OC=O(106) + C=CCCCC(514) <=> CCCCC1CC(O[O])O1(1560)
    [O]OC=O(106) + C=CCCCC(514) <=> CCCCC1COC1O[O](1561)
    [O]O[CH]O(1482) + C=CC[CH]CC(996) <=> [O]OC=O(106) + C=CCCCC(514)
    [O]CO[O](110) + C=CC[CH]CC(996) <=> [O]OC=O(106) + C=CCCCC(514)
    [O]O[CH]O(1482) + C=CCC[CH]C(997) <=> [O]OC=O(106) + C=CCCCC(514)
    [O]CO[O](110) + C=CCC[CH]C(997) <=> [O]OC=O(106) + C=CCCCC(514)
    [O]O[CH]O(1482) + C=C[CH]CCC(998) <=> [O]OC=O(106) + C=CCCCC(514)
    [O]CO[O](110) + C=C[CH]CCC(998) <=> [O]OC=O(106) + C=CCCCC(514)
    [O]O[CH]O(1482) + [CH2]CCCC=C(868) <=> [O]OC=O(106) + C=CCCCC(514)
    [O]CO[O](110) + [CH2]CCCC=C(868) <=> [O]OC=O(106) + C=CCCCC(514)
    [O]O[CH]O(1482) + C=[C]CCCC(999) <=> [O]OC=O(106) + C=CCCCC(514)
    [O]CO[O](110) + C=[C]CCCC(999) <=> [O]OC=O(106) + C=CCCCC(514)
    [O]O[CH]O(1482) + [CH]=CCCCC(500) <=> [O]OC=O(106) + C=CCCCC(514)
    [O]CO[O](110) + [CH]=CCCCC(500) <=> [O]OC=O(106) + C=CCCCC(514)
    CO3t2(231) + [CH2]CCCCC(44) <=> [O]OC=O(106) + C=CCCCC(514)
    CO3t2(231) + C[CH]CCCC(519) <=> [O]OC=O(106) + C=CCCCC(514)
    [O]OC=O(106) + C=CCCCC(514) <=> O=COO(268) + C=CC[CH]CC(996)
    [O]OC=O(106) + C=CCCCC(514) <=> O=COO(268) + C=CCC[CH]C(997)
    [O]OC=O(106) + C=CCCCC(514) <=> O=COO(268) + C=C[CH]CCC(998)
    O=COO(268) + [CH2]CCCC=C(868) <=> [O]OC=O(106) + C=CCCCC(514)
    O=COO(268) + C=[C]CCCC(999) <=> [O]OC=O(106) + C=CCCCC(514)
    O=COO(268) + [CH]=CCCCC(500) <=> [O]OC=O(106) + C=CCCCC(514)
    [O]OC=O(106) + C=CCCCC(514) <=> [CH2]C(CCCC)OOC=O(1562)
    [O]OC=O(106) + C=CCCCC(514) <=> CCCC[CH]COOC=O(1563)
    CCCC=CCOCO[O](1564) <=> [O]OC=O(106) + C=CCCCC(514)
    CCCC=CCC(O)O[O](1565) <=> [O]OC=O(106) + C=CCCCC(514)
    CCCCC[CH]CC([O])O[O](1566) <=> [O]OC=O(106) + C=CCCCCC(546)
    CCCCC[CH]CO[CH]O[O](1567) <=> [O]OC=O(106) + C=CCCCCC(546)
    [CH2]C(CCCCC)C([O])O[O](1568) <=> [O]OC=O(106) + C=CCCCCC(546)
    [CH2]C(CCCCC)O[CH]O[O](1569) <=> [O]OC=O(106) + C=CCCCCC(546)
    [O]OC=O(106) + C=CCCCCC(546) <=> CCCCCC1CC(O[O])O1(1570)
    [O]OC=O(106) + C=CCCCCC(546) <=> CCCCCC1COC1O[O](1571)
    [O]O[CH]O(1482) + C=CC[CH]CCC(1117) <=> [O]OC=O(106) + C=CCCCCC(546)
    [O]CO[O](110) + C=CC[CH]CCC(1117) <=> [O]OC=O(106) + C=CCCCCC(546)
    [O]O[CH]O(1482) + C=CCC[CH]CC(1116) <=> [O]OC=O(106) + C=CCCCCC(546)
    [O]CO[O](110) + C=CCC[CH]CC(1116) <=> [O]OC=O(106) + C=CCCCCC(546)
    [O]O[CH]O(1482) + C=CCCC[CH]C(1118) <=> [O]OC=O(106) + C=CCCCCC(546)
    [O]CO[O](110) + C=CCCC[CH]C(1118) <=> [O]OC=O(106) + C=CCCCCC(546)
    [O]O[CH]O(1482) + C=C[CH]CCCC(1119) <=> [O]OC=O(106) + C=CCCCCC(546)
    [O]CO[O](110) + C=C[CH]CCCC(1119) <=> [O]OC=O(106) + C=CCCCCC(546)
    [O]O[CH]O(1482) + [CH2]CCCCC=C(870) <=> [O]OC=O(106) + C=CCCCCC(546)
    [O]CO[O](110) + [CH2]CCCCC=C(870) <=> [O]OC=O(106) + C=CCCCCC(546)
    [O]O[CH]O(1482) + C=[C]CCCCC(1120) <=> [O]OC=O(106) + C=CCCCCC(546)
    [O]CO[O](110) + C=[C]CCCCC(1120) <=> [O]OC=O(106) + C=CCCCCC(546)
    [O]O[CH]O(1482) + [CH]=CCCCCC(1121) <=> [O]OC=O(106) + C=CCCCCC(546)
    [O]CO[O](110) + [CH]=CCCCCC(1121) <=> [O]OC=O(106) + C=CCCCCC(546)
    CO3t2(231) + [CH2]CCCCCC(40) <=> [O]OC=O(106) + C=CCCCCC(546)
    CO3t2(231) + C[CH]CCCCC(552) <=> [O]OC=O(106) + C=CCCCCC(546)
    [O]OC=O(106) + C=CCCCCC(546) <=> O=COO(268) + C=CCC[CH]CC(1116)
    [O]OC=O(106) + C=CCCCCC(546) <=> O=COO(268) + C=CC[CH]CCC(1117)
    [O]OC=O(106) + C=CCCCCC(546) <=> O=COO(268) + C=CCCC[CH]C(1118)
    [O]OC=O(106) + C=CCCCCC(546) <=> O=COO(268) + C=C[CH]CCCC(1119)
    O=COO(268) + [CH2]CCCCC=C(870) <=> [O]OC=O(106) + C=CCCCCC(546)
    O=COO(268) + C=[C]CCCCC(1120) <=> [O]OC=O(106) + C=CCCCCC(546)
    O=COO(268) + [CH]=CCCCCC(1121) <=> [O]OC=O(106) + C=CCCCCC(546)
    [O]OC=O(106) + C=CCCCCC(546) <=> [CH2]C(CCCCC)OOC=O(1572)
    [O]OC=O(106) + C=CCCCCC(546) <=> CCCCC[CH]COOC=O(1573)
    CCCCC=CCOCO[O](1574) <=> [O]OC=O(106) + C=CCCCCC(546)
    CCCCC=CCC(O)O[O](1575) <=> [O]OC=O(106) + C=CCCCCC(546)
    [CH2][CH]CC([O])O[O](1576) <=> [O]OC=O(106) + [CH2]C=C(643)
    [CH2][CH]CO[CH]O[O](1577) <=> [O]OC=O(106) + [CH2]C=C(643)
    [CH2]C([CH2])C([O])O[O](1578) <=> [O]OC=O(106) + [CH2]C=C(643)
    [CH2]C([CH2])O[CH]O[O](1579) <=> [O]OC=O(106) + [CH2]C=C(643)
    [O]OC=O(106) + [CH2]C=C(643) <=> [CH2]C1CC(O[O])O1(1580)
    [O]OC=O(106) + [CH2]C=C(643) <=> [CH2]C1COC1O[O](1581)
    [O]OC=O(106) + [CH2]C=C(643) <=> O=COO(268) + C=C=C(1236)
    [O]O[CH]O(1482) + [CH]C=C(1234) <=> [O]OC=O(106) + [CH2]C=C(643)
    [O]CO[O](110) + [CH]C=C(1234) <=> [O]OC=O(106) + [CH2]C=C(643)
    [O]O[CH]O(1482) + [CH2][C]=C(1237) <=> [O]OC=O(106) + [CH2]C=C(643)
    [O]CO[O](110) + [CH2][C]=C(1237) <=> [O]OC=O(106) + [CH2]C=C(643)
    [O]O[CH]O(1482) + [CH]C=C(1234) <=> [O]OC=O(106) + [CH2]C=C(643)
    [O]CO[O](110) + [CH]C=C(1234) <=> [O]OC=O(106) + [CH2]C=C(643)
    CO3t2(231) + [CH2]C[CH2](146) <=> [O]OC=O(106) + [CH2]C=C(643)
    CO3t2(231) + [CH2][CH]C(159) <=> [O]OC=O(106) + [CH2]C=C(643)
    O=COO(268) + [CH]C=C(1234) <=> [O]OC=O(106) + [CH2]C=C(643)
    O=COO(268) + [CH]C=C(1234) <=> [O]OC=O(106) + [CH2]C=C(643)
    CO3t2(231) + C=CC(158) <=> [O]OC=O(106) + [CH2]C=C(643)
    [O]OC=O(106) + [CH2]C=C(643) <=> [CH2]C([CH2])OOC=O(1582)
    [O]OC=O(106) + [CH2]C=C(643) <=> [CH2][CH]COOC=O(1583)
    [O]OC=O(106) + [CH2]C=C(643) <=> C=CCO[CH]O[O](1584)
    [O]OC=O(106) + [CH2]C=C(643) <=> C=CCC([O])O[O](1585)
    [O]OC=O(106) + [CH2]C=C(643) <=> C=CCOOC=O(1586)
    CC[CH]CC([O])O[O](1587) <=> [O]OC=O(106) + C=CCC(466)
    CC[CH]CO[CH]O[O](1588) <=> [O]OC=O(106) + C=CCC(466)
    [CH2]C(CC)C([O])O[O](1589) <=> [O]OC=O(106) + C=CCC(466)
    [CH2]C(CC)O[CH]O[O](1590) <=> [O]OC=O(106) + C=CCC(466)
    [O]OC=O(106) + C=CCC(466) <=> CCC1CC(O[O])O1(1591)
    [O]OC=O(106) + C=CCC(466) <=> CCC1COC1O[O](1592)
    [O]O[CH]O(1482) + C=C[CH]C(1344) <=> [O]OC=O(106) + C=CCC(466)
    [O]CO[O](110) + C=C[CH]C(1344) <=> [O]OC=O(106) + C=CCC(466)
    [O]O[CH]O(1482) + [CH2]CC=C(538) <=> [O]OC=O(106) + C=CCC(466)
    [O]CO[O](110) + [CH2]CC=C(538) <=> [O]OC=O(106) + C=CCC(466)
    [O]O[CH]O(1482) + C=[C]CC(1345) <=> [O]OC=O(106) + C=CCC(466)
    [O]CO[O](110) + C=[C]CC(1345) <=> [O]OC=O(106) + C=CCC(466)
    [O]O[CH]O(1482) + [CH]=CCC(1346) <=> [O]OC=O(106) + C=CCC(466)
    [O]CO[O](110) + [CH]=CCC(1346) <=> [O]OC=O(106) + C=CCC(466)
    CO3t2(231) + [CH2]CCC(41) <=> [O]OC=O(106) + C=CCC(466)
    CO3t2(231) + C[CH]CC(469) <=> [O]OC=O(106) + C=CCC(466)
    [O]OC=O(106) + C=CCC(466) <=> O=COO(268) + C=C[CH]C(1344)
    O=COO(268) + [CH2]CC=C(538) <=> [O]OC=O(106) + C=CCC(466)
    O=COO(268) + C=[C]CC(1345) <=> [O]OC=O(106) + C=CCC(466)
    O=COO(268) + [CH]=CCC(1346) <=> [O]OC=O(106) + C=CCC(466)
    [O]OC=O(106) + C=CCC(466) <=> [CH2]C(CC)OOC=O(1593)
    [O]OC=O(106) + C=CCC(466) <=> CC[CH]COOC=O(1594)
    CC=CCOCO[O](1595) <=> [O]OC=O(106) + C=CCC(466)
    CC=CCC(O)O[O](1596) <=> [O]OC=O(106) + C=CCC(466)

After model enlargement:
    The model core has 61 species and 718 reactions
    The model edge has 1535 species and 4833 reactions


Saving current model core to Chemkin file...
Chemkin file contains 725 reactions.
Saving annotated version of Chemkin file...
Chemkin file contains 725 reactions.
Saving current model core and edge to Chemkin file...
Chemkin file contains 5558 reactions.
Saving annotated version of Chemkin file...
Chemkin file contains 5558 reactions.
Saving current model core to HTML file...
Saving current model edge to HTML file...
Updating RMG execution statistics...
    Execution time (DD:HH:MM:SS): 00:00:02:30
    Memory used: 933.11 MB

Making seed mechanism...
Conducting simulation of reaction system 1...
At time 1.4681e-05 s, species C[CH]C(160) at 0.10026415987603653 exceeded the minimum rate for simulation interruption of 0.1
At time 1.4681e-05 s, species C[CH]C(160) at rate ratio 0.10026415987603653 exceeded the minimum rate for moving to model core of 0.1
terminating simulation due to interrupt...


Adding species C[CH]C(160) to model core

Summary of Model Enlargement
---------------------------------
Added 1 new core species
    C[CH]C(160)
Created 0 new edge species
Moved 23 reactions from edge to core
    C[CH]C(160) <=> [CH2]CC(47)
    H(3) + C=CC(158) <=> C[CH]C(160)
    O(4) + C[CH]C(160) <=> OH(5) + C=CC(158)
    H(3) + C[CH]C(160) <=> H2(6) + C=CC(158)
    OH(5) + C[CH]C(160) <=> H2O(7) + C=CC(158)
    O2(2) + C[CH]C(160) <=> HO2(10) + C=CC(158)
    HO2(10) + C[CH]C(160) <=> H2O2(11) + C=CC(158)
    CH2(T)(17) + C[CH]C(160) <=> CH3(18) + C=CC(158)
    HCO(14) + C[CH]C(160) <=> CH2O(19) + C=CC(158)
    C2H(21) + C[CH]C(160) <=> C2H2(22) + C=CC(158)
    CH2OH(34) + C[CH]C(160) <=> CH3OH(26) + C=CC(158)
    CH3O(27) + C[CH]C(160) <=> CH3OH(26) + C=CC(158)
    HCCO(20) + C[CH]C(160) <=> CH2CO(28) + C=CC(158)
    C2H3(29) + C[CH]C(160) <=> C2H4(30) + C=CC(158)
    CH3(18) + C[CH]C(160) <=> CH4(31) + C=CC(158)
    C2H5(33) + C[CH]C(160) <=> C2H6(32) + C=CC(158)
    CH2CHO(36) + C[CH]C(160) <=> CH3CHO(37) + C=CC(158)
    CH3CO(35) + C[CH]C(160) <=> CH3CHO(37) + C=CC(158)
    C[CH]C(160) + CCCC[CH]CCCCCCC(43) <=> C=CC(158) + C12H24(1)
    C[CH]C(160) + CCCCC[CH]CCCCCC(45) <=> C=CC(158) + C12H24(1)
    C[CH]C(160) + C[CH]CCCCCCCCCC(52) <=> C=CC(158) + C12H24(1)
    C[CH]C(160) + [CH2]CCCCCCCCCCC(53) <=> C=CC(158) + C12H24(1)
    [CH2]C=C(643) + C[CH]C(160) <=> C=CC(158) + C=CC(158)
Added 0 new core reactions
Created 0 new edge reactions

After model enlargement:
    The model core has 62 species and 741 reactions
    The model edge has 1534 species and 4810 reactions


At time 7.9782e-05 s, reached target termination conversion: 0.900000 of C12H24(1)
    C12H24(1) conversion: 0.9008    

For reaction generation 1 process is used.
Generating thermo for new species...
Generating kinetics for new reactions...

Summary of Secondary Model Edge Enlargement
---------------------------------
Added 0 new core species
Created 1 new edge species
    C[C]C(1597)
Added 0 new core reactions
Created 5 new edge reactions
    CH3(18) + [CH]C(65) <=> C[CH]C(160)
    H(3) + C[C]C(1597) <=> C[CH]C(160)
    H(3) + [CH2][CH]C(159) <=> C[CH]C(160)
    HO2(10) + C[C]C(1597) <=> O2(2) + C[CH]C(160)
    O2(2) + C[CH]C(160) <=> CC(C)O[O](652)

After model enlargement:
    The model core has 62 species and 741 reactions
    The model edge has 1535 species and 4815 reactions


Saving current model core to Chemkin file...
Chemkin file contains 748 reactions.
Saving annotated version of Chemkin file...
Chemkin file contains 748 reactions.
Saving current model core and edge to Chemkin file...
Chemkin file contains 5563 reactions.
Saving annotated version of Chemkin file...
Chemkin file contains 5563 reactions.
Saving current model core to HTML file...
Saving current model edge to HTML file...
Updating RMG execution statistics...
    Execution time (DD:HH:MM:SS): 00:00:02:35
    Memory used: 933.11 MB

Making seed mechanism...
Conducting simulation of reaction system 1...
At time 2.0887e-05 s, species CH2CH2OH(241) at 0.10057735789072152 exceeded the minimum rate for simulation interruption of 0.1
At time 2.0887e-05 s, species CH2CH2OH(241) at rate ratio 0.10057735789072152 exceeded the minimum rate for moving to model core of 0.1
terminating simulation due to interrupt...


Adding species CH2CH2OH(241) to model core

Summary of Model Enlargement
---------------------------------
Added 1 new core species
    CH2CH2OH(241)
Created 0 new edge species
Moved 1 reactions from edge to core
    OH(5) + C2H4(30) <=> CH2CH2OH(241)
Added 0 new core reactions
Created 0 new edge reactions

After model enlargement:
    The model core has 63 species and 742 reactions
    The model edge has 1534 species and 4814 reactions


At time 7.9984e-05 s, reached target termination conversion: 0.900000 of C12H24(1)
    C12H24(1) conversion: 0.9013    

For reaction generation 1 process is used.
Generating thermo for new species...
Generating kinetics for new reactions...

Summary of Secondary Model Edge Enlargement
---------------------------------
Added 0 new core species
Created 2 new edge species
    [CH]CO(1598)
    [O]OCCO(1599)
Added 1 new core reactions
    CH2(T)(17) + CH2OH(34) <=> CH2CH2OH(241)
Created 11 new edge reactions
    H(3) + [CH]CO(1598) <=> CH2CH2OH(241)
    H(3) + C2H3OH(72) <=> CH2CH2OH(241)
    OH(5) + [CH2][CH2](66) <=> CH2CH2OH(241)
    H(3) + [CH2]C[O](71) <=> CH2CH2OH(241)
    H(3) + [CH2][CH]O(126) <=> CH2CH2OH(241)
    CH3CHOH(133) <=> CH2CH2OH(241)
    CH3CH2O(134) <=> CH2CH2OH(241)
    O2(2) + CH2CH2OH(241) <=> HO2(10) + C2H3OH(72)
    HO2(10) + [CH]CO(1598) <=> O2(2) + CH2CH2OH(241)
    HO2(10) + [CH2]C[O](71) <=> O2(2) + CH2CH2OH(241)
    O2(2) + CH2CH2OH(241) <=> [O]OCCO(1599)

After model enlargement:
    The model core has 63 species and 743 reactions
    The model edge has 1536 species and 4825 reactions


Saving current model core to Chemkin file...
Chemkin file contains 750 reactions.
Saving annotated version of Chemkin file...
Chemkin file contains 750 reactions.
Saving current model core and edge to Chemkin file...
Chemkin file contains 5575 reactions.
Saving annotated version of Chemkin file...
Chemkin file contains 5575 reactions.
Saving current model core to HTML file...
Saving current model edge to HTML file...
Updating RMG execution statistics...
    Execution time (DD:HH:MM:SS): 00:00:02:41
    Memory used: 933.11 MB

Making seed mechanism...
Conducting simulation of reaction system 1...
At time 2.0967e-05 s, species C=CO[O](444) at 0.10041610088834553 exceeded the minimum rate for simulation interruption of 0.1
At time 2.0967e-05 s, species C=CO[O](444) at rate ratio 0.10041610088834553 exceeded the minimum rate for moving to model core of 0.1
terminating simulation due to interrupt...


Adding species C=CO[O](444) to model core

Summary of Model Enlargement
---------------------------------
Added 1 new core species
    C=CO[O](444)
Created 0 new edge species
Moved 1 reactions from edge to core
    O2(2) + C2H3(29) <=> C=CO[O](444)
Added 0 new core reactions
Created 0 new edge reactions

After model enlargement:
    The model core has 64 species and 744 reactions
    The model edge has 1535 species and 4824 reactions


At time 7.9793e-05 s, reached target termination conversion: 0.900000 of C12H24(1)
    C12H24(1) conversion: 0.9008    

For reaction generation 1 process is used.
Generating thermo for new species...
Generating kinetics for new reactions...
For reaction O2(2) + C=CO[O](444) <=> C=COOO[O](1608), Ea raised from 74.1 to 80.6 kJ/mol to match endothermicity of reaction.

Summary of Secondary Model Edge Enlargement
---------------------------------
Added 0 new core species
Created 9 new edge species
    [CH]1COO1(1600)
    [CH2]C1OO1(1601)
    [CH2]CC[CH]O[O](1602)
    [CH2]CC([CH2])O[O](1603)
    C=COO(1604)
    [CH2]COOC=C(1605)
    [CH2]C(O[O])O[O](1606)
    [O]O[CH]CO[O](1607)
    C=COOO[O](1608)
Added 1 new core reactions
    O(4) + CH2CHO(36) <=> C=CO[O](444)
Created 19 new edge reactions
    C=CO[O](444) <=> [CH]1COO1(1600)
    C=CO[O](444) <=> [CH2]C1OO1(1601)
    H(3) + C=[C]O[O](75) <=> C=CO[O](444)
    H(3) + [CH]=CO[O](119) <=> C=CO[O](444)
    C=[C]OO(238) <=> C=CO[O](444)
    [CH]=COO(257) <=> C=CO[O](444)
    [CH2]CC[CH]O[O](1602) <=> C=CO[O](444) + C2H4(30)
    [CH2]CC([CH2])O[O](1603) <=> C=CO[O](444) + C2H4(30)
    C2H3(29) + [CH2]CO[O](124) <=> C=CO[O](444) + C2H4(30)
    C2H3(29) + C[CH]O[O](740) <=> C=CO[O](444) + C2H4(30)
    C=[C]O[O](75) + C2H5(33) <=> C=CO[O](444) + C2H4(30)
    [CH]=CO[O](119) + C2H5(33) <=> C=CO[O](444) + C2H4(30)
    C2H3(29) + C=COO(1604) <=> C=CO[O](444) + C2H4(30)
    C=CO[O](444) + C2H4(30) <=> [CH2]COOC=C(1605)
    HO2(10) + C=[C]O[O](75) <=> O2(2) + C=CO[O](444)
    O2(2) + C=CO[O](444) <=> HO2(10) + [CH]=CO[O](119)
    O2(2) + C=CO[O](444) <=> [CH2]C(O[O])O[O](1606)
    O2(2) + C=CO[O](444) <=> [O]O[CH]CO[O](1607)
    O2(2) + C=CO[O](444) <=> C=COOO[O](1608)

After model enlargement:
    The model core has 64 species and 745 reactions
    The model edge has 1544 species and 4843 reactions


Saving current model core to Chemkin file...
Chemkin file contains 752 reactions.
Saving annotated version of Chemkin file...
Chemkin file contains 752 reactions.
Saving current model core and edge to Chemkin file...
Chemkin file contains 5595 reactions.
Saving annotated version of Chemkin file...
Chemkin file contains 5595 reactions.
Saving current model core to HTML file...
Saving current model edge to HTML file...
Updating RMG execution statistics...
    Execution time (DD:HH:MM:SS): 00:00:02:47
    Memory used: 933.11 MB

Making seed mechanism...
Conducting simulation of reaction system 1...
At time 1.2936e-05 s, species [O]OCC=O(130) at 0.10031174472344224 exceeded the minimum rate for simulation interruption of 0.1
At time 1.2936e-05 s, species [O]OCC=O(130) at rate ratio 0.10031174472344224 exceeded the minimum rate for moving to model core of 0.1
terminating simulation due to interrupt...


Adding species [O]OCC=O(130) to model core

Summary of Model Enlargement
---------------------------------
Added 1 new core species
    [O]OCC=O(130)
Created 0 new edge species
Moved 3 reactions from edge to core
    O2(2) + CH2CHO(36) <=> [O]OCC=O(130)
    [O]OCC=O(130) <=> HO2(10) + CH2CO(28)
    CO(12) + CH3O2(108) <=> [O]OCC=O(130)
Added 0 new core reactions
Created 0 new edge reactions

After model enlargement:
    The model core has 65 species and 748 reactions
    The model edge has 1543 species and 4840 reactions


At time 6.6842e-05 s, reached target termination conversion: 0.900000 of C12H24(1)
    C12H24(1) conversion: 0.9004    

For reaction generation 1 process is used.
Generating thermo for new species...
Generating kinetics for new reactions...
For reaction [O]OCC=O(130) <=> [CH]1COOO1(1610), Ea raised from 236.3 to 237.8 kJ/mol to match endothermicity of reaction.
For reaction [O]OC=O(106) + CH3(18) <=> CO[CH]O[O](1615), Ea raised from 78.7 to 81.5 kJ/mol to match endothermicity of reaction.
For reaction [O]OC=O(106) + CH3(18) <=> CC([O])O[O](136), Ea raised from 47.4 to 51.7 kJ/mol to match endothermicity of reaction.

Summary of Secondary Model Edge Enlargement
---------------------------------
Added 0 new core species
Created 8 new edge species
    [O]C[CH]O[O](1609)
    [CH]1COOO1(1610)
    [O]C1COO1(1611)
    [O]O[CH]C=O(1612)
    O=C[CH]OO(1613)
    [O]OC=CO(1614)
    CO[CH]O[O](1615)
    COOC=O(1616)
Added 0 new core reactions
Created 22 new edge reactions
    O(4) + [O]CC=O(532) <=> [O]OCC=O(130)
    [O]C[CH]O[O](1609) <=> [O]OCC=O(130)
    [O]OCC=O(130) <=> [CH]1COOO1(1610)
    [O]OCC=O(130) <=> [O]C1COO1(1611)
    HCO(14) + [CH2]O[O](73) <=> [O]OCC=O(130)
    H(3) + [O]O[CH]C=O(1612) <=> [O]OCC=O(130)
    H(3) + [O]OC[C]=O(122) <=> [O]OCC=O(130)
    [O]OCC=O(130) <=> O=C[CH]OO(1613)
    O=[C]COO(261) <=> [O]OCC=O(130)
    C=COO[O](132) <=> [O]OCC=O(130)
    [O]OC=CO(1614) <=> [O]OCC=O(130)
    HO2(10) + [CH2][CH]O(126) <=> H2O2(11) + CH2CHO(36)
    HO2(10) + [CH2]C[O](71) <=> H2O2(11) + CH2CHO(36)
    HO2(10) + C[CH][O](127) <=> H2O2(11) + CH2CHO(36)
    H2O2(11) + CH2CHO(36) <=> HO2(10) + C2H3OH(72)
    CH2(T)(17) + [O]O[CH]O(1482) <=> [O]OC=O(106) + CH3(18)
    CH2(T)(17) + [O]CO[O](110) <=> [O]OC=O(106) + CH3(18)
    CH2(T)(17) + O=COO(268) <=> [O]OC=O(106) + CH3(18)
    CO3t2(231) + CH4(31) <=> [O]OC=O(106) + CH3(18)
    [O]OC=O(106) + CH3(18) <=> CO[CH]O[O](1615)
    [O]OC=O(106) + CH3(18) <=> CC([O])O[O](136)
    [O]OC=O(106) + CH3(18) <=> COOC=O(1616)

After model enlargement:
    The model core has 65 species and 748 reactions
    The model edge has 1551 species and 4862 reactions


Saving current model core to Chemkin file...
Chemkin file contains 755 reactions.
Saving annotated version of Chemkin file...
Chemkin file contains 755 reactions.
Saving current model core and edge to Chemkin file...
Chemkin file contains 5617 reactions.
Saving annotated version of Chemkin file...
Chemkin file contains 5617 reactions.
Saving current model core to HTML file...
Saving current model edge to HTML file...
Updating RMG execution statistics...
    Execution time (DD:HH:MM:SS): 00:00:02:53
    Memory used: 933.11 MB

Making seed mechanism...
Conducting simulation of reaction system 1...
At time 2.3992e-05 s, species C=CCCC=C(1328) at 0.10025269150799407 exceeded the minimum rate for simulation interruption of 0.1
At time 2.3992e-05 s, species C=CCCC=C(1328) at rate ratio 0.10025269150799407 exceeded the minimum rate for moving to model core of 0.1
terminating simulation due to interrupt...


Adding species C=CCCC=C(1328) to model core

Summary of Model Enlargement
---------------------------------
Added 1 new core species
    C=CCCC=C(1328)
Created 0 new edge species
Moved 1 reactions from edge to core
    [CH2]C=C(643) + [CH2]C=C(643) <=> C=CCCC=C(1328)
Added 0 new core reactions
Created 0 new edge reactions

After model enlargement:
    The model core has 66 species and 749 reactions
    The model edge has 1550 species and 4861 reactions


At time 6.6264e-05 s, reached target termination conversion: 0.900000 of C12H24(1)
    C12H24(1) conversion: 0.9003    

For reaction generation 1 process is used.
Generating thermo for new species...
Generating kinetics for new reactions...
For reaction O2(2) + C=CCCC=C(1328) <=> [CH2]C(CCC=C)O[O](1688), Ea raised from 143.7 to 145.8 kJ/mol to match endothermicity of reaction.
For reaction O2(2) + C=CCCC=C(1328) <=> C=CCC[CH]CO[O](1689), Ea raised from 142.8 to 144.9 kJ/mol to match endothermicity of reaction.

Summary of Secondary Model Edge Enlargement
---------------------------------
Added 0 new core species
Created 120 new edge species
    [CH]1CC[CH]CC1(1617)
    [CH2]C[CH]CC=C(1618)
    [CH2]CC[CH]C=C(1619)
    C=C[CH]C[CH]C(1620)
    [CH2]CCC[C]=C(1621)
    C=[C]CC[CH]C(1622)
    [CH]=CCCC[CH2](1623)
    [CH]=CCC[CH]C(1624)
    C=C[CH]CC=C(1625)
    C=[C]CCC=C(1626)
    [CH]=CCCC=C(1627)
    C=CCC[C]C(1628)
    [CH]CCCC=C(1629)
    C=CCCCCO(1630)
    C=CCCC(C)O(1631)
    C=CCCC(C)O[O](1632)
    C=CCCCCO[O](1633)
    [CH2]C(CCC=C)OO(1634)
    C=CCC[CH]COO(1635)
    C=CCC(C=C)C=O(1636)
    C=CCCC(=C)C=O(1637)
    C=CCCC=CC=O(1638)
    [C-]=[O+]CC=CCC=C(1639)
    C=CCC=CC[C-]=[OH+](1640)
    C=CCC(C=C)OC=O(1641)
    C=CCCC(=C)OC=O(1642)
    C=CCCC=COC=O(1643)
    C=CCC(C=C)C(=O)O(1644)
    C=CCCC(=C)C(=O)O(1645)
    C=CCCC=CC(=O)O(1646)
    C=CCC[CH]CC([O])=O(1647)
    [CH2]C(CCC=C)C([O])=O(1648)
    C=CCC[CH]CO[C]=O(1649)
    [CH2]C(CCC=C)O[C]=O(1650)
    C=CCC=CCOC=O(1651)
    C=CCC=CCC(=O)O(1652)
    [CH2]C(C)CCC=C(1653)
    C=CCC[CH]CC[O](1654)
    [CH2]C(C[O])CCC=C(1655)
    [CH2]OC[CH]CCC=C(1656)
    [CH2]OC([CH2])CCC=C(1657)
    C=CCCC1CCO1(1658)
    C=CCCC1COC1(1659)
    C=CCC=CCOC(1660)
    C=CCC=CCCO(1661)
    C=CCC[CH]CC(=C)[O](1662)
    [CH2]C(CCC=C)C(=C)[O](1663)
    C=[C]OC[CH]CCC=C(1664)
    [CH2]C(CCC=C)O[C]=C(1665)
    C=CCC[CH]CC[C]=O(1666)
    [CH2]C(C[C]=O)CCC=C(1667)
    C=CCCC1CCC1=O(1668)
    C=CCCC1CC(=O)C1(1669)
    C#COC(C)CCC=C(1670)
    C#COCCCCC=C(1671)
    C=CCC=CCOC=C(1672)
    C=CCC=CCCC=O(1673)
    C=CCC=CCC(=C)O(1674)
    C=CCC=CCC(C)=O(1675)
    [CH2]CC[CH]CCC=C(1676)
    [CH2]CC([CH2])CCC=C(1677)
    C=CCC[CH]CC(C)[O](1678)
    [CH2]C(CCC=C)C(C)[O](1679)
    C=CCC[CH]CO[CH]C(1680)
    [CH2]C(CCC=C)O[CH]C(1681)
    C=CCCC1CC(C)O1(1682)
    C=CCCC1COC1C(1683)
    C=CCCC(C)OC=C(1684)
    C=CCCCCOC=C(1685)
    C=CCC=CCOCC(1686)
    C=CCC=CCC(C)O(1687)
    [CH2]C(CCC=C)O[O](1688)
    C=CCC[CH]CO[O](1689)
    C=CCC[CH]CC[CH]C(1690)
    [CH2]C(C[CH]C)CCC=C(1691)
    [CH2]C(C)C[CH]CCC=C(1692)
    [CH2]C(C)C([CH2])CCC=C(1693)
    C=CCCC(C)CC=C(1694)
    C=CCCCCCC=C(1695)
    C=CCC=CCC(C)C(1696)
    C=CCC[CH]CC[CH]CCCCCCC(1697)
    [CH2]C(C[CH]CCCCCCC)CCC=C(1698)
    [CH2]C(C[CH]CCC=C)CCCCCCC(1699)
    [CH2]C(CCC=C)C([CH2])CCCCCCC(1700)
    C=CCCC(C)CC=CCCCCCC(1701)
    C=CCCCCCC=CCCCCCC(1702)
    C=CCC=CCC(C)CCCCCCC(1703)
    C=CCC=CCCCCCCCCCC(1704)
    C=CCC[CH]CC[CH]CCCC(1705)
    [CH2]C(C[CH]CCCC)CCC=C(1706)
    [CH2]C(C[CH]CCC=C)CCCC(1707)
    [CH2]C(CCC=C)C([CH2])CCCC(1708)
    C=CCCC(C)CC=CCCC(1709)
    C=CCCCCCC=CCCC(1710)
    C=CCC=CCC(C)CCCC(1711)
    C=CCC=CCCCCCCC(1712)
    C=CCC[CH]CC[CH]CCCCC(1713)
    [CH2]C(C[CH]CCCCC)CCC=C(1714)
    [CH2]C(C[CH]CCC=C)CCCCC(1715)
    [CH2]C(CCC=C)C([CH2])CCCCC(1716)
    C=CCCC(C)CC=CCCCC(1717)
    C=CCCCCCC=CCCCC(1718)
    C=CCC=CCC(C)CCCCC(1719)
    C=CCC=CCCCCCCCC(1720)
    [CH2][CH]CC[CH]CCC=C(1721)
    [CH2][CH]CC([CH2])CCC=C(1722)
    [CH2]C([CH2])C[CH]CCC=C(1723)
    [CH2]C([CH2])C([CH2])CCC=C(1724)
    [CH2]C(CC=C)CCC=C(1725)
    C=CCC[CH]CCC=C(1726)
    [CH2]C(C)CC=CCC=C(1727)
    [CH2]CCCC=CCC=C(1728)
    C=CCC[CH]CC[CH]CC(1729)
    [CH2]C(C[CH]CC)CCC=C(1730)
    [CH2]C(CC)C[CH]CCC=C(1731)
    [CH2]C(CC)C([CH2])CCC=C(1732)
    C=CCCC(C)CC=CC(1733)
    C=CCCCCCC=CC(1734)
    C=CCC=CCC(C)CC(1735)
    C=CCC=CCCCCC(1736)
Added 0 new core reactions
Created 306 new edge reactions
    [CH]1CC[CH]CC1(1617) <=> C=CCCC=C(1328)
    [CH2]C[CH]CC=C(1618) <=> C=CCCC=C(1328)
    [CH2]CC[CH]C=C(1619) <=> C=CCCC=C(1328)
    C=C[CH]C[CH]C(1620) <=> C=CCCC=C(1328)
    [CH2]CCC[C]=C(1621) <=> C=CCCC=C(1328)
    C=[C]CC[CH]C(1622) <=> C=CCCC=C(1328)
    [CH]=CCCC[CH2](1623) <=> C=CCCC=C(1328)
    [CH]=CCC[CH]C(1624) <=> C=CCCC=C(1328)
    C2H3(29) + [CH2]CC=C(538) <=> C=CCCC=C(1328)
    H(3) + C=C[CH]CC=C(1625) <=> C=CCCC=C(1328)
    H(3) + C=[C]CCC=C(1626) <=> C=CCCC=C(1328)
    H(3) + [CH]=CCCC=C(1627) <=> C=CCCC=C(1328)
    C=CCCC=C(1328) <=> C=C=C(1236) + C=CC(158)
    C=CCC[C]C(1628) <=> C=CCCC=C(1328)
    [CH]CCCC=C(1629) <=> C=CCCC=C(1328)
    H(3) + [CH2]CCCC=C(868) <=> H2(6) + C=CCCC=C(1328)
    H(3) + C=CCC[CH]C(997) <=> H2(6) + C=CCCC=C(1328)
    H2O(7) + C=CCCC=C(1328) <=> C=CCCCCO(1630)
    H2O(7) + C=CCCC=C(1328) <=> C=CCCC(C)O(1631)
    OH(5) + [CH2]CCCC=C(868) <=> H2O(7) + C=CCCC=C(1328)
    OH(5) + C=CCC[CH]C(997) <=> H2O(7) + C=CCCC=C(1328)
    O2(2) + [CH2]CCCC=C(868) <=> HO2(10) + C=CCCC=C(1328)
    O2(2) + C=CCC[CH]C(997) <=> HO2(10) + C=CCCC=C(1328)
    C=CCCC(C)O[O](1632) <=> HO2(10) + C=CCCC=C(1328)
    C=CCCCCO[O](1633) <=> HO2(10) + C=CCCC=C(1328)
    HO2(10) + C=CCCC=C(1328) <=> H2O2(11) + C=C[CH]CC=C(1625)
    H2O2(11) + C=[C]CCC=C(1626) <=> HO2(10) + C=CCCC=C(1328)
    H2O2(11) + [CH]=CCCC=C(1627) <=> HO2(10) + C=CCCC=C(1328)
    HO2(10) + C=CCCC=C(1328) <=> [CH2]C(CCC=C)OO(1634)
    HO2(10) + C=CCCC=C(1328) <=> C=CCC[CH]COO(1635)
    HO2(10) + [CH2]CCCC=C(868) <=> H2O2(11) + C=CCCC=C(1328)
    HO2(10) + C=CCC[CH]C(997) <=> H2O2(11) + C=CCCC=C(1328)
    CO(12) + C=CCCC=C(1328) <=> C=CCC(C=C)C=O(1636)
    CO(12) + C=CCCC=C(1328) <=> C=CCCC(=C)C=O(1637)
    CO(12) + C=CCCC=C(1328) <=> C=CCCC=CC=O(1638)
    HCO(14) + C=C[CH]CC=C(1625) <=> CO(12) + C=CCCC=C(1328)
    HCO(14) + C=[C]CCC=C(1626) <=> CO(12) + C=CCCC=C(1328)
    HCO(14) + [CH]=CCCC=C(1627) <=> CO(12) + C=CCCC=C(1328)
    [C-]=[O+]CC=CCC=C(1639) <=> CO(12) + C=CCCC=C(1328)
    C=CCC=CC[C-]=[OH+](1640) <=> CO(12) + C=CCCC=C(1328)
    CO2(13) + C=CCCC=C(1328) <=> C=CCC(C=C)OC=O(1641)
    CO2(13) + C=CCCC=C(1328) <=> C=CCCC(=C)OC=O(1642)
    CO2(13) + C=CCCC=C(1328) <=> C=CCCC=COC=O(1643)
    CO2(13) + C=CCCC=C(1328) <=> C=CCC(C=C)C(=O)O(1644)
    CO2(13) + C=CCCC=C(1328) <=> C=CCCC(=C)C(=O)O(1645)
    CO2(13) + C=CCCC=C(1328) <=> C=CCCC=CC(=O)O(1646)
    C=CCC[CH]CC([O])=O(1647) <=> CO2(13) + C=CCCC=C(1328)
    [CH2]C(CCC=C)C([O])=O(1648) <=> CO2(13) + C=CCCC=C(1328)
    C=CCC[CH]CO[C]=O(1649) <=> CO2(13) + C=CCCC=C(1328)
    [CH2]C(CCC=C)O[C]=O(1650) <=> CO2(13) + C=CCCC=C(1328)
    HOCO(102) + C=C[CH]CC=C(1625) <=> CO2(13) + C=CCCC=C(1328)
    HOCO(102) + C=[C]CCC=C(1626) <=> CO2(13) + C=CCCC=C(1328)
    HOCO(102) + [CH]=CCCC=C(1627) <=> CO2(13) + C=CCCC=C(1328)
    [O]C=O(103) + C=C[CH]CC=C(1625) <=> CO2(13) + C=CCCC=C(1328)
    [O]C=O(103) + C=[C]CCC=C(1626) <=> CO2(13) + C=CCCC=C(1328)
    [O]C=O(103) + [CH]=CCCC=C(1627) <=> CO2(13) + C=CCCC=C(1328)
    C=CCC=CCOC=O(1651) <=> CO2(13) + C=CCCC=C(1328)
    C=CCC=CCC(=O)O(1652) <=> CO2(13) + C=CCCC=C(1328)
    CH2(T)(17) + [CH2]CCCC=C(868) <=> CH3(18) + C=CCCC=C(1328)
    CH2(T)(17) + C=CCC[CH]C(997) <=> CH3(18) + C=CCCC=C(1328)
    CH4(31) + C=C[CH]CC=C(1625) <=> CH3(18) + C=CCCC=C(1328)
    CH4(31) + C=[C]CCC=C(1626) <=> CH3(18) + C=CCCC=C(1328)
    CH3(18) + C=CCCC=C(1328) <=> CH4(31) + [CH]=CCCC=C(1627)
    CH3(18) + C=CCCC=C(1328) <=> [CH2]C(C)CCC=C(1653)
    CH3(18) + C=CCCC=C(1328) <=> C=CCC[CH]CC(1116)
    C=CCC[CH]CC[O](1654) <=> CH2O(19) + C=CCCC=C(1328)
    [CH2]C(C[O])CCC=C(1655) <=> CH2O(19) + C=CCCC=C(1328)
    [CH2]OC[CH]CCC=C(1656) <=> CH2O(19) + C=CCCC=C(1328)
    [CH2]OC([CH2])CCC=C(1657) <=> CH2O(19) + C=CCCC=C(1328)
    CH2O(19) + C=CCCC=C(1328) <=> C=CCCC1CCO1(1658)
    CH2O(19) + C=CCCC=C(1328) <=> C=CCCC1COC1(1659)
    HCO(14) + [CH2]CCCC=C(868) <=> CH2O(19) + C=CCCC=C(1328)
    HCO(14) + C=CCC[CH]C(997) <=> CH2O(19) + C=CCCC=C(1328)
    CH2OH(34) + C=C[CH]CC=C(1625) <=> CH2O(19) + C=CCCC=C(1328)
    CH2OH(34) + C=[C]CCC=C(1626) <=> CH2O(19) + C=CCCC=C(1328)
    CH2OH(34) + [CH]=CCCC=C(1627) <=> CH2O(19) + C=CCCC=C(1328)
    CH3O(27) + C=C[CH]CC=C(1625) <=> CH2O(19) + C=CCCC=C(1328)
    CH3O(27) + C=[C]CCC=C(1626) <=> CH2O(19) + C=CCCC=C(1328)
    CH3O(27) + [CH]=CCCC=C(1627) <=> CH2O(19) + C=CCCC=C(1328)
    C=CCC=CCOC(1660) <=> CH2O(19) + C=CCCC=C(1328)
    C=CCC=CCCO(1661) <=> CH2O(19) + C=CCCC=C(1328)
    C=CCC[CH]CC(=C)[O](1662) <=> CH2CO(28) + C=CCCC=C(1328)
    [CH2]C(CCC=C)C(=C)[O](1663) <=> CH2CO(28) + C=CCCC=C(1328)
    C=[C]OC[CH]CCC=C(1664) <=> CH2CO(28) + C=CCCC=C(1328)
    [CH2]C(CCC=C)O[C]=C(1665) <=> CH2CO(28) + C=CCCC=C(1328)
    C=CCC[CH]CC[C]=O(1666) <=> CH2CO(28) + C=CCCC=C(1328)
    [CH2]C(C[C]=O)CCC=C(1667) <=> CH2CO(28) + C=CCCC=C(1328)
    CH2CO(28) + C=CCCC=C(1328) <=> C=CCCC1CCC1=O(1668)
    CH2CO(28) + C=CCCC=C(1328) <=> C=CCCC1CC(=O)C1(1669)
    HCCO(20) + [CH2]CCCC=C(868) <=> CH2CO(28) + C=CCCC=C(1328)
    HCCO(20) + C=CCC[CH]C(997) <=> CH2CO(28) + C=CCCC=C(1328)
    C=[C]O(69) + C=C[CH]CC=C(1625) <=> CH2CO(28) + C=CCCC=C(1328)
    C=[C]O(69) + C=[C]CCC=C(1626) <=> CH2CO(28) + C=CCCC=C(1328)
    C=[C]O(69) + [CH]=CCCC=C(1627) <=> CH2CO(28) + C=CCCC=C(1328)
    CH3CO(35) + C=C[CH]CC=C(1625) <=> CH2CO(28) + C=CCCC=C(1328)
    CH3CO(35) + C=[C]CCC=C(1626) <=> CH2CO(28) + C=CCCC=C(1328)
    CH3CO(35) + [CH]=CCCC=C(1627) <=> CH2CO(28) + C=CCCC=C(1328)
    CH2CHO(36) + C=C[CH]CC=C(1625) <=> CH2CO(28) + C=CCCC=C(1328)
    CH2CHO(36) + C=[C]CCC=C(1626) <=> CH2CO(28) + C=CCCC=C(1328)
    CH2CHO(36) + [CH]=CCCC=C(1627) <=> CH2CO(28) + C=CCCC=C(1328)
    C#COC(C)CCC=C(1670) <=> CH2CO(28) + C=CCCC=C(1328)
    C#COCCCCC=C(1671) <=> CH2CO(28) + C=CCCC=C(1328)
    C=CCC=CCOC=C(1672) <=> CH2CO(28) + C=CCCC=C(1328)
    C=CCC=CCCC=O(1673) <=> CH2CO(28) + C=CCCC=C(1328)
    C=CCC=CCC(=C)O(1674) <=> CH2CO(28) + C=CCCC=C(1328)
    C=CCC=CCC(C)=O(1675) <=> CH2CO(28) + C=CCCC=C(1328)
    [CH2]CC[CH]CCC=C(1676) <=> C2H4(30) + C=CCCC=C(1328)
    [CH2]CC([CH2])CCC=C(1677) <=> C2H4(30) + C=CCCC=C(1328)
    C2H3(29) + [CH2]CCCC=C(868) <=> C2H4(30) + C=CCCC=C(1328)
    C2H3(29) + C=CCC[CH]C(997) <=> C2H4(30) + C=CCCC=C(1328)
    C2H5(33) + C=C[CH]CC=C(1625) <=> C2H4(30) + C=CCCC=C(1328)
    C2H5(33) + C=[C]CCC=C(1626) <=> C2H4(30) + C=CCCC=C(1328)
    C2H5(33) + [CH]=CCCC=C(1627) <=> C2H4(30) + C=CCCC=C(1328)
    C=CCC=CCCC(1050) <=> C2H4(30) + C=CCCC=C(1328)
    CH3(18) + [CH2]CCCC=C(868) <=> CH4(31) + C=CCCC=C(1328)
    CH3(18) + C=CCC[CH]C(997) <=> CH4(31) + C=CCCC=C(1328)
    C2H5(33) + [CH2]CCCC=C(868) <=> C2H6(32) + C=CCCC=C(1328)
    C2H5(33) + C=CCC[CH]C(997) <=> C2H6(32) + C=CCCC=C(1328)
    C=CCC[CH]CC(C)[O](1678) <=> CH3CHO(37) + C=CCCC=C(1328)
    [CH2]C(CCC=C)C(C)[O](1679) <=> CH3CHO(37) + C=CCCC=C(1328)
    C=CCC[CH]CO[CH]C(1680) <=> CH3CHO(37) + C=CCCC=C(1328)
    [CH2]C(CCC=C)O[CH]C(1681) <=> CH3CHO(37) + C=CCCC=C(1328)
    CH3CHO(37) + C=CCCC=C(1328) <=> C=CCCC1CC(C)O1(1682)
    CH3CHO(37) + C=CCCC=C(1328) <=> C=CCCC1COC1C(1683)
    CH2CHO(36) + [CH2]CCCC=C(868) <=> CH3CHO(37) + C=CCCC=C(1328)
    CH2CHO(36) + C=CCC[CH]C(997) <=> CH3CHO(37) + C=CCCC=C(1328)
    CH3CO(35) + [CH2]CCCC=C(868) <=> CH3CHO(37) + C=CCCC=C(1328)
    CH3CO(35) + C=CCC[CH]C(997) <=> CH3CHO(37) + C=CCCC=C(1328)
    CH3CHOH(133) + C=C[CH]CC=C(1625) <=> CH3CHO(37) + C=CCCC=C(1328)
    CH3CHOH(133) + C=[C]CCC=C(1626) <=> CH3CHO(37) + C=CCCC=C(1328)
    CH3CHOH(133) + [CH]=CCCC=C(1627) <=> CH3CHO(37) + C=CCCC=C(1328)
    CH3CH2O(134) + C=C[CH]CC=C(1625) <=> CH3CHO(37) + C=CCCC=C(1328)
    CH3CH2O(134) + C=[C]CCC=C(1626) <=> CH3CHO(37) + C=CCCC=C(1328)
    CH3CH2O(134) + [CH]=CCCC=C(1627) <=> CH3CHO(37) + C=CCCC=C(1328)
    C=CCCC(C)OC=C(1684) <=> CH3CHO(37) + C=CCCC=C(1328)
    C=CCCCCOC=C(1685) <=> CH3CHO(37) + C=CCCC=C(1328)
    C=CCC=CCOCC(1686) <=> CH3CHO(37) + C=CCCC=C(1328)
    C=CCC=CCC(C)O(1687) <=> CH3CHO(37) + C=CCCC=C(1328)
    [CH2]CCCC=C(868) + CCCC[CH]CCCCCCC(43) <=> C=CCCC=C(1328) + C12H24(1)
    C=CCC[CH]C(997) + CCCC[CH]CCCCCCC(43) <=> C=CCCC=C(1328) + C12H24(1)
    [CH2]CCCC=C(868) + CCCCC[CH]CCCCCC(45) <=> C=CCCC=C(1328) + C12H24(1)
    C=CCC[CH]C(997) + CCCCC[CH]CCCCCC(45) <=> C=CCCC=C(1328) + C12H24(1)
    [CH2]CCCC=C(868) + CCC[CH]CCCCCCCC(48) <=> C=CCCC=C(1328) + C12H24(1)
    C=CCC[CH]C(997) + CCC[CH]CCCCCCCC(48) <=> C=CCCC=C(1328) + C12H24(1)
    [CH2]CCCC=C(868) + CC[CH]CCCCCCCCC(50) <=> C=CCCC=C(1328) + C12H24(1)
    C=CCC[CH]C(997) + CC[CH]CCCCCCCCC(50) <=> C=CCCC=C(1328) + C12H24(1)
    [CH2]CCCC=C(868) + C[CH]CCCCCCCCCC(52) <=> C=CCCC=C(1328) + C12H24(1)
    C=CCC[CH]C(997) + C[CH]CCCCCCCCCC(52) <=> C=CCCC=C(1328) + C12H24(1)
    [CH2]CCCC=C(868) + [CH2]CCCCCCCCCCC(53) <=> C=CCCC=C(1328) + C12H24(1)
    C=CCC[CH]C(997) + [CH2]CCCCCCCCCCC(53) <=> C=CCCC=C(1328) + C12H24(1)
    HO2(10) + C=C[CH]CC=C(1625) <=> O2(2) + C=CCCC=C(1328)
    HO2(10) + C=[C]CCC=C(1626) <=> O2(2) + C=CCCC=C(1328)
    O2(2) + C=CCCC=C(1328) <=> HO2(10) + [CH]=CCCC=C(1627)
    O2(2) + C=CCCC=C(1328) <=> [CH2]C(CCC=C)O[O](1688)
    O2(2) + C=CCCC=C(1328) <=> C=CCC[CH]CO[O](1689)
    C=CCC[CH]CC[CH]C(1690) <=> C=CC(158) + C=CCCC=C(1328)
    [CH2]C(C[CH]C)CCC=C(1691) <=> C=CC(158) + C=CCCC=C(1328)
    [CH2]C(C)C[CH]CCC=C(1692) <=> C=CC(158) + C=CCCC=C(1328)
    [CH2]C(C)C([CH2])CCC=C(1693) <=> C=CC(158) + C=CCCC=C(1328)
    [CH2]C=C(643) + [CH2]CCCC=C(868) <=> C=CC(158) + C=CCCC=C(1328)
    [CH2]C=C(643) + C=CCC[CH]C(997) <=> C=CC(158) + C=CCCC=C(1328)
    C=[C]C(644) + [CH2]CCCC=C(868) <=> C=CC(158) + C=CCCC=C(1328)
    C=[C]C(644) + C=CCC[CH]C(997) <=> C=CC(158) + C=CCCC=C(1328)
    [CH]=CC(374) + [CH2]CCCC=C(868) <=> C=CC(158) + C=CCCC=C(1328)
    [CH]=CC(374) + C=CCC[CH]C(997) <=> C=CC(158) + C=CCCC=C(1328)
    [CH2]CC(47) + C=C[CH]CC=C(1625) <=> C=CC(158) + C=CCCC=C(1328)
    [CH2]CC(47) + C=[C]CCC=C(1626) <=> C=CC(158) + C=CCCC=C(1328)
    [CH2]CC(47) + [CH]=CCCC=C(1627) <=> C=CC(158) + C=CCCC=C(1328)
    C[CH]C(160) + C=C[CH]CC=C(1625) <=> C=CC(158) + C=CCCC=C(1328)
    C[CH]C(160) + C=[C]CCC=C(1626) <=> C=CC(158) + C=CCCC=C(1328)
    C[CH]C(160) + [CH]=CCCC=C(1627) <=> C=CC(158) + C=CCCC=C(1328)
    C=CCCC(C)CC=C(1694) <=> C=CC(158) + C=CCCC=C(1328)
    C=CCCCCCC=C(1695) <=> C=CC(158) + C=CCCC=C(1328)
    C=CCC=CCC(C)C(1696) <=> C=CC(158) + C=CCCC=C(1328)
    C=CCC=CCCCC(1174) <=> C=CC(158) + C=CCCC=C(1328)
    C=CCC[CH]CC[CH]CCCCCCC(1697) <=> C=CCCC=C(1328) + C=CCCCCCCC(138)
    [CH2]C(C[CH]CCCCCCC)CCC=C(1698) <=> C=CCCC=C(1328) + C=CCCCCCCC(138)
    [CH2]C(C[CH]CCC=C)CCCCCCC(1699) <=> C=CCCC=C(1328) + C=CCCCCCCC(138)
    [CH2]C(CCC=C)C([CH2])CCCCCCC(1700) <=> C=CCCC=C(1328) + C=CCCCCCCC(138)
    [CH2]CCCC=C(868) + C=CC[CH]CCCCC(872) <=> C=CCCC=C(1328) + C=CCCCCCCC(138)
    C=CCC[CH]C(997) + C=CC[CH]CCCCC(872) <=> C=CCCC=C(1328) + C=CCCCCCCC(138)
    [CH2]CCCC=C(868) + C=CCC[CH]CCCC(867) <=> C=CCCC=C(1328) + C=CCCCCCCC(138)
    C=CCC[CH]C(997) + C=CCC[CH]CCCC(867) <=> C=CCCC=C(1328) + C=CCCCCCCC(138)
    [CH2]CCCC=C(868) + C=CCCC[CH]CCC(869) <=> C=CCCC=C(1328) + C=CCCCCCCC(138)
    C=CCC[CH]C(997) + C=CCCC[CH]CCC(869) <=> C=CCCC=C(1328) + C=CCCCCCCC(138)
    [CH2]CCCC=C(868) + C=CCCCC[CH]CC(871) <=> C=CCCC=C(1328) + C=CCCCCCCC(138)
    C=CCC[CH]C(997) + C=CCCCC[CH]CC(871) <=> C=CCCC=C(1328) + C=CCCCCCCC(138)
    [CH2]CCCC=C(868) + C=CCCCCC[CH]C(874) <=> C=CCCC=C(1328) + C=CCCCCCCC(138)
    C=CCC[CH]C(997) + C=CCCCCC[CH]C(874) <=> C=CCCC=C(1328) + C=CCCCCCCC(138)
    [CH2]CCCC=C(868) + C=C[CH]CCCCCC(875) <=> C=CCCC=C(1328) + C=CCCCCCCC(138)
    C=CCC[CH]C(997) + C=C[CH]CCCCCC(875) <=> C=CCCC=C(1328) + C=CCCCCCCC(138)
    [CH2]CCCC=C(868) + [CH2]CCCCCCC=C(876) <=> C=CCCC=C(1328) + C=CCCCCCCC(138)
    C=CCC[CH]C(997) + [CH2]CCCCCCC=C(876) <=> C=CCCC=C(1328) + C=CCCCCCCC(138)
    [CH2]CCCC=C(868) + C=[C]CCCCCCC(877) <=> C=CCCC=C(1328) + C=CCCCCCCC(138)
    C=CCC[CH]C(997) + C=[C]CCCCCCC(877) <=> C=CCCC=C(1328) + C=CCCCCCCC(138)
    [CH2]CCCC=C(868) + [CH]=CCCCCCCC(585) <=> C=CCCC=C(1328) + C=CCCCCCCC(138)
    C=CCC[CH]C(997) + [CH]=CCCCCCCC(585) <=> C=CCCC=C(1328) + C=CCCCCCCC(138)
    C=C[CH]CC=C(1625) + [CH2]CCCCCCCC(46) <=> C=CCCC=C(1328) + C=CCCCCCCC(138)
    C=[C]CCC=C(1626) + [CH2]CCCCCCCC(46) <=> C=CCCC=C(1328) + C=CCCCCCCC(138)
    [CH]=CCCC=C(1627) + [CH2]CCCCCCCC(46) <=> C=CCCC=C(1328) + C=CCCCCCCC(138)
    C=C[CH]CC=C(1625) + C[CH]CCCCCCC(153) <=> C=CCCC=C(1328) + C=CCCCCCCC(138)
    C=[C]CCC=C(1626) + C[CH]CCCCCCC(153) <=> C=CCCC=C(1328) + C=CCCCCCCC(138)
    [CH]=CCCC=C(1627) + C[CH]CCCCCCC(153) <=> C=CCCC=C(1328) + C=CCCCCCCC(138)
    C=CCCC(C)CC=CCCCCCC(1701) <=> C=CCCC=C(1328) + C=CCCCCCCC(138)
    C=CCCCCCC=CCCCCCC(1702) <=> C=CCCC=C(1328) + C=CCCCCCCC(138)
    C=CCC=CCC(C)CCCCCCC(1703) <=> C=CCCC=C(1328) + C=CCCCCCCC(138)
    C=CCC=CCCCCCCCCCC(1704) <=> C=CCCC=C(1328) + C=CCCCCCCC(138)
    C=CCC[CH]CC[CH]CCCC(1705) <=> C=CCCC=C(1328) + C=CCCCC(514)
    [CH2]C(C[CH]CCCC)CCC=C(1706) <=> C=CCCC=C(1328) + C=CCCCC(514)
    [CH2]C(C[CH]CCC=C)CCCC(1707) <=> C=CCCC=C(1328) + C=CCCCC(514)
    [CH2]C(CCC=C)C([CH2])CCCC(1708) <=> C=CCCC=C(1328) + C=CCCCC(514)
    C=CC[CH]CC(996) + [CH2]CCCC=C(868) <=> C=CCCC=C(1328) + C=CCCCC(514)
    C=CCC[CH]C(997) + C=CC[CH]CC(996) <=> C=CCCC=C(1328) + C=CCCCC(514)
    C=CCC[CH]C(997) + [CH2]CCCC=C(868) <=> C=CCCC=C(1328) + C=CCCCC(514)
    C=CCC[CH]C(997) + C=CCC[CH]C(997) <=> C=CCCC=C(1328) + C=CCCCC(514)
    C=C[CH]CCC(998) + [CH2]CCCC=C(868) <=> C=CCCC=C(1328) + C=CCCCC(514)
    C=CCC[CH]C(997) + C=C[CH]CCC(998) <=> C=CCCC=C(1328) + C=CCCCC(514)
    [CH2]CCCC=C(868) + [CH2]CCCC=C(868) <=> C=CCCC=C(1328) + C=CCCCC(514)
    C=CCC[CH]C(997) + [CH2]CCCC=C(868) <=> C=CCCC=C(1328) + C=CCCCC(514)
    C=[C]CCCC(999) + [CH2]CCCC=C(868) <=> C=CCCC=C(1328) + C=CCCCC(514)
    C=CCC[CH]C(997) + C=[C]CCCC(999) <=> C=CCCC=C(1328) + C=CCCCC(514)
    [CH2]CCCC=C(868) + [CH]=CCCCC(500) <=> C=CCCC=C(1328) + C=CCCCC(514)
    C=CCC[CH]C(997) + [CH]=CCCCC(500) <=> C=CCCC=C(1328) + C=CCCCC(514)
    C=C[CH]CC=C(1625) + [CH2]CCCCC(44) <=> C=CCCC=C(1328) + C=CCCCC(514)
    C=[C]CCC=C(1626) + [CH2]CCCCC(44) <=> C=CCCC=C(1328) + C=CCCCC(514)
    [CH]=CCCC=C(1627) + [CH2]CCCCC(44) <=> C=CCCC=C(1328) + C=CCCCC(514)
    C=C[CH]CC=C(1625) + C[CH]CCCC(519) <=> C=CCCC=C(1328) + C=CCCCC(514)
    C=[C]CCC=C(1626) + C[CH]CCCC(519) <=> C=CCCC=C(1328) + C=CCCCC(514)
    [CH]=CCCC=C(1627) + C[CH]CCCC(519) <=> C=CCCC=C(1328) + C=CCCCC(514)
    C=CCCC(C)CC=CCCC(1709) <=> C=CCCC=C(1328) + C=CCCCC(514)
    C=CCCCCCC=CCCC(1710) <=> C=CCCC=C(1328) + C=CCCCC(514)
    C=CCC=CCC(C)CCCC(1711) <=> C=CCCC=C(1328) + C=CCCCC(514)
    C=CCC=CCCCCCCC(1712) <=> C=CCCC=C(1328) + C=CCCCC(514)
    C=CCC[CH]CC[CH]CCCCC(1713) <=> C=CCCC=C(1328) + C=CCCCCC(546)
    [CH2]C(C[CH]CCCCC)CCC=C(1714) <=> C=CCCC=C(1328) + C=CCCCCC(546)
    [CH2]C(C[CH]CCC=C)CCCCC(1715) <=> C=CCCC=C(1328) + C=CCCCCC(546)
    [CH2]C(CCC=C)C([CH2])CCCCC(1716) <=> C=CCCC=C(1328) + C=CCCCCC(546)
    [CH2]CCCC=C(868) + C=CC[CH]CCC(1117) <=> C=CCCC=C(1328) + C=CCCCCC(546)
    C=CCC[CH]C(997) + C=CC[CH]CCC(1117) <=> C=CCCC=C(1328) + C=CCCCCC(546)
    [CH2]CCCC=C(868) + C=CCC[CH]CC(1116) <=> C=CCCC=C(1328) + C=CCCCCC(546)
    C=CCC[CH]C(997) + C=CCC[CH]CC(1116) <=> C=CCCC=C(1328) + C=CCCCCC(546)
    [CH2]CCCC=C(868) + C=CCCC[CH]C(1118) <=> C=CCCC=C(1328) + C=CCCCCC(546)
    C=CCC[CH]C(997) + C=CCCC[CH]C(1118) <=> C=CCCC=C(1328) + C=CCCCCC(546)
    [CH2]CCCC=C(868) + C=C[CH]CCCC(1119) <=> C=CCCC=C(1328) + C=CCCCCC(546)
    C=CCC[CH]C(997) + C=C[CH]CCCC(1119) <=> C=CCCC=C(1328) + C=CCCCCC(546)
    [CH2]CCCC=C(868) + [CH2]CCCCC=C(870) <=> C=CCCC=C(1328) + C=CCCCCC(546)
    C=CCC[CH]C(997) + [CH2]CCCCC=C(870) <=> C=CCCC=C(1328) + C=CCCCCC(546)
    [CH2]CCCC=C(868) + C=[C]CCCCC(1120) <=> C=CCCC=C(1328) + C=CCCCCC(546)
    C=CCC[CH]C(997) + C=[C]CCCCC(1120) <=> C=CCCC=C(1328) + C=CCCCCC(546)
    [CH2]CCCC=C(868) + [CH]=CCCCCC(1121) <=> C=CCCC=C(1328) + C=CCCCCC(546)
    C=CCC[CH]C(997) + [CH]=CCCCCC(1121) <=> C=CCCC=C(1328) + C=CCCCCC(546)
    C=C[CH]CC=C(1625) + [CH2]CCCCCC(40) <=> C=CCCC=C(1328) + C=CCCCCC(546)
    C=[C]CCC=C(1626) + [CH2]CCCCCC(40) <=> C=CCCC=C(1328) + C=CCCCCC(546)
    [CH]=CCCC=C(1627) + [CH2]CCCCCC(40) <=> C=CCCC=C(1328) + C=CCCCCC(546)
    C=C[CH]CC=C(1625) + C[CH]CCCCC(552) <=> C=CCCC=C(1328) + C=CCCCCC(546)
    C=[C]CCC=C(1626) + C[CH]CCCCC(552) <=> C=CCCC=C(1328) + C=CCCCCC(546)
    [CH]=CCCC=C(1627) + C[CH]CCCCC(552) <=> C=CCCC=C(1328) + C=CCCCCC(546)
    C=CCCC(C)CC=CCCCC(1717) <=> C=CCCC=C(1328) + C=CCCCCC(546)
    C=CCCCCCC=CCCCC(1718) <=> C=CCCC=C(1328) + C=CCCCCC(546)
    C=CCC=CCC(C)CCCCC(1719) <=> C=CCCC=C(1328) + C=CCCCCC(546)
    C=CCC=CCCCCCCCC(1720) <=> C=CCCC=C(1328) + C=CCCCCC(546)
    [CH2][CH]CC[CH]CCC=C(1721) <=> [CH2]C=C(643) + C=CCCC=C(1328)
    [CH2][CH]CC([CH2])CCC=C(1722) <=> [CH2]C=C(643) + C=CCCC=C(1328)
    [CH2]C([CH2])C[CH]CCC=C(1723) <=> [CH2]C=C(643) + C=CCCC=C(1328)
    [CH2]C([CH2])C([CH2])CCC=C(1724) <=> [CH2]C=C(643) + C=CCCC=C(1328)
    [CH]C=C(1234) + [CH2]CCCC=C(868) <=> [CH2]C=C(643) + C=CCCC=C(1328)
    [CH]C=C(1234) + C=CCC[CH]C(997) <=> [CH2]C=C(643) + C=CCCC=C(1328)
    [CH2][C]=C(1237) + [CH2]CCCC=C(868) <=> [CH2]C=C(643) + C=CCCC=C(1328)
    [CH2][C]=C(1237) + C=CCC[CH]C(997) <=> [CH2]C=C(643) + C=CCCC=C(1328)
    [CH]C=C(1234) + [CH2]CCCC=C(868) <=> [CH2]C=C(643) + C=CCCC=C(1328)
    [CH]C=C(1234) + C=CCC[CH]C(997) <=> [CH2]C=C(643) + C=CCCC=C(1328)
    [CH2]C[CH2](146) + C=C[CH]CC=C(1625) <=> [CH2]C=C(643) + C=CCCC=C(1328)
    [CH2]C[CH2](146) + C=[C]CCC=C(1626) <=> [CH2]C=C(643) + C=CCCC=C(1328)
    [CH2]C[CH2](146) + [CH]=CCCC=C(1627) <=> [CH2]C=C(643) + C=CCCC=C(1328)
    [CH2][CH]C(159) + C=C[CH]CC=C(1625) <=> [CH2]C=C(643) + C=CCCC=C(1328)
    [CH2][CH]C(159) + C=[C]CCC=C(1626) <=> [CH2]C=C(643) + C=CCCC=C(1328)
    [CH2][CH]C(159) + [CH]=CCCC=C(1627) <=> [CH2]C=C(643) + C=CCCC=C(1328)
    C=CC(158) + C=C[CH]CC=C(1625) <=> [CH2]C=C(643) + C=CCCC=C(1328)
    C=CC(158) + C=[C]CCC=C(1626) <=> [CH2]C=C(643) + C=CCCC=C(1328)
    [CH2]C=C(643) + C=CCCC=C(1328) <=> C=CC(158) + [CH]=CCCC=C(1627)
    [CH2]C=C(643) + C=CCCC=C(1328) <=> [CH2]C(CC=C)CCC=C(1725)
    [CH2]C=C(643) + C=CCCC=C(1328) <=> C=CCC[CH]CCC=C(1726)
    [CH2]C(C)CC=CCC=C(1727) <=> [CH2]C=C(643) + C=CCCC=C(1328)
    [CH2]CCCC=CCC=C(1728) <=> [CH2]C=C(643) + C=CCCC=C(1328)
    C=CCC[CH]CC[CH]CC(1729) <=> C=CCC(466) + C=CCCC=C(1328)
    [CH2]C(C[CH]CC)CCC=C(1730) <=> C=CCC(466) + C=CCCC=C(1328)
    [CH2]C(CC)C[CH]CCC=C(1731) <=> C=CCC(466) + C=CCCC=C(1328)
    [CH2]C(CC)C([CH2])CCC=C(1732) <=> C=CCC(466) + C=CCCC=C(1328)
    C=C[CH]C(1344) + [CH2]CCCC=C(868) <=> C=CCC(466) + C=CCCC=C(1328)
    C=C[CH]C(1344) + C=CCC[CH]C(997) <=> C=CCC(466) + C=CCCC=C(1328)
    [CH2]CC=C(538) + [CH2]CCCC=C(868) <=> C=CCC(466) + C=CCCC=C(1328)
    [CH2]CC=C(538) + C=CCC[CH]C(997) <=> C=CCC(466) + C=CCCC=C(1328)
    C=[C]CC(1345) + [CH2]CCCC=C(868) <=> C=CCC(466) + C=CCCC=C(1328)
    C=[C]CC(1345) + C=CCC[CH]C(997) <=> C=CCC(466) + C=CCCC=C(1328)
    [CH]=CCC(1346) + [CH2]CCCC=C(868) <=> C=CCC(466) + C=CCCC=C(1328)
    [CH]=CCC(1346) + C=CCC[CH]C(997) <=> C=CCC(466) + C=CCCC=C(1328)
    [CH2]CCC(41) + C=C[CH]CC=C(1625) <=> C=CCC(466) + C=CCCC=C(1328)
    [CH2]CCC(41) + C=[C]CCC=C(1626) <=> C=CCC(466) + C=CCCC=C(1328)
    [CH2]CCC(41) + [CH]=CCCC=C(1627) <=> C=CCC(466) + C=CCCC=C(1328)
    C[CH]CC(469) + C=C[CH]CC=C(1625) <=> C=CCC(466) + C=CCCC=C(1328)
    C[CH]CC(469) + C=[C]CCC=C(1626) <=> C=CCC(466) + C=CCCC=C(1328)
    C[CH]CC(469) + [CH]=CCCC=C(1627) <=> C=CCC(466) + C=CCCC=C(1328)
    C=CCCC(C)CC=CC(1733) <=> C=CCC(466) + C=CCCC=C(1328)
    C=CCCCCCC=CC(1734) <=> C=CCC(466) + C=CCCC=C(1328)
    C=CCC=CCC(C)CC(1735) <=> C=CCC(466) + C=CCCC=C(1328)
    C=CCC=CCCCCC(1736) <=> C=CCC(466) + C=CCCC=C(1328)

After model enlargement:
    The model core has 66 species and 749 reactions
    The model edge has 1670 species and 5167 reactions


Saving current model core to Chemkin file...
Chemkin file contains 756 reactions.
Saving annotated version of Chemkin file...
Chemkin file contains 756 reactions.
Saving current model core and edge to Chemkin file...
Chemkin file contains 5923 reactions.
Saving annotated version of Chemkin file...
Chemkin file contains 5923 reactions.
Saving current model core to HTML file...
Saving current model edge to HTML file...
Updating RMG execution statistics...
    Execution time (DD:HH:MM:SS): 00:00:03:02
    Memory used: 933.11 MB

Making seed mechanism...
Conducting simulation of reaction system 1...
At time 2.4337e-05 s, species C2H3OH(72) at 0.10013977419664626 exceeded the minimum rate for simulation interruption of 0.1
At time 2.4337e-05 s, species C2H3OH(72) at rate ratio 0.10013977419664626 exceeded the minimum rate for moving to model core of 0.1
terminating simulation due to interrupt...


Adding species C2H3OH(72) to model core

Summary of Model Enlargement
---------------------------------
Added 1 new core species
    C2H3OH(72)
Created 0 new edge species
Moved 16 reactions from edge to core
    C2H3OH(72) <=> CH3CHO(37)
    C2H3OH(72) + CCCC[CH]CCCCCCC(43) <=> CH2CHO(36) + C12H24(1)
    C2H3OH(72) + CCCCC[CH]CCCCCC(45) <=> CH2CHO(36) + C12H24(1)
    C2H3OH(72) + C[CH]CCCCCCCCCC(52) <=> CH2CHO(36) + C12H24(1)
    C2H3OH(72) + [CH2]CCCCCCCCCCC(53) <=> CH2CHO(36) + C12H24(1)
    OH(5) + C2H3OH(72) <=> H2O(7) + CH2CHO(36)
    CH2CHO(36) + [CH2]CCCCCCCC(46) <=> C2H3OH(72) + C=CCCCCCCC(138)
    H(3) + C2H3OH(72) <=> H2(6) + CH2CHO(36)
    C2H3(29) + C2H3OH(72) <=> CH2CHO(36) + C2H4(30)
    CH2CHO(36) + [CH2]CCCCCC(40) <=> C2H3OH(72) + C=CCCCCC(546)
    HCO(14) + C2H3OH(72) <=> CH2O(19) + CH2CHO(36)
    CH3(18) + C2H3OH(72) <=> CH4(31) + CH2CHO(36)
    C2H3OH(72) + [CH2]C=C(643) <=> CH2CHO(36) + C=CC(158)
    H(3) + C2H3OH(72) <=> CH2CH2OH(241)
    O2(2) + CH2CH2OH(241) <=> HO2(10) + C2H3OH(72)
    H2O2(11) + CH2CHO(36) <=> HO2(10) + C2H3OH(72)
Added 0 new core reactions
Created 0 new edge reactions

After model enlargement:
    The model core has 67 species and 765 reactions
    The model edge has 1669 species and 5151 reactions


At time 6.7924e-05 s, reached target termination conversion: 0.900000 of C12H24(1)
    C12H24(1) conversion: 0.9001    

For reaction generation 1 process is used.
Generating thermo for new species...
Generating kinetics for new reactions...
For reaction HOCO(102) + CH2CHO(36) <=> CO2(13) + C2H3OH(72) Ea raised from -3.9 to -3.9 kJ/mol.
For reaction C=[C]O(69) + CH2CHO(36) <=> CH2CO(28) + C2H3OH(72) Ea raised from -3.9 to -3.9 kJ/mol.
For reaction O2(2) + C2H3OH(72) <=> [CH2]C(O)O[O](1798), Ea raised from 124.2 to 128.0 kJ/mol to match endothermicity of reaction.
For reaction O2(2) + C2H3OH(72) <=> [O]OC[CH]O(1799), Ea raised from 132.2 to 134.8 kJ/mol to match endothermicity of reaction.
Warning: Marked reaction C2H3OH(72) <=> CH3CHO(37) as duplicate of C2H3OH(72) <=> CH3CHO(37) for saving to Chemkin file.

Summary of Secondary Model Edge Enlargement
---------------------------------
Added 0 new core species
Created 133 new edge species
    C[C-]=[OH+](1737)
    [CH]CO(1738)
    [CH2]C(O)O(1739)
    O[CH]CO(1740)
    OCCO(1741)
    CC(O)O(1742)
    [CH2]C(O)OO(1743)
    O[CH]COO(1744)
    C=C(O)C=O(1745)
    O=CC=CO(1746)
    [C-]=[O+]CC=O(1747)
    O=CC[C-]=[OH+](1748)
    C=C(O)OC=O(1749)
    O=COC=CO(1750)
    C=C(O)C(=O)O(1751)
    O=C(O)C=CO(1752)
    [O]C(=O)C[CH]O(1753)
    [CH2]C(O)C([O])=O(1754)
    O=[C]OC[CH]O(1755)
    [CH2]C(O)O[C]=O(1756)
    CC[CH]O(1757)
    [O]CC[CH]O(1758)
    [CH2]C(O)C[O](1759)
    [CH2]OC[CH]O(1760)
    [CH2]OC([CH2])O(1761)
    OC1CCO1(1762)
    OC1COC1(1763)
    COCC=O(1764)
    O=CCCO(1765)
    [CH]=CC[CH]O(1766)
    [CH]=CC([CH2])O(1767)
    COCCO(1768)
    COC(C)O(1769)
    CC(O)CO(1770)
    CCC(O)O(1771)
    C=CC(=O)CO(1772)
    C=C([O])C[CH]O(1773)
    [CH2]C(O)C(=C)[O](1774)
    C=[C]OC[CH]O(1775)
    [CH2]C(O)O[C]=C(1776)
    O=[C]CC[CH]O(1777)
    [CH2]C(O)C[C]=O(1778)
    O=C1CCC1O(1779)
    O=C1CC(O)C1(1780)
    C#COCCO(1781)
    O=CCCC=O(1782)
    C=C(O)CC=O(1783)
    CC(=O)CC=O(1784)
    [CH2]CC(C)C(1785)
    [CH2]CC[CH]O(1786)
    [CH2]CC([CH2])O(1787)
    CCCC=O(1788)
    CC([O])C[CH]O(1789)
    [CH2]C(O)C(C)[O](1790)
    C[CH]OC[CH]O(1791)
    [CH2]C(O)O[CH]C(1792)
    CC1CC(O)O1(1793)
    CC1OCC1O(1794)
    C=COCCO(1795)
    CCOCC=O(1796)
    CC(O)CC=O(1797)
    [CH2]C(O)O[O](1798)
    [O]OC[CH]O(1799)
    C=CC(C)CO(1800)
    C[CH]CC[CH]O(1801)
    [CH2]C(O)C[CH]C(1802)
    [CH2]C(C)C[CH]O(1803)
    [CH2]C(C)C([CH2])O(1804)
    C=CCCCO(1805)
    CC(C)CC=O(1806)
    CCCCC=O(1807)
    C=CC(CO)CCCCCCC(1808)
    C=CCC(O)CCCCCCC(1809)
    CCCCCCC[CH]CC[CH]O(1810)
    [CH2]C(O)C[CH]CCCCCCC(1811)
    [CH2]C(C[CH]O)CCCCCCC(1812)
    [CH2]C(O)C([CH2])CCCCCCC(1813)
    CCCCCCC=CCCCO(1814)
    CCCCCCCC(C)CC=O(1815)
    C=CC(CO)CCCC(1816)
    C=CCC(O)CCCC(1817)
    CCCC[CH]CC[CH]O(1818)
    [CH2]C(O)C[CH]CCCC(1819)
    [CH2]C(C[CH]O)CCCC(1820)
    [CH2]C(O)C([CH2])CCCC(1821)
    CCCC=CCCCO(1822)
    CCCCC(C)CC=O(1823)
    C=CC(CO)CCCCC(1824)
    C=CCC(O)CCCCC(1825)
    CCCCC[CH]CC[CH]O(1826)
    [CH2]C(O)C[CH]CCCCC(1827)
    [CH2]C(C[CH]O)CCCCC(1828)
    [CH2]C(O)C([CH2])CCCCC(1829)
    CCCCC=CCCCO(1830)
    CCCCCC(C)CC=O(1831)
    [CH2][CH]CC[CH]O(1832)
    [CH2][CH]CC([CH2])O(1833)
    [CH2]C([CH2])C[CH]O(1834)
    [CH2]C([CH2])C([CH2])O(1835)
    C=CCC[CH]O(1836)
    C=CC(CC)CO(1837)
    C=CCC(O)CC(1838)
    CC[CH]CC[CH]O(1839)
    [CH2]C(O)C[CH]CC(1840)
    [CH2]C(CC)C[CH]O(1841)
    [CH2]C(O)C([CH2])CC(1842)
    CC=CCCCO(1843)
    CCC(C)CC=O(1844)
    CCCCCC=O(1845)
    [O]OC([O])C[CH]O(1846)
    [CH2]C(O)C([O])O[O](1847)
    [O]O[CH]OC[CH]O(1848)
    [CH2]C(O)O[CH]O[O](1849)
    [O]OC1CC(O)O1(1850)
    [O]OC1OCC1O(1851)
    [CH2]C(O)OOC=O(1852)
    O=COOC[CH]O(1853)
    [O]OCOCC=O(1854)
    [O]OC(O)CC=O(1855)
    C=CCCC(C=C)CO(1856)
    C=CCCC(O)CC=C(1857)
    C=CCC[CH]CC[CH]O(1858)
    [CH2]C(O)C[CH]CCC=C(1859)
    [CH2]C(C[CH]O)CCC=C(1860)
    [CH2]C(O)C([CH2])CCC=C(1861)
    C=CCC=CCCCO(1862)
    C=CCCC(C)CC=O(1863)
    C=CC(O)CO(1864)
    C=CCC(O)O(1865)
    O[CH]CC[CH]O(1866)
    [CH2]C(O)C[CH]O(1867)
    [CH2]C(O)C([CH2])O(1868)
    O=CCCCO(1869)
Added 37 new core reactions
    OH(5) + C2H3(29) <=> C2H3OH(72)
    H(3) + CH2CHO(36) <=> C2H3OH(72)
    C2H3OH(72) <=> CH3CHO(37)
    O(4) + CH2CH2OH(241) <=> OH(5) + C2H3OH(72)
    H(3) + CH2CH2OH(241) <=> H2(6) + C2H3OH(72)
    OH(5) + CH2CH2OH(241) <=> H2O(7) + C2H3OH(72)
    HO2(10) + CH2CH2OH(241) <=> H2O2(11) + C2H3OH(72)
    HCO(14) + CH2CHO(36) <=> CO(12) + C2H3OH(72)
    CH2(T)(17) + CH2CH2OH(241) <=> CH3(18) + C2H3OH(72)
    HCO(14) + CH2CH2OH(241) <=> CH2O(19) + C2H3OH(72)
    CH2OH(34) + CH2CHO(36) <=> CH2O(19) + C2H3OH(72)
    CH3O(27) + CH2CHO(36) <=> CH2O(19) + C2H3OH(72)
    C2H(21) + CH2CH2OH(241) <=> C2H2(22) + C2H3OH(72)
    C2H3(29) + CH2CHO(36) <=> C2H2(22) + C2H3OH(72)
    CH2OH(34) + CH2CH2OH(241) <=> CH3OH(26) + C2H3OH(72)
    CH3O(27) + CH2CH2OH(241) <=> CH3OH(26) + C2H3OH(72)
    HCCO(20) + CH2CH2OH(241) <=> CH2CO(28) + C2H3OH(72)
    CH2CHO(36) + CH3CO(35) <=> CH2CO(28) + C2H3OH(72)
    CH2CHO(36) + CH2CHO(36) <=> CH2CO(28) + C2H3OH(72)
    C2H3(29) + CH2CH2OH(241) <=> C2H4(30) + C2H3OH(72)
    CH2CHO(36) + C2H5(33) <=> C2H4(30) + C2H3OH(72)
    CH3(18) + CH2CH2OH(241) <=> CH4(31) + C2H3OH(72)
    C2H5(33) + CH2CH2OH(241) <=> C2H3OH(72) + C2H6(32)
    CH2CHO(36) + CH2CH2OH(241) <=> C2H3OH(72) + CH3CHO(37)
    CH3CO(35) + CH2CH2OH(241) <=> C2H3OH(72) + CH3CHO(37)
    CH2CH2OH(241) + CCCC[CH]CCCCCCC(43) <=> C2H3OH(72) + C12H24(1)
    CH2CH2OH(241) + CCCCC[CH]CCCCCC(45) <=> C2H3OH(72) + C12H24(1)
    CH2CH2OH(241) + C[CH]CCCCCCCCCC(52) <=> C2H3OH(72) + C12H24(1)
    CH2CH2OH(241) + [CH2]CCCCCCCCCCC(53) <=> C2H3OH(72) + C12H24(1)
    HO2(10) + CH2CHO(36) <=> O2(2) + C2H3OH(72)
    CH2CH2OH(241) + [CH2]C=C(643) <=> C2H3OH(72) + C=CC(158)
    CH2CHO(36) + [CH2]CC(47) <=> C2H3OH(72) + C=CC(158)
    CH2CHO(36) + C[CH]C(160) <=> C2H3OH(72) + C=CC(158)
    CH2CHO(36) + [CH2]CCCCC(44) <=> C2H3OH(72) + C=CCCCC(514)
    CH2CHO(36) + C[CH]CCCC(519) <=> C2H3OH(72) + C=CCCCC(514)
    CH2CHO(36) + [CH2]CCC(41) <=> C2H3OH(72) + C=CCC(466)
    CH2CHO(36) + CH2CH2OH(241) <=> C2H3OH(72) + C2H3OH(72)
Created 366 new edge reactions
    [CH2]C[O](71) <=> C2H3OH(72)
    H(3) + C=[C]O(69) <=> C2H3OH(72)
    H(3) + [CH]=CO(70) <=> C2H3OH(72)
    C[C-]=[OH+](1737) <=> C2H3OH(72)
    [CH]CO(1738) <=> C2H3OH(72)
    O(4) + CH3CHOH(133) <=> OH(5) + C2H3OH(72)
    OH(5) + C2H3OH(72) <=> H2O(7) + C=[C]O(69)
    OH(5) + C2H3OH(72) <=> H2O(7) + [CH]=CO(70)
    OH(5) + C2H3OH(72) <=> [CH2]C(O)O(1739)
    OH(5) + C2H3OH(72) <=> O[CH]CO(1740)
    H(3) + CH3CHOH(133) <=> H2(6) + C2H3OH(72)
    H2O(7) + C2H3OH(72) <=> OCCO(1741)
    H2O(7) + C2H3OH(72) <=> CC(O)O(1742)
    OH(5) + CH3CHOH(133) <=> H2O(7) + C2H3OH(72)
    O2(2) + CH3CHOH(133) <=> HO2(10) + C2H3OH(72)
    CC(O)O[O](264) <=> HO2(10) + C2H3OH(72)
    [O]OCCO(1599) <=> HO2(10) + C2H3OH(72)
    H2O2(11) + C=[C]O(69) <=> HO2(10) + C2H3OH(72)
    H2O2(11) + [CH]=CO(70) <=> HO2(10) + C2H3OH(72)
    HO2(10) + C2H3OH(72) <=> [CH2]C(O)OO(1743)
    HO2(10) + C2H3OH(72) <=> O[CH]COO(1744)
    HO2(10) + CH3CHOH(133) <=> H2O2(11) + C2H3OH(72)
    CO(12) + C2H3OH(72) <=> C=COC=O(325)
    CO(12) + C2H3OH(72) <=> C=C(O)C=O(1745)
    CO(12) + C2H3OH(72) <=> O=CC=CO(1746)
    HCO(14) + C=[C]O(69) <=> CO(12) + C2H3OH(72)
    HCO(14) + [CH]=CO(70) <=> CO(12) + C2H3OH(72)
    [C-]=[O+]CC=O(1747) <=> CO(12) + C2H3OH(72)
    O=CC[C-]=[OH+](1748) <=> CO(12) + C2H3OH(72)
    CO2(13) + C2H3OH(72) <=> C=C(O)OC=O(1749)
    CO2(13) + C2H3OH(72) <=> O=COC=CO(1750)
    CO2(13) + C2H3OH(72) <=> C=C(O)C(=O)O(1751)
    CO2(13) + C2H3OH(72) <=> O=C(O)C=CO(1752)
    [O]C(=O)C[CH]O(1753) <=> CO2(13) + C2H3OH(72)
    [CH2]C(O)C([O])=O(1754) <=> CO2(13) + C2H3OH(72)
    O=[C]OC[CH]O(1755) <=> CO2(13) + C2H3OH(72)
    [CH2]C(O)O[C]=O(1756) <=> CO2(13) + C2H3OH(72)
    HOCO(102) + C=[C]O(69) <=> CO2(13) + C2H3OH(72)
    HOCO(102) + [CH]=CO(70) <=> CO2(13) + C2H3OH(72)
    HOCO(102) + CH2CHO(36) <=> CO2(13) + C2H3OH(72)
    [O]C=O(103) + C=[C]O(69) <=> CO2(13) + C2H3OH(72)
    [O]C=O(103) + [CH]=CO(70) <=> CO2(13) + C2H3OH(72)
    [O]C=O(103) + CH2CHO(36) <=> CO2(13) + C2H3OH(72)
    O=CCOC=O(346) <=> CO2(13) + C2H3OH(72)
    O=CCC(=O)O(347) <=> CO2(13) + C2H3OH(72)
    CH2(T)(17) + CH3CHOH(133) <=> CH3(18) + C2H3OH(72)
    CH4(31) + C=[C]O(69) <=> CH3(18) + C2H3OH(72)
    CH3(18) + C2H3OH(72) <=> CH4(31) + [CH]=CO(70)
    CH3(18) + C2H3OH(72) <=> [CH2]C(C)O(649)
    CH3(18) + C2H3OH(72) <=> CC[CH]O(1757)
    [O]CC[CH]O(1758) <=> CH2O(19) + C2H3OH(72)
    [CH2]C(O)C[O](1759) <=> CH2O(19) + C2H3OH(72)
    [CH2]OC[CH]O(1760) <=> CH2O(19) + C2H3OH(72)
    [CH2]OC([CH2])O(1761) <=> CH2O(19) + C2H3OH(72)
    CH2O(19) + C2H3OH(72) <=> OC1CCO1(1762)
    CH2O(19) + C2H3OH(72) <=> OC1COC1(1763)
    HCO(14) + CH3CHOH(133) <=> CH2O(19) + C2H3OH(72)
    CH2OH(34) + C=[C]O(69) <=> CH2O(19) + C2H3OH(72)
    CH2OH(34) + [CH]=CO(70) <=> CH2O(19) + C2H3OH(72)
    CH3O(27) + C=[C]O(69) <=> CH2O(19) + C2H3OH(72)
    CH3O(27) + [CH]=CO(70) <=> CH2O(19) + C2H3OH(72)
    COCC=O(1764) <=> CH2O(19) + C2H3OH(72)
    O=CCCO(1765) <=> CH2O(19) + C2H3OH(72)
    [CH]=CC[CH]O(1766) <=> C2H2(22) + C2H3OH(72)
    [CH]=CC([CH2])O(1767) <=> C2H2(22) + C2H3OH(72)
    C2H(21) + CH3CHOH(133) <=> C2H2(22) + C2H3OH(72)
    C2H3(29) + C=[C]O(69) <=> C2H2(22) + C2H3OH(72)
    C2H3(29) + [CH]=CO(70) <=> C2H2(22) + C2H3OH(72)
    C=CCC=O(655) <=> C2H2(22) + C2H3OH(72)
    CH3OH(26) + C2H3OH(72) <=> COCCO(1768)
    CH3OH(26) + C2H3OH(72) <=> COC(C)O(1769)
    CH3OH(26) + C2H3OH(72) <=> CC(O)CO(1770)
    CH3OH(26) + C2H3OH(72) <=> CCC(O)O(1771)
    CH2OH(34) + CH3CHOH(133) <=> CH3OH(26) + C2H3OH(72)
    CH3O(27) + CH3CHOH(133) <=> CH3OH(26) + C2H3OH(72)
    CH2CO(28) + C2H3OH(72) <=> C=COC(C)=O(440)
    CH2CO(28) + C2H3OH(72) <=> C=CCC(=O)O(665)
    CH2CO(28) + C2H3OH(72) <=> C=COCC=O(438)
    CH2CO(28) + C2H3OH(72) <=> C=CC(=O)CO(1772)
    C=C([O])C[CH]O(1773) <=> CH2CO(28) + C2H3OH(72)
    [CH2]C(O)C(=C)[O](1774) <=> CH2CO(28) + C2H3OH(72)
    C=[C]OC[CH]O(1775) <=> CH2CO(28) + C2H3OH(72)
    [CH2]C(O)O[C]=C(1776) <=> CH2CO(28) + C2H3OH(72)
    O=[C]CC[CH]O(1777) <=> CH2CO(28) + C2H3OH(72)
    [CH2]C(O)C[C]=O(1778) <=> CH2CO(28) + C2H3OH(72)
    CH2CO(28) + C2H3OH(72) <=> O=C1CCC1O(1779)
    CH2CO(28) + C2H3OH(72) <=> O=C1CC(O)C1(1780)
    HCCO(20) + CH3CHOH(133) <=> CH2CO(28) + C2H3OH(72)
    C=[C]O(69) + C=[C]O(69) <=> CH2CO(28) + C2H3OH(72)
    C=[C]O(69) + [CH]=CO(70) <=> CH2CO(28) + C2H3OH(72)
    C=[C]O(69) + CH2CHO(36) <=> CH2CO(28) + C2H3OH(72)
    C=[C]O(69) + CH3CO(35) <=> CH2CO(28) + C2H3OH(72)
    CH3CO(35) + [CH]=CO(70) <=> CH2CO(28) + C2H3OH(72)
    C=[C]O(69) + CH2CHO(36) <=> CH2CO(28) + C2H3OH(72)
    CH2CHO(36) + [CH]=CO(70) <=> CH2CO(28) + C2H3OH(72)
    C#COC(C)O(436) <=> CH2CO(28) + C2H3OH(72)
    C#COCCO(1781) <=> CH2CO(28) + C2H3OH(72)
    C=COCC=O(438) <=> CH2CO(28) + C2H3OH(72)
    O=CCCC=O(1782) <=> CH2CO(28) + C2H3OH(72)
    C=C(O)CC=O(1783) <=> CH2CO(28) + C2H3OH(72)
    CC(=O)CC=O(1784) <=> CH2CO(28) + C2H3OH(72)
    C2H5(33) + C[C]C(1597) <=> C2H4(30) + C[CH]C(160)
    C2H5(33) + [CH2][CH]C(159) <=> C2H4(30) + C[CH]C(160)
    C2H3(29) + CCC(165) <=> C2H4(30) + C[CH]C(160)
    C2H4(30) + C[CH]C(160) <=> [CH2]CC(C)C(1785)
    C2H4(30) + C2H3OH(72) <=> C=COCC(448)
    C2H4(30) + C2H3OH(72) <=> C=CCCO(680)
    [CH2]CC[CH]O(1786) <=> C2H4(30) + C2H3OH(72)
    [CH2]CC([CH2])O(1787) <=> C2H4(30) + C2H3OH(72)
    C2H3(29) + CH3CHOH(133) <=> C2H4(30) + C2H3OH(72)
    C=[C]O(69) + C2H5(33) <=> C2H4(30) + C2H3OH(72)
    [CH]=CO(70) + C2H5(33) <=> C2H4(30) + C2H3OH(72)
    CCCC=O(1788) <=> C2H4(30) + C2H3OH(72)
    CH3(18) + CH3CHOH(133) <=> CH4(31) + C2H3OH(72)
    C2H5(33) + CH3CHOH(133) <=> C2H3OH(72) + C2H6(32)
    CC([O])C[CH]O(1789) <=> C2H3OH(72) + CH3CHO(37)
    [CH2]C(O)C(C)[O](1790) <=> C2H3OH(72) + CH3CHO(37)
    C[CH]OC[CH]O(1791) <=> C2H3OH(72) + CH3CHO(37)
    [CH2]C(O)O[CH]C(1792) <=> C2H3OH(72) + CH3CHO(37)
    C2H3OH(72) + CH3CHO(37) <=> CC1CC(O)O1(1793)
    C2H3OH(72) + CH3CHO(37) <=> CC1OCC1O(1794)
    CH2CHO(36) + CH3CHOH(133) <=> C2H3OH(72) + CH3CHO(37)
    CH3CO(35) + CH3CHOH(133) <=> C2H3OH(72) + CH3CHO(37)
    C=[C]O(69) + CH3CHOH(133) <=> C2H3OH(72) + CH3CHO(37)
    [CH]=CO(70) + CH3CHOH(133) <=> C2H3OH(72) + CH3CHO(37)
    CH2CHO(36) + CH3CHOH(133) <=> C2H3OH(72) + CH3CHO(37)
    C=[C]O(69) + CH3CH2O(134) <=> C2H3OH(72) + CH3CHO(37)
    [CH]=CO(70) + CH3CH2O(134) <=> C2H3OH(72) + CH3CHO(37)
    CH2CHO(36) + CH3CH2O(134) <=> C2H3OH(72) + CH3CHO(37)
    C=COC(C)O(460) <=> C2H3OH(72) + CH3CHO(37)
    C=COCCO(1795) <=> C2H3OH(72) + CH3CHO(37)
    CCOCC=O(1796) <=> C2H3OH(72) + CH3CHO(37)
    CC(O)CC=O(1797) <=> C2H3OH(72) + CH3CHO(37)
    CH3CHOH(133) + CCCC[CH]CCCCCCC(43) <=> C2H3OH(72) + C12H24(1)
    CH3CHOH(133) + CCCCC[CH]CCCCCC(45) <=> C2H3OH(72) + C12H24(1)
    CH2CH2OH(241) + CCC[CH]CCCCCCCC(48) <=> C2H3OH(72) + C12H24(1)
    CH3CHOH(133) + CCC[CH]CCCCCCCC(48) <=> C2H3OH(72) + C12H24(1)
    CH2CH2OH(241) + CC[CH]CCCCCCCCC(50) <=> C2H3OH(72) + C12H24(1)
    CH3CHOH(133) + CC[CH]CCCCCCCCC(50) <=> C2H3OH(72) + C12H24(1)
    CH3CHOH(133) + C[CH]CCCCCCCCCC(52) <=> C2H3OH(72) + C12H24(1)
    CH3CHOH(133) + [CH2]CCCCCCCCCCC(53) <=> C2H3OH(72) + C12H24(1)
    HO2(10) + C=[C]O(69) <=> O2(2) + C2H3OH(72)
    O2(2) + C2H3OH(72) <=> HO2(10) + [CH]=CO(70)
    O2(2) + C2H3OH(72) <=> [CH2]C(O)O[O](1798)
    O2(2) + C2H3OH(72) <=> [O]OC[CH]O(1799)
    C2H3OH(72) + C=CC(158) <=> C=COCCC(727)
    C2H3OH(72) + C=CC(158) <=> C=CC(C)CO(1800)
    C2H3OH(72) + C=CC(158) <=> C=COC(C)C(726)
    C2H3OH(72) + C=CC(158) <=> C=CCC(C)O(729)
    C[CH]CC[CH]O(1801) <=> C2H3OH(72) + C=CC(158)
    [CH2]C(O)C[CH]C(1802) <=> C2H3OH(72) + C=CC(158)
    [CH2]C(C)C[CH]O(1803) <=> C2H3OH(72) + C=CC(158)
    [CH2]C(C)C([CH2])O(1804) <=> C2H3OH(72) + C=CC(158)
    CH3CHOH(133) + [CH2]C=C(643) <=> C2H3OH(72) + C=CC(158)
    CH2CH2OH(241) + C=[C]C(644) <=> C2H3OH(72) + C=CC(158)
    CH3CHOH(133) + C=[C]C(644) <=> C2H3OH(72) + C=CC(158)
    CH2CH2OH(241) + [CH]=CC(374) <=> C2H3OH(72) + C=CC(158)
    CH3CHOH(133) + [CH]=CC(374) <=> C2H3OH(72) + C=CC(158)
    C=[C]O(69) + [CH2]CC(47) <=> C2H3OH(72) + C=CC(158)
    [CH]=CO(70) + [CH2]CC(47) <=> C2H3OH(72) + C=CC(158)
    C=[C]O(69) + C[CH]C(160) <=> C2H3OH(72) + C=CC(158)
    [CH]=CO(70) + C[CH]C(160) <=> C2H3OH(72) + C=CC(158)
    C=CCC(C)O(729) <=> C2H3OH(72) + C=CC(158)
    C=CCCCO(1805) <=> C2H3OH(72) + C=CC(158)
    CC(C)CC=O(1806) <=> C2H3OH(72) + C=CC(158)
    CCCCC=O(1807) <=> C2H3OH(72) + C=CC(158)
    C2H3OH(72) + C=CCCCCCCC(138) <=> C=COCCCCCCCCC(453)
    C2H3OH(72) + C=CCCCCCCC(138) <=> C=CC(CO)CCCCCCC(1808)
    C2H3OH(72) + C=CCCCCCCC(138) <=> C=COC(C)CCCCCCC(981)
    C2H3OH(72) + C=CCCCCCCC(138) <=> C=CCC(O)CCCCCCC(1809)
    CCCCCCC[CH]CC[CH]O(1810) <=> C2H3OH(72) + C=CCCCCCCC(138)
    [CH2]C(O)C[CH]CCCCCCC(1811) <=> C2H3OH(72) + C=CCCCCCCC(138)
    [CH2]C(C[CH]O)CCCCCCC(1812) <=> C2H3OH(72) + C=CCCCCCCC(138)
    [CH2]C(O)C([CH2])CCCCCCC(1813) <=> C2H3OH(72) + C=CCCCCCCC(138)
    CH2CH2OH(241) + C=CC[CH]CCCCC(872) <=> C2H3OH(72) + C=CCCCCCCC(138)
    CH3CHOH(133) + C=CC[CH]CCCCC(872) <=> C2H3OH(72) + C=CCCCCCCC(138)
    CH2CH2OH(241) + C=CCC[CH]CCCC(867) <=> C2H3OH(72) + C=CCCCCCCC(138)
    CH3CHOH(133) + C=CCC[CH]CCCC(867) <=> C2H3OH(72) + C=CCCCCCCC(138)
    CH2CH2OH(241) + C=CCCC[CH]CCC(869) <=> C2H3OH(72) + C=CCCCCCCC(138)
    CH3CHOH(133) + C=CCCC[CH]CCC(869) <=> C2H3OH(72) + C=CCCCCCCC(138)
    CH2CH2OH(241) + C=CCCCC[CH]CC(871) <=> C2H3OH(72) + C=CCCCCCCC(138)
    CH3CHOH(133) + C=CCCCC[CH]CC(871) <=> C2H3OH(72) + C=CCCCCCCC(138)
    CH2CH2OH(241) + C=CCCCCC[CH]C(874) <=> C2H3OH(72) + C=CCCCCCCC(138)
    CH3CHOH(133) + C=CCCCCC[CH]C(874) <=> C2H3OH(72) + C=CCCCCCCC(138)
    CH2CH2OH(241) + C=C[CH]CCCCCC(875) <=> C2H3OH(72) + C=CCCCCCCC(138)
    CH3CHOH(133) + C=C[CH]CCCCCC(875) <=> C2H3OH(72) + C=CCCCCCCC(138)
    CH2CH2OH(241) + [CH2]CCCCCCC=C(876) <=> C2H3OH(72) + C=CCCCCCCC(138)
    CH3CHOH(133) + [CH2]CCCCCCC=C(876) <=> C2H3OH(72) + C=CCCCCCCC(138)
    CH2CH2OH(241) + C=[C]CCCCCCC(877) <=> C2H3OH(72) + C=CCCCCCCC(138)
    CH3CHOH(133) + C=[C]CCCCCCC(877) <=> C2H3OH(72) + C=CCCCCCCC(138)
    CH2CH2OH(241) + [CH]=CCCCCCCC(585) <=> C2H3OH(72) + C=CCCCCCCC(138)
    CH3CHOH(133) + [CH]=CCCCCCCC(585) <=> C2H3OH(72) + C=CCCCCCCC(138)
    C=[C]O(69) + [CH2]CCCCCCCC(46) <=> C2H3OH(72) + C=CCCCCCCC(138)
    [CH]=CO(70) + [CH2]CCCCCCCC(46) <=> C2H3OH(72) + C=CCCCCCCC(138)
    C=[C]O(69) + C[CH]CCCCCCC(153) <=> C2H3OH(72) + C=CCCCCCCC(138)
    [CH]=CO(70) + C[CH]CCCCCCC(153) <=> C2H3OH(72) + C=CCCCCCCC(138)
    CH2CHO(36) + C[CH]CCCCCCC(153) <=> C2H3OH(72) + C=CCCCCCCC(138)
    CCCCCCC=CCC(C)O(983) <=> C2H3OH(72) + C=CCCCCCCC(138)
    CCCCCCC=CCCCO(1814) <=> C2H3OH(72) + C=CCCCCCCC(138)
    CCCCCCCC(C)CC=O(1815) <=> C2H3OH(72) + C=CCCCCCCC(138)
    CCCCCCCCCCC=O(451) <=> C2H3OH(72) + C=CCCCCCCC(138)
    C2H3OH(72) + C=CCCCC(514) <=> C=COCCCCCC(1079)
    C2H3OH(72) + C=CCCCC(514) <=> C=CC(CO)CCCC(1816)
    C2H3OH(72) + C=CCCCC(514) <=> C=COC(C)CCCC(1078)
    C2H3OH(72) + C=CCCCC(514) <=> C=CCC(O)CCCC(1817)
    CCCC[CH]CC[CH]O(1818) <=> C2H3OH(72) + C=CCCCC(514)
    [CH2]C(O)C[CH]CCCC(1819) <=> C2H3OH(72) + C=CCCCC(514)
    [CH2]C(C[CH]O)CCCC(1820) <=> C2H3OH(72) + C=CCCCC(514)
    [CH2]C(O)C([CH2])CCCC(1821) <=> C2H3OH(72) + C=CCCCC(514)
    CH2CH2OH(241) + C=CC[CH]CC(996) <=> C2H3OH(72) + C=CCCCC(514)
    CH3CHOH(133) + C=CC[CH]CC(996) <=> C2H3OH(72) + C=CCCCC(514)
    CH2CH2OH(241) + C=CCC[CH]C(997) <=> C2H3OH(72) + C=CCCCC(514)
    CH3CHOH(133) + C=CCC[CH]C(997) <=> C2H3OH(72) + C=CCCCC(514)
    CH2CH2OH(241) + C=C[CH]CCC(998) <=> C2H3OH(72) + C=CCCCC(514)
    CH3CHOH(133) + C=C[CH]CCC(998) <=> C2H3OH(72) + C=CCCCC(514)
    CH2CH2OH(241) + [CH2]CCCC=C(868) <=> C2H3OH(72) + C=CCCCC(514)
    CH3CHOH(133) + [CH2]CCCC=C(868) <=> C2H3OH(72) + C=CCCCC(514)
    CH2CH2OH(241) + C=[C]CCCC(999) <=> C2H3OH(72) + C=CCCCC(514)
    CH3CHOH(133) + C=[C]CCCC(999) <=> C2H3OH(72) + C=CCCCC(514)
    CH2CH2OH(241) + [CH]=CCCCC(500) <=> C2H3OH(72) + C=CCCCC(514)
    CH3CHOH(133) + [CH]=CCCCC(500) <=> C2H3OH(72) + C=CCCCC(514)
    C=[C]O(69) + [CH2]CCCCC(44) <=> C2H3OH(72) + C=CCCCC(514)
    [CH]=CO(70) + [CH2]CCCCC(44) <=> C2H3OH(72) + C=CCCCC(514)
    C=[C]O(69) + C[CH]CCCC(519) <=> C2H3OH(72) + C=CCCCC(514)
    [CH]=CO(70) + C[CH]CCCC(519) <=> C2H3OH(72) + C=CCCCC(514)
    CCCC=CCC(C)O(1081) <=> C2H3OH(72) + C=CCCCC(514)
    CCCC=CCCCO(1822) <=> C2H3OH(72) + C=CCCCC(514)
    CCCCC(C)CC=O(1823) <=> C2H3OH(72) + C=CCCCC(514)
    CCCCCCCC=O(583) <=> C2H3OH(72) + C=CCCCC(514)
    C2H3OH(72) + C=CCCCCC(546) <=> C=COCCCCCCC(592)
    C2H3OH(72) + C=CCCCCC(546) <=> C=CC(CO)CCCCC(1824)
    C2H3OH(72) + C=CCCCCC(546) <=> C=COC(C)CCCCC(1201)
    C2H3OH(72) + C=CCCCCC(546) <=> C=CCC(O)CCCCC(1825)
    CCCCC[CH]CC[CH]O(1826) <=> C2H3OH(72) + C=CCCCCC(546)
    [CH2]C(O)C[CH]CCCCC(1827) <=> C2H3OH(72) + C=CCCCCC(546)
    [CH2]C(C[CH]O)CCCCC(1828) <=> C2H3OH(72) + C=CCCCCC(546)
    [CH2]C(O)C([CH2])CCCCC(1829) <=> C2H3OH(72) + C=CCCCCC(546)
    CH2CH2OH(241) + C=CC[CH]CCC(1117) <=> C2H3OH(72) + C=CCCCCC(546)
    CH3CHOH(133) + C=CC[CH]CCC(1117) <=> C2H3OH(72) + C=CCCCCC(546)
    CH2CH2OH(241) + C=CCC[CH]CC(1116) <=> C2H3OH(72) + C=CCCCCC(546)
    CH3CHOH(133) + C=CCC[CH]CC(1116) <=> C2H3OH(72) + C=CCCCCC(546)
    CH2CH2OH(241) + C=CCCC[CH]C(1118) <=> C2H3OH(72) + C=CCCCCC(546)
    CH3CHOH(133) + C=CCCC[CH]C(1118) <=> C2H3OH(72) + C=CCCCCC(546)
    CH2CH2OH(241) + C=C[CH]CCCC(1119) <=> C2H3OH(72) + C=CCCCCC(546)
    CH3CHOH(133) + C=C[CH]CCCC(1119) <=> C2H3OH(72) + C=CCCCCC(546)
    CH2CH2OH(241) + [CH2]CCCCC=C(870) <=> C2H3OH(72) + C=CCCCCC(546)
    CH3CHOH(133) + [CH2]CCCCC=C(870) <=> C2H3OH(72) + C=CCCCCC(546)
    CH2CH2OH(241) + C=[C]CCCCC(1120) <=> C2H3OH(72) + C=CCCCCC(546)
    CH3CHOH(133) + C=[C]CCCCC(1120) <=> C2H3OH(72) + C=CCCCCC(546)
    CH2CH2OH(241) + [CH]=CCCCCC(1121) <=> C2H3OH(72) + C=CCCCCC(546)
    CH3CHOH(133) + [CH]=CCCCCC(1121) <=> C2H3OH(72) + C=CCCCCC(546)
    C=[C]O(69) + [CH2]CCCCCC(40) <=> C2H3OH(72) + C=CCCCCC(546)
    [CH]=CO(70) + [CH2]CCCCCC(40) <=> C2H3OH(72) + C=CCCCCC(546)
    C=[C]O(69) + C[CH]CCCCC(552) <=> C2H3OH(72) + C=CCCCCC(546)
    [CH]=CO(70) + C[CH]CCCCC(552) <=> C2H3OH(72) + C=CCCCCC(546)
    CH2CHO(36) + C[CH]CCCCC(552) <=> C2H3OH(72) + C=CCCCCC(546)
    CCCCC=CCC(C)O(1203) <=> C2H3OH(72) + C=CCCCCC(546)
    CCCCC=CCCCO(1830) <=> C2H3OH(72) + C=CCCCCC(546)
    CCCCCC(C)CC=O(1831) <=> C2H3OH(72) + C=CCCCCC(546)
    CCCCCCCCC=O(590) <=> C2H3OH(72) + C=CCCCCC(546)
    [CH2][CH]CC[CH]O(1832) <=> C2H3OH(72) + [CH2]C=C(643)
    [CH2][CH]CC([CH2])O(1833) <=> C2H3OH(72) + [CH2]C=C(643)
    [CH2]C([CH2])C[CH]O(1834) <=> C2H3OH(72) + [CH2]C=C(643)
    [CH2]C([CH2])C([CH2])O(1835) <=> C2H3OH(72) + [CH2]C=C(643)
    CH2CH2OH(241) + [CH]C=C(1234) <=> C2H3OH(72) + [CH2]C=C(643)
    CH3CHOH(133) + [CH]C=C(1234) <=> C2H3OH(72) + [CH2]C=C(643)
    CH2CH2OH(241) + [CH2][C]=C(1237) <=> C2H3OH(72) + [CH2]C=C(643)
    CH3CHOH(133) + [CH2][C]=C(1237) <=> C2H3OH(72) + [CH2]C=C(643)
    CH2CH2OH(241) + [CH]C=C(1234) <=> C2H3OH(72) + [CH2]C=C(643)
    CH3CHOH(133) + [CH]C=C(1234) <=> C2H3OH(72) + [CH2]C=C(643)
    C=[C]O(69) + [CH2]C[CH2](146) <=> C2H3OH(72) + [CH2]C=C(643)
    [CH]=CO(70) + [CH2]C[CH2](146) <=> C2H3OH(72) + [CH2]C=C(643)
    CH2CHO(36) + [CH2]C[CH2](146) <=> C2H3OH(72) + [CH2]C=C(643)
    C=[C]O(69) + [CH2][CH]C(159) <=> C2H3OH(72) + [CH2]C=C(643)
    [CH]=CO(70) + [CH2][CH]C(159) <=> C2H3OH(72) + [CH2]C=C(643)
    CH2CHO(36) + [CH2][CH]C(159) <=> C2H3OH(72) + [CH2]C=C(643)
    C=[C]O(69) + C=CC(158) <=> C2H3OH(72) + [CH2]C=C(643)
    C2H3OH(72) + [CH2]C=C(643) <=> [CH]=CO(70) + C=CC(158)
    C2H3OH(72) + [CH2]C=C(643) <=> [CH2]C(O)CC=C(713)
    C2H3OH(72) + [CH2]C=C(643) <=> C=CCC[CH]O(1836)
    [CH2]C(C)CC=O(710) <=> C2H3OH(72) + [CH2]C=C(643)
    [CH2]CCCC=O(478) <=> C2H3OH(72) + [CH2]C=C(643)
    C2H3OH(72) + C=CCC(466) <=> C=COCCCC(1433)
    C2H3OH(72) + C=CCC(466) <=> C=CC(CC)CO(1837)
    C2H3OH(72) + C=CCC(466) <=> C=COC(C)CC(1432)
    C2H3OH(72) + C=CCC(466) <=> C=CCC(O)CC(1838)
    CC[CH]CC[CH]O(1839) <=> C2H3OH(72) + C=CCC(466)
    [CH2]C(O)C[CH]CC(1840) <=> C2H3OH(72) + C=CCC(466)
    [CH2]C(CC)C[CH]O(1841) <=> C2H3OH(72) + C=CCC(466)
    [CH2]C(O)C([CH2])CC(1842) <=> C2H3OH(72) + C=CCC(466)
    CH2CH2OH(241) + C=C[CH]C(1344) <=> C2H3OH(72) + C=CCC(466)
    CH3CHOH(133) + C=C[CH]C(1344) <=> C2H3OH(72) + C=CCC(466)
    CH2CH2OH(241) + [CH2]CC=C(538) <=> C2H3OH(72) + C=CCC(466)
    CH3CHOH(133) + [CH2]CC=C(538) <=> C2H3OH(72) + C=CCC(466)
    CH2CH2OH(241) + C=[C]CC(1345) <=> C2H3OH(72) + C=CCC(466)
    CH3CHOH(133) + C=[C]CC(1345) <=> C2H3OH(72) + C=CCC(466)
    CH2CH2OH(241) + [CH]=CCC(1346) <=> C2H3OH(72) + C=CCC(466)
    CH3CHOH(133) + [CH]=CCC(1346) <=> C2H3OH(72) + C=CCC(466)
    C=[C]O(69) + [CH2]CCC(41) <=> C2H3OH(72) + C=CCC(466)
    [CH]=CO(70) + [CH2]CCC(41) <=> C2H3OH(72) + C=CCC(466)
    C=[C]O(69) + C[CH]CC(469) <=> C2H3OH(72) + C=CCC(466)
    [CH]=CO(70) + C[CH]CC(469) <=> C2H3OH(72) + C=CCC(466)
    CH2CHO(36) + C[CH]CC(469) <=> C2H3OH(72) + C=CCC(466)
    CC=CCC(C)O(1435) <=> C2H3OH(72) + C=CCC(466)
    CC=CCCCO(1843) <=> C2H3OH(72) + C=CCC(466)
    CCC(C)CC=O(1844) <=> C2H3OH(72) + C=CCC(466)
    CCCCCC=O(1845) <=> C2H3OH(72) + C=CCC(466)
    [O]OC([O])C[CH]O(1846) <=> [O]OC=O(106) + C2H3OH(72)
    [CH2]C(O)C([O])O[O](1847) <=> [O]OC=O(106) + C2H3OH(72)
    [O]O[CH]OC[CH]O(1848) <=> [O]OC=O(106) + C2H3OH(72)
    [CH2]C(O)O[CH]O[O](1849) <=> [O]OC=O(106) + C2H3OH(72)
    [O]OC=O(106) + C2H3OH(72) <=> [O]OC1CC(O)O1(1850)
    [O]OC=O(106) + C2H3OH(72) <=> [O]OC1OCC1O(1851)
    CO3t2(231) + CH2CH2OH(241) <=> [O]OC=O(106) + C2H3OH(72)
    CO3t2(231) + CH3CHOH(133) <=> [O]OC=O(106) + C2H3OH(72)
    [O]O[CH]O(1482) + C=[C]O(69) <=> [O]OC=O(106) + C2H3OH(72)
    [O]O[CH]O(1482) + [CH]=CO(70) <=> [O]OC=O(106) + C2H3OH(72)
    [O]O[CH]O(1482) + CH2CHO(36) <=> [O]OC=O(106) + C2H3OH(72)
    [O]CO[O](110) + C=[C]O(69) <=> [O]OC=O(106) + C2H3OH(72)
    [O]CO[O](110) + [CH]=CO(70) <=> [O]OC=O(106) + C2H3OH(72)
    [O]CO[O](110) + CH2CHO(36) <=> [O]OC=O(106) + C2H3OH(72)
    [O]OC=O(106) + C2H3OH(72) <=> O=COO(268) + CH2CHO(36)
    O=COO(268) + C=[C]O(69) <=> [O]OC=O(106) + C2H3OH(72)
    O=COO(268) + [CH]=CO(70) <=> [O]OC=O(106) + C2H3OH(72)
    [O]OC=O(106) + C2H3OH(72) <=> [CH2]C(O)OOC=O(1852)
    [O]OC=O(106) + C2H3OH(72) <=> O=COOC[CH]O(1853)
    [O]OCOCC=O(1854) <=> [O]OC=O(106) + C2H3OH(72)
    [O]OC(O)CC=O(1855) <=> [O]OC=O(106) + C2H3OH(72)
    C2H3OH(72) + C=CCCC=C(1328) <=> C=CCCCCOC=C(1685)
    C2H3OH(72) + C=CCCC=C(1328) <=> C=CCCC(C=C)CO(1856)
    C2H3OH(72) + C=CCCC=C(1328) <=> C=CCCC(C)OC=C(1684)
    C2H3OH(72) + C=CCCC=C(1328) <=> C=CCCC(O)CC=C(1857)
    C=CCC[CH]CC[CH]O(1858) <=> C2H3OH(72) + C=CCCC=C(1328)
    [CH2]C(O)C[CH]CCC=C(1859) <=> C2H3OH(72) + C=CCCC=C(1328)
    [CH2]C(C[CH]O)CCC=C(1860) <=> C2H3OH(72) + C=CCCC=C(1328)
    [CH2]C(O)C([CH2])CCC=C(1861) <=> C2H3OH(72) + C=CCCC=C(1328)
    CH2CH2OH(241) + C=C[CH]CC=C(1625) <=> C2H3OH(72) + C=CCCC=C(1328)
    CH3CHOH(133) + C=C[CH]CC=C(1625) <=> C2H3OH(72) + C=CCCC=C(1328)
    CH2CH2OH(241) + C=[C]CCC=C(1626) <=> C2H3OH(72) + C=CCCC=C(1328)
    CH3CHOH(133) + C=[C]CCC=C(1626) <=> C2H3OH(72) + C=CCCC=C(1328)
    CH2CH2OH(241) + [CH]=CCCC=C(1627) <=> C2H3OH(72) + C=CCCC=C(1328)
    CH3CHOH(133) + [CH]=CCCC=C(1627) <=> C2H3OH(72) + C=CCCC=C(1328)
    C=[C]O(69) + [CH2]CCCC=C(868) <=> C2H3OH(72) + C=CCCC=C(1328)
    [CH]=CO(70) + [CH2]CCCC=C(868) <=> C2H3OH(72) + C=CCCC=C(1328)
    CH2CHO(36) + [CH2]CCCC=C(868) <=> C2H3OH(72) + C=CCCC=C(1328)
    C=[C]O(69) + C=CCC[CH]C(997) <=> C2H3OH(72) + C=CCCC=C(1328)
    [CH]=CO(70) + C=CCC[CH]C(997) <=> C2H3OH(72) + C=CCCC=C(1328)
    CH2CHO(36) + C=CCC[CH]C(997) <=> C2H3OH(72) + C=CCCC=C(1328)
    C=CCC=CCC(C)O(1687) <=> C2H3OH(72) + C=CCCC=C(1328)
    C=CCC=CCCCO(1862) <=> C2H3OH(72) + C=CCCC=C(1328)
    C=CCCC(C)CC=O(1863) <=> C2H3OH(72) + C=CCCC=C(1328)
    C=CCCCCCC=O(1134) <=> C2H3OH(72) + C=CCCC=C(1328)
    C2H3OH(72) + C2H3OH(72) <=> C=COCCO(1795)
    C2H3OH(72) + C2H3OH(72) <=> C=CC(O)CO(1864)
    C2H3OH(72) + C2H3OH(72) <=> C=COC(C)O(460)
    C2H3OH(72) + C2H3OH(72) <=> C=CCC(O)O(1865)
    O[CH]CC[CH]O(1866) <=> C2H3OH(72) + C2H3OH(72)
    [CH2]C(O)C[CH]O(1867) <=> C2H3OH(72) + C2H3OH(72)
    [CH2]C(O)C([CH2])O(1868) <=> C2H3OH(72) + C2H3OH(72)
    C=[C]O(69) + CH2CH2OH(241) <=> C2H3OH(72) + C2H3OH(72)
    C=[C]O(69) + CH3CHOH(133) <=> C2H3OH(72) + C2H3OH(72)
    [CH]=CO(70) + CH2CH2OH(241) <=> C2H3OH(72) + C2H3OH(72)
    [CH]=CO(70) + CH3CHOH(133) <=> C2H3OH(72) + C2H3OH(72)
    CH2CHO(36) + CH3CHOH(133) <=> C2H3OH(72) + C2H3OH(72)
    CC(O)CC=O(1797) <=> C2H3OH(72) + C2H3OH(72)
    O=CCCCO(1869) <=> C2H3OH(72) + C2H3OH(72)

After model enlargement:
    The model core has 67 species and 802 reactions
    The model edge has 1802 species and 5517 reactions


Saving current model core to Chemkin file...
Chemkin file contains 809 reactions.
Saving annotated version of Chemkin file...
Chemkin file contains 809 reactions.
Saving current model core and edge to Chemkin file...
Chemkin file contains 6326 reactions.
Saving annotated version of Chemkin file...
Chemkin file contains 6326 reactions.
Saving current model core to HTML file...
Saving current model edge to HTML file...
Updating RMG execution statistics...
    Execution time (DD:HH:MM:SS): 00:00:03:10
    Memory used: 933.11 MB

Making seed mechanism...
Conducting simulation of reaction system 1...
At time 2.8282e-05 s, species O=[C]OO(234) at 0.10065570027215529 exceeded the minimum rate for simulation interruption of 0.1
At time 2.8282e-05 s, species O=[C]OO(234) at rate ratio 0.10065570027215529 exceeded the minimum rate for moving to model core of 0.1
terminating simulation due to interrupt...


Adding species O=[C]OO(234) to model core

Summary of Model Enlargement
---------------------------------
Added 1 new core species
    O=[C]OO(234)
Created 0 new edge species
Moved 3 reactions from edge to core
    OH(5) + CO2(13) <=> O=[C]OO(234)
    HO2(10) + CO(12) <=> O=[C]OO(234)
    O=[C]OO(234) <=> [O]OC=O(106)
Added 0 new core reactions
Created 0 new edge reactions

After model enlargement:
    The model core has 68 species and 805 reactions
    The model edge has 1801 species and 5514 reactions


At time 6.2635e-05 s, reached target termination conversion: 0.900000 of C12H24(1)
    C12H24(1) conversion: 0.9       

For reaction generation 1 process is used.

Summary of Secondary Model Edge Enlargement
---------------------------------
Added 0 new core species
Created 0 new edge species
Added 0 new core reactions
Created 0 new edge reactions

After model enlargement:
    The model core has 68 species and 805 reactions
    The model edge has 1801 species and 5514 reactions


Saving current model core to Chemkin file...
Chemkin file contains 812 reactions.
Saving annotated version of Chemkin file...
Chemkin file contains 812 reactions.
Saving current model core and edge to Chemkin file...
Chemkin file contains 6326 reactions.
Saving annotated version of Chemkin file...
Chemkin file contains 6326 reactions.
Saving current model core to HTML file...
Saving current model edge to HTML file...
Updating RMG execution statistics...
    Execution time (DD:HH:MM:SS): 00:00:03:17
    Memory used: 933.11 MB

Making seed mechanism...
Conducting simulation of reaction system 1...
At time 3.4472e-05 s, species [CH2]C[O](71) at 0.10054204057283093 exceeded the minimum rate for simulation interruption of 0.1
At time 3.4472e-05 s, species [CH2]C[O](71) at rate ratio 0.10054204057283093 exceeded the minimum rate for moving to model core of 0.1
terminating simulation due to interrupt...


Adding species [CH2]C[O](71) to model core

Summary of Model Enlargement
---------------------------------
Added 1 new core species
    [CH2]C[O](71)
Created 0 new edge species
Moved 16 reactions from edge to core
    [CH2]C[O](71) <=> CH3CHO(37)
    O(4) + C2H4(30) <=> [CH2]C[O](71)
    [CH2]C[O](71) + CCCC[CH]CCCCCCC(43) <=> CH2CHO(36) + C12H24(1)
    [CH2]C[O](71) + CCCCC[CH]CCCCCC(45) <=> CH2CHO(36) + C12H24(1)
    [CH2]C[O](71) + C[CH]CCCCCCCCCC(52) <=> CH2CHO(36) + C12H24(1)
    [CH2]C[O](71) + [CH2]CCCCCCCCCCC(53) <=> CH2CHO(36) + C12H24(1)
    OH(5) + [CH2]C[O](71) <=> H2O(7) + CH2CHO(36)
    H(3) + [CH2]C[O](71) <=> H2(6) + CH2CHO(36)
    C2H3(29) + [CH2]C[O](71) <=> CH2CHO(36) + C2H4(30)
    HCO(14) + [CH2]C[O](71) <=> CH2O(19) + CH2CHO(36)
    CH3(18) + [CH2]C[O](71) <=> CH4(31) + CH2CHO(36)
    [CH2]C[O](71) + [CH2]C=C(643) <=> CH2CHO(36) + C=CC(158)
    H(3) + [CH2]C[O](71) <=> CH2CH2OH(241)
    HO2(10) + [CH2]C[O](71) <=> O2(2) + CH2CH2OH(241)
    HO2(10) + [CH2]C[O](71) <=> H2O2(11) + CH2CHO(36)
    [CH2]C[O](71) <=> C2H3OH(72)
Added 0 new core reactions
Created 0 new edge reactions

After model enlargement:
    The model core has 69 species and 821 reactions
    The model edge has 1800 species and 5498 reactions


At time 7.6572e-05 s, reached target termination conversion: 0.900000 of C12H24(1)
    C12H24(1) conversion: 0.9014    

For reaction generation 1 process is used.
Generating thermo for new species...
Species C1CO1 renamed CH2OCH2 based on thermo library name
Generating kinetics for new reactions...
For reaction CH2CHO(36) + CH3CHO(37) <=> C=COO[CH]C(1889), Ea raised from 281.8 to 284.2 kJ/mol to match endothermicity of reaction.

Summary of Secondary Model Edge Enlargement
---------------------------------
Added 0 new core species
Created 35 new edge species
    [CH]C[O](1870)
    CH2OCH2(1871)
    [CH2][CH][O](1872)
    C[CH]OCC(1873)
    CCC(C)[O](1874)
    CCC[CH]O(1875)
    [CH2]C([O])C(C)[O](1876)
    [CH2]C([O])O[CH]C(1877)
    [CH2][CH]OC(C)[O](1878)
    [CH2][CH]OO[CH]C(1879)
    [CH2]C1OOC1C(1880)
    [CH2]C1OC(C)O1(1881)
    C[CH]OCC=O(1882)
    CC([O])CC=O(1883)
    [CH2]C(O)OC=C(1884)
    CC([O])C[CH][O](1885)
    C[CH]OC[CH][O](1886)
    CC1CC([O])O1(1887)
    CC1OCC1[O](1888)
    C=COO[CH]C(1889)
    C=COC(C)[O](1890)
    C=COCC[O](1891)
    [CH2]C([O])C[CH]O(1892)
    [CH2]C([O])C([CH2])O(1893)
    [CH2][CH]OC[CH]O(1894)
    [CH2][CH]OC([CH2])O(1895)
    [CH2]C1CC(O)O1(1896)
    [CH2]C1OCC1O(1897)
    [CH2]C(O)CC=O(1898)
    O=CCC[CH]O(1899)
    [CH2]COCC=O(1900)
    [O][CH]CC[CH]O(1901)
    [CH2]C(O)C[CH][O](1902)
    C=COC[CH]O(1903)
    [O]CCCC=O(1904)
Added 11 new core reactions
    H(3) + CH2CHO(36) <=> [CH2]C[O](71)
    CH2(T)(17) + CH2O(19) <=> [CH2]C[O](71)
    CH3CHO(37) + C2H5(33) <=> CH2CHO(36) + C2H6(32)
    CH3CO(35) + C2H6(32) <=> CH3CHO(37) + C2H5(33)
    C2H3OH(72) + C2H5(33) <=> CH2CHO(36) + C2H6(32)
    CH2CHO(36) + [CH2]C[O](71) <=> CH2CHO(36) + CH3CHO(37)
    CH3CO(35) + [CH2]C[O](71) <=> CH2CHO(36) + CH3CHO(37)
    CH2CHO(36) + CH3CHO(37) <=> CH3CO(35) + CH3CHO(37)
    CH2CHO(36) + C2H3OH(72) <=> CH2CHO(36) + CH3CHO(37)
    CH3CO(35) + C2H3OH(72) <=> CH2CHO(36) + CH3CHO(37)
    CH2CHO(36) + [CH2]C[O](71) <=> CH2CHO(36) + C2H3OH(72)
Created 85 new edge reactions
    O(4) + [CH2][CH2](66) <=> [CH2]C[O](71)
    CH2(T)(17) + [CH2][O](59) <=> [CH2]C[O](71)
    H(3) + [CH]C[O](1870) <=> [CH2]C[O](71)
    [CH2]C[O](71) <=> CH2OCH2(1871)
    H(3) + [CH2][CH][O](1872) <=> [CH2]C[O](71)
    [CH2]C[O](71) <=> [CH2][CH]O(126)
    [CH2]C[O](71) <=> C[CH][O](127)
    H(3) + CH3CHO(37) <=> CH3CHOH(133)
    H(3) + CH3CHO(37) <=> CH3CH2O(134)
    CH2OH(34) + CH3CHOH(133) <=> CH3OH(26) + CH3CHO(37)
    CH2OH(34) + CH3CH2O(134) <=> CH3OH(26) + CH3CHO(37)
    CH3O(27) + CH3CHOH(133) <=> CH3OH(26) + CH3CHO(37)
    CH3O(27) + CH3CH2O(134) <=> CH3OH(26) + CH3CHO(37)
    [CH]C(65) + CH3CHOH(133) <=> CH3CHO(37) + C2H5(33)
    [CH]C(65) + CH3CH2O(134) <=> CH3CHO(37) + C2H5(33)
    [CH2][CH2](66) + CH3CHOH(133) <=> CH3CHO(37) + C2H5(33)
    [CH2][CH2](66) + CH3CH2O(134) <=> CH3CHO(37) + C2H5(33)
    CH3CHO(37) + C2H5(33) <=> C[CH]OCC(1873)
    CH3CHO(37) + C2H5(33) <=> CCC(C)[O](1874)
    [CH]C(65) + CH2CH2OH(241) <=> C2H3OH(72) + C2H5(33)
    [CH]C(65) + CH3CHOH(133) <=> C2H3OH(72) + C2H5(33)
    [CH2][CH2](66) + CH2CH2OH(241) <=> C2H3OH(72) + C2H5(33)
    [CH2][CH2](66) + CH3CHOH(133) <=> C2H3OH(72) + C2H5(33)
    C=[C]O(69) + C2H6(32) <=> C2H3OH(72) + C2H5(33)
    C2H3OH(72) + C2H5(33) <=> [CH]=CO(70) + C2H6(32)
    C2H3OH(72) + C2H5(33) <=> [CH2]C(O)CC(1351)
    C2H3OH(72) + C2H5(33) <=> CCC[CH]O(1875)
    [CH2]C([O])C(C)[O](1876) <=> CH2CHO(36) + CH3CHO(37)
    [CH2]C([O])O[CH]C(1877) <=> CH2CHO(36) + CH3CHO(37)
    [CH2][CH]OC(C)[O](1878) <=> CH2CHO(36) + CH3CHO(37)
    [CH2][CH]OO[CH]C(1879) <=> CH2CHO(36) + CH3CHO(37)
    CH2CHO(36) + CH3CHO(37) <=> [CH2]C1OOC1C(1880)
    CH2CHO(36) + CH3CHO(37) <=> [CH2]C1OC(C)O1(1881)
    [CH]=C[O](60) + CH3CHOH(133) <=> CH2CHO(36) + CH3CHO(37)
    [CH]=C[O](60) + CH3CH2O(134) <=> CH2CHO(36) + CH3CHO(37)
    [CH2][C]=O(68) + CH3CHOH(133) <=> CH2CHO(36) + CH3CHO(37)
    [CH2][C]=O(68) + CH3CH2O(134) <=> CH2CHO(36) + CH3CHO(37)
    CH2CHO(36) + [CH2][CH]O(126) <=> CH2CHO(36) + CH3CHO(37)
    CH3CO(35) + [CH2][CH]O(126) <=> CH2CHO(36) + CH3CHO(37)
    CH2CHO(36) + CH3CHO(37) <=> C[CH]OCC=O(1882)
    CH2CHO(36) + CH3CHO(37) <=> CC([O])CC=O(1883)
    [CH2]COOC=C(1605) <=> CH2CHO(36) + CH3CHO(37)
    [CH2]C(O)OC=C(1884) <=> CH2CHO(36) + CH3CHO(37)
    CC([O])C[CH][O](1885) <=> CH2CHO(36) + CH3CHO(37)
    C[CH]OC[CH][O](1886) <=> CH2CHO(36) + CH3CHO(37)
    CH2CHO(36) + CH3CHO(37) <=> CC1CC([O])O1(1887)
    CH2CHO(36) + CH3CHO(37) <=> CC1OCC1[O](1888)
    CH2CHO(36) + C[CH][O](127) <=> CH2CHO(36) + CH3CHO(37)
    CH3CO(35) + C[CH][O](127) <=> CH2CHO(36) + CH3CHO(37)
    CH2CHO(36) + CH3CHO(37) <=> C=COO[CH]C(1889)
    CH2CHO(36) + CH3CHO(37) <=> C=COC(C)[O](1890)
    C=COCC[O](1891) <=> CH2CHO(36) + CH3CHO(37)
    C=COC(C)[O](1890) <=> CH2CHO(36) + CH3CHO(37)
    [CH2]C([O])C[CH]O(1892) <=> CH2CHO(36) + C2H3OH(72)
    [CH2]C([O])C([CH2])O(1893) <=> CH2CHO(36) + C2H3OH(72)
    [CH2][CH]OC[CH]O(1894) <=> CH2CHO(36) + C2H3OH(72)
    [CH2][CH]OC([CH2])O(1895) <=> CH2CHO(36) + C2H3OH(72)
    CH2CHO(36) + C2H3OH(72) <=> [CH2]C1CC(O)O1(1896)
    CH2CHO(36) + C2H3OH(72) <=> [CH2]C1OCC1O(1897)
    [CH]=C[O](60) + CH2CH2OH(241) <=> CH2CHO(36) + C2H3OH(72)
    [CH]=C[O](60) + CH3CHOH(133) <=> CH2CHO(36) + C2H3OH(72)
    [CH2][C]=O(68) + CH2CH2OH(241) <=> CH2CHO(36) + C2H3OH(72)
    [CH2][C]=O(68) + CH3CHOH(133) <=> CH2CHO(36) + C2H3OH(72)
    C=[C]O(69) + [CH2][CH]O(126) <=> CH2CHO(36) + C2H3OH(72)
    [CH]=CO(70) + [CH2][CH]O(126) <=> CH2CHO(36) + C2H3OH(72)
    CH2CHO(36) + [CH2][CH]O(126) <=> CH2CHO(36) + C2H3OH(72)
    C=[C]O(69) + [CH2]C[O](71) <=> CH2CHO(36) + C2H3OH(72)
    [CH]=CO(70) + [CH2]C[O](71) <=> CH2CHO(36) + C2H3OH(72)
    C=[C]O(69) + CH3CHO(37) <=> CH2CHO(36) + C2H3OH(72)
    [CH]=CO(70) + CH3CHO(37) <=> CH2CHO(36) + C2H3OH(72)
    CH2CHO(36) + C2H3OH(72) <=> [CH2]C(O)CC=O(1898)
    CH2CHO(36) + C2H3OH(72) <=> O=CCC[CH]O(1899)
    [CH2]COCC=O(1900) <=> CH2CHO(36) + C2H3OH(72)
    [CH2]C(O)CC=O(1898) <=> CH2CHO(36) + C2H3OH(72)
    [O][CH]CC[CH]O(1901) <=> CH2CHO(36) + C2H3OH(72)
    [CH2]C(O)C[CH][O](1902) <=> CH2CHO(36) + C2H3OH(72)
    C=[C]O(69) + C[CH][O](127) <=> CH2CHO(36) + C2H3OH(72)
    [CH]=CO(70) + C[CH][O](127) <=> CH2CHO(36) + C2H3OH(72)
    CH2CHO(36) + C[CH][O](127) <=> CH2CHO(36) + C2H3OH(72)
    C=[C]O(69) + C2H3OH(72) <=> CH2CHO(36) + C2H3OH(72)
    [CH]=CO(70) + C2H3OH(72) <=> CH2CHO(36) + C2H3OH(72)
    CH2CHO(36) + C2H3OH(72) <=> [CH2]C(O)OC=C(1884)
    CH2CHO(36) + C2H3OH(72) <=> C=COC[CH]O(1903)
    [O]CCCC=O(1904) <=> CH2CHO(36) + C2H3OH(72)
    CC([O])CC=O(1883) <=> CH2CHO(36) + C2H3OH(72)

After model enlargement:
    The model core has 69 species and 832 reactions
    The model edge has 1835 species and 5583 reactions


Saving current model core to Chemkin file...
Chemkin file contains 839 reactions.
Saving annotated version of Chemkin file...
Chemkin file contains 839 reactions.
Saving current model core and edge to Chemkin file...
Chemkin file contains 6422 reactions.
Saving annotated version of Chemkin file...
Chemkin file contains 6422 reactions.
Saving current model core to HTML file...
Saving current model edge to HTML file...
Updating RMG execution statistics...
    Execution time (DD:HH:MM:SS): 00:00:03:24
    Memory used: 933.11 MB

Making seed mechanism...
Conducting simulation of reaction system 1...
At time 5.1160e-06 s, species CH2OCH2(1871) at 0.10017407286082314 exceeded the minimum rate for simulation interruption of 0.1
At time 5.1160e-06 s, species CH2OCH2(1871) at rate ratio 0.10017407286082314 exceeded the minimum rate for moving to model core of 0.1
terminating simulation due to interrupt...


Adding species CH2OCH2(1871) to model core

Summary of Model Enlargement
---------------------------------
Added 1 new core species
    CH2OCH2(1871)
Created 0 new edge species
Moved 1 reactions from edge to core
    [CH2]C[O](71) <=> CH2OCH2(1871)
Added 0 new core reactions
Created 0 new edge reactions

After model enlargement:
    The model core has 70 species and 833 reactions
    The model edge has 1834 species and 5582 reactions


At time 7.6378e-05 s, reached target termination conversion: 0.900000 of C12H24(1)
    C12H24(1) conversion: 0.9013    

For reaction generation 1 process is used.
Generating thermo for new species...
Species O renamed O(S) based on thermo library name
Generating kinetics for new reactions...

Summary of Secondary Model Edge Enlargement
---------------------------------
Added 0 new core species
Created 7 new edge species
    O(S)(1905)
    [CH2]O[CH2](1906)
    [CH2]COOO(1907)
    O=CC1CO1(1908)
    O=COC1CO1(1909)
    O=C(O)C1CO1(1910)
    [CH2]COO[O](1911)
Added 1 new core reactions
    CH2(S)(24) + CH2O(19) <=> CH2OCH2(1871)
Created 37 new edge reactions
    O(S)(1905) + C2H4(30) <=> CH2OCH2(1871)
    [CH2]O[CH2](1906) <=> CH2OCH2(1871)
    H(3) + C2H3O(67) <=> CH2OCH2(1871)
    [CH2]COOO(1907) <=> HO2(10) + CH2OCH2(1871)
    HO2(10) + CH2OCH2(1871) <=> H2O2(11) + C2H3O(67)
    CO(12) + CH2OCH2(1871) <=> O=CC1CO1(1908)
    HCO(14) + C2H3O(67) <=> CO(12) + CH2OCH2(1871)
    CO2(13) + CH2OCH2(1871) <=> O=COC1CO1(1909)
    CO2(13) + CH2OCH2(1871) <=> O=C(O)C1CO1(1910)
    HOCO(102) + C2H3O(67) <=> CO2(13) + CH2OCH2(1871)
    [O]C=O(103) + C2H3O(67) <=> CO2(13) + CH2OCH2(1871)
    CH3(18) + CH2OCH2(1871) <=> CH4(31) + C2H3O(67)
    CH2OH(34) + C2H3O(67) <=> CH2O(19) + CH2OCH2(1871)
    CH3O(27) + C2H3O(67) <=> CH2O(19) + CH2OCH2(1871)
    C2H3O(67) + C=[C]O(69) <=> CH2CO(28) + CH2OCH2(1871)
    C2H3O(67) + CH3CO(35) <=> CH2CO(28) + CH2OCH2(1871)
    C2H3O(67) + CH2CHO(36) <=> CH2CO(28) + CH2OCH2(1871)
    C2H3O(67) + C2H5(33) <=> C2H4(30) + CH2OCH2(1871)
    C2H3O(67) + CH3CHOH(133) <=> CH2OCH2(1871) + CH3CHO(37)
    C2H3O(67) + CH3CH2O(134) <=> CH2OCH2(1871) + CH3CHO(37)
    [CH2]COO[O](1911) <=> O2(2) + CH2OCH2(1871)
    HO2(10) + C2H3O(67) <=> O2(2) + CH2OCH2(1871)
    C2H3O(67) + [CH2]CC(47) <=> CH2OCH2(1871) + C=CC(158)
    C2H3O(67) + C[CH]C(160) <=> CH2OCH2(1871) + C=CC(158)
    C2H3O(67) + [CH2]CCCCCCCC(46) <=> CH2OCH2(1871) + C=CCCCCCCC(138)
    C2H3O(67) + C[CH]CCCCCCC(153) <=> CH2OCH2(1871) + C=CCCCCCCC(138)
    C2H3O(67) + [CH2]CCCCC(44) <=> CH2OCH2(1871) + C=CCCCC(514)
    C2H3O(67) + C[CH]CCCC(519) <=> CH2OCH2(1871) + C=CCCCC(514)
    C2H3O(67) + [CH2]CCCCCC(40) <=> CH2OCH2(1871) + C=CCCCCC(546)
    C2H3O(67) + C[CH]CCCCC(552) <=> CH2OCH2(1871) + C=CCCCCC(546)
    C2H3O(67) + [CH2]C[CH2](146) <=> CH2OCH2(1871) + [CH2]C=C(643)
    C2H3O(67) + [CH2][CH]C(159) <=> CH2OCH2(1871) + [CH2]C=C(643)
    C2H3O(67) + C=CC(158) <=> CH2OCH2(1871) + [CH2]C=C(643)
    C2H3O(67) + [CH2]CCC(41) <=> CH2OCH2(1871) + C=CCC(466)
    C2H3O(67) + C[CH]CC(469) <=> CH2OCH2(1871) + C=CCC(466)
    C2H3O(67) + CH2CH2OH(241) <=> C2H3OH(72) + CH2OCH2(1871)
    C2H3O(67) + CH3CHOH(133) <=> C2H3OH(72) + CH2OCH2(1871)

After model enlargement:
    The model core has 70 species and 834 reactions
    The model edge has 1841 species and 5619 reactions


Saving current model core to Chemkin file...
Chemkin file contains 841 reactions.
Saving annotated version of Chemkin file...
Chemkin file contains 841 reactions.
Saving current model core and edge to Chemkin file...
Chemkin file contains 6460 reactions.
Saving annotated version of Chemkin file...
Chemkin file contains 6460 reactions.
Saving current model core to HTML file...
Saving current model edge to HTML file...
Updating RMG execution statistics...
    Execution time (DD:HH:MM:SS): 00:00:03:31
    Memory used: 933.11 MB

Making seed mechanism...
Conducting simulation of reaction system 1...
At time 3.6810e-05 s, species C=C=C(1236) at 0.1005842286958215 exceeded the minimum rate for simulation interruption of 0.1
At time 3.6810e-05 s, species C=C=C(1236) at rate ratio 0.1005842286958215 exceeded the minimum rate for moving to model core of 0.1
terminating simulation due to interrupt...


Adding species C=C=C(1236) to model core

Summary of Model Enlargement
---------------------------------
Added 1 new core species
    C=C=C(1236)
Created 0 new edge species
Moved 9 reactions from edge to core
    H(3) + C=C=C(1236) <=> [CH2]C=C(643)
    OH(5) + [CH2]C=C(643) <=> H2O(7) + C=C=C(1236)
    HO2(10) + [CH2]C=C(643) <=> H2O2(11) + C=C=C(1236)
    CH3(18) + [CH2]C=C(643) <=> CH4(31) + C=C=C(1236)
    C2H5(33) + [CH2]C=C(643) <=> C2H6(32) + C=C=C(1236)
    O2(2) + [CH2]C=C(643) <=> HO2(10) + C=C=C(1236)
    [CH2]C=C(643) + [CH2]C=C(643) <=> C=C=C(1236) + C=CC(158)
    C=CCO[O](1294) <=> HO2(10) + C=C=C(1236)
    C=CCCC=C(1328) <=> C=C=C(1236) + C=CC(158)
Added 0 new core reactions
Created 0 new edge reactions

After model enlargement:
    The model core has 71 species and 843 reactions
    The model edge has 1840 species and 5610 reactions


At time 6.8343e-05 s, reached target termination conversion: 0.900000 of C12H24(1)
    C12H24(1) conversion: 0.9003    

For reaction generation 1 process is used.
Generating thermo for new species...
Generating kinetics for new reactions...
For reaction O2(2) + C=C=C(1236) <=> C=[C]CO[O](1332), Ea raised from -6.0 to 140.2 kJ/mol to match endothermicity of reaction.
For reaction O2(2) + C=C=C(1236) <=> [CH2]C(=C)O[O](1977), Ea raised from -7.6 to 52.9 kJ/mol to match endothermicity of reaction.
For reaction [CH2]C(=C)C([CH2])=C(2045) <=> C=C=C(1236) + C=C=C(1236), Ea raised from 0.0 to 43.7 kJ/mol to match endothermicity of reaction.

Summary of Secondary Model Edge Enlargement
---------------------------------
Added 0 new core species
Created 138 new edge species
    [CH]=C=C(1912)
    [CH]C=C(1913)
    C=[C]CO(1914)
    [CH2]C(=C)O(1915)
    C=C(C)O[O](1916)
    [CH2]C(=C)OO(1917)
    C=C=CC=O(1918)
    [C-]=[O+]CC#C(1919)
    C#CC[C-]=[OH+](1920)
    C=C=COC=O(1921)
    C=C=CC(=O)O(1922)
    [CH2]C(=C)C([O])=O(1923)
    C=[C]CC([O])=O(1924)
    [CH2]C(=C)O[C]=O(1925)
    C=[C]CO[C]=O(1926)
    C#CCOC=O(1927)
    C#CCC(=O)O(1928)
    [CH2]C(=C)C(1929)
    [CH2]C(=C)C[O](1930)
    C=[C]CC[O](1931)
    [CH2]OC([CH2])=C(1932)
    [CH2]OC[C]=C(1933)
    C#CCOC(1934)
    C#CCCO(1935)
    [CH]=CC([CH2])=C(1936)
    [CH]=CC[C]=C(1937)
    C#CCC=C(1938)
    [CH2]C(=C)C(=C)[O](1939)
    C=[C]CC(=C)[O](1940)
    [CH2]C(=C)O[C]=C(1941)
    C=[C]CO[C]=C(1942)
    [CH2]C(=C)C[C]=O(1943)
    C=[C]CC[C]=O(1944)
    C#COCC=C(1945)
    C#COC(=C)C(1946)
    C#CCOC=C(1947)
    C#CCCC=O(1948)
    C#CCC(=C)O(1949)
    C#CCC(C)=O(1950)
    [CH2]CC([CH2])=C(1951)
    [CH2]CC[C]=C(1952)
    C#CCCC(1953)
    C=[C]CCC(1954)
    [CH2]C(=C)CC(1955)
    [CH2]C(=C)C([CH2])[O](1956)
    [CH2]C([O])C[C]=C(1957)
    [CH2][CH]OC([CH2])=C(1958)
    [CH2][CH]OC[C]=C(1959)
    C=[C]CCC=O(1960)
    [CH2]C(=C)CC=O(1961)
    C#CCOC[CH2](1962)
    C#CCC([CH2])O(1963)
    [CH2]C(=C)C[CH][O](1964)
    C=[C]CC[CH][O](1965)
    C=[C]COC=C(1966)
    [CH2]C(=C)OC=C(1967)
    C#CCCC[O](1968)
    C#CCC(C)[O](1969)
    [CH2]C(=C)C(C)[O](1970)
    C=[C]CC(C)[O](1971)
    [CH2]C(=C)O[CH]C(1972)
    C=[C]CO[CH]C(1973)
    C=COC(=C)C(1974)
    C#CCOCC(1975)
    C#CCC(C)O(1976)
    [CH2]C(=C)O[O](1977)
    [CH2]C(=C)C[CH]C(1978)
    [CH2]C(=C)C([CH2])C(1979)
    [CH2]C(C)C[C]=C(1980)
    C=CCC(=C)C(1981)
    C#CCC(C)C(1982)
    C#CCCCC(1983)
    [CH2]C(=C)C[CH]CCCCCCC(1984)
    C=[C]CC[CH]CCCCCCC(1985)
    [CH2]C(=C)C([CH2])CCCCCCC(1986)
    [CH2]C(C[C]=C)CCCCCCC(1987)
    C=CCCC=CCCCCCC(1988)
    C=C(C)CC=CCCCCCC(1989)
    C#CCC(C)CCCCCCC(1990)
    C#CCCCCCCCCCC(1991)
    [CH2]C(=C)C[CH]CCCC(1992)
    C=[C]CC[CH]CCCC(1993)
    [CH2]C(=C)C([CH2])CCCC(1994)
    [CH2]C(C[C]=C)CCCC(1995)
    C=CCCC=CCCC(1996)
    C=C(C)CC=CCCC(1997)
    C#CCC(C)CCCC(1998)
    C#CCCCCCCC(1999)
    [CH2]C(=C)C[CH]CCCCC(2000)
    C=[C]CC[CH]CCCCC(2001)
    [CH2]C(=C)C([CH2])CCCCC(2002)
    [CH2]C(C[C]=C)CCCCC(2003)
    C=CCCC=CCCCC(2004)
    C=C(C)CC=CCCCC(2005)
    C#CCC(C)CCCCC(2006)
    C#CCCCCCCCC(2007)
    [CH2][CH]CC([CH2])=C(2008)
    [CH2][CH]CC[C]=C(2009)
    [CH2]C(=C)C([CH2])[CH2](2010)
    [CH2]C([CH2])C[C]=C(2011)
    [CH2]C(=C)CC=C(2012)
    C#CCC([CH2])C(2013)
    C#CCCC[CH2](2014)
    [CH2]C(=C)C[CH]CC(2015)
    C=[C]CC[CH]CC(2016)
    [CH2]C(=C)C([CH2])CC(2017)
    [CH2]C(CC)C[C]=C(2018)
    C=CCCC=CC(2019)
    C=C(C)CC=CC(2020)
    C#CCC(C)CC(2021)
    C#CCCCCC(2022)
    [CH2]C(=C)C([O])O[O](2023)
    C=[C]CC([O])O[O](2024)
    [CH2]C(=C)O[CH]O[O](2025)
    C=[C]CO[CH]O[O](2026)
    C=[C]COOC=O(2027)
    [CH2]C(=C)OOC=O(2028)
    C#CCOCO[O](2029)
    C#CCC(O)O[O](2030)
    [CH2]C(=C)C[CH]CCC=C(2031)
    C=[C]CC[CH]CCC=C(2032)
    [CH2]C(=C)C([CH2])CCC=C(2033)
    [CH2]C(C[C]=C)CCC=C(2034)
    C=CCC=CCCC=C(2035)
    C=CCC=CCC(=C)C(2036)
    C#CCC(C)CCC=C(2037)
    C#CCCCCCC=C(2038)
    [CH2]C(=C)C[CH]O(2039)
    C=[C]CC[CH]O(2040)
    [CH2]C(=C)C([CH2])O(2041)
    [CH2]C(O)C[C]=C(2042)
    C=C(C)CC=O(2043)
    C#CCCCO(2044)
    [CH2]C(=C)C([CH2])=C(2045)
    [CH2]C(=C)C[C]=C(2046)
    C=[C]CC[C]=C(2047)
    C#CCCC=C(2048)
    C#CCC(=C)C(2049)
Added 16 new core reactions
    O(4) + [CH2]C=C(643) <=> OH(5) + C=C=C(1236)
    H(3) + [CH2]C=C(643) <=> H2(6) + C=C=C(1236)
    CH2(T)(17) + [CH2]C=C(643) <=> CH3(18) + C=C=C(1236)
    HCO(14) + [CH2]C=C(643) <=> CH2O(19) + C=C=C(1236)
    C2H(21) + [CH2]C=C(643) <=> C2H2(22) + C=C=C(1236)
    CH2OH(34) + [CH2]C=C(643) <=> CH3OH(26) + C=C=C(1236)
    CH3O(27) + [CH2]C=C(643) <=> CH3OH(26) + C=C=C(1236)
    HCCO(20) + [CH2]C=C(643) <=> CH2CO(28) + C=C=C(1236)
    C2H3(29) + [CH2]C=C(643) <=> C2H4(30) + C=C=C(1236)
    CH2CHO(36) + [CH2]C=C(643) <=> CH3CHO(37) + C=C=C(1236)
    CH3CO(35) + [CH2]C=C(643) <=> CH3CHO(37) + C=C=C(1236)
    [CH2]C=C(643) + CCCC[CH]CCCCCCC(43) <=> C=C=C(1236) + C12H24(1)
    [CH2]C=C(643) + CCCCC[CH]CCCCCC(45) <=> C=C=C(1236) + C12H24(1)
    [CH2]C=C(643) + C[CH]CCCCCCCCCC(52) <=> C=C=C(1236) + C12H24(1)
    [CH2]C=C(643) + [CH2]CCCCCCCCCCC(53) <=> C=C=C(1236) + C12H24(1)
    CH2CHO(36) + [CH2]C=C(643) <=> C2H3OH(72) + C=C=C(1236)
Created 301 new edge reactions
    [CH]C=C(1234) <=> C=C=C(1236)
    H(3) + [CH]=C=C(1912) <=> C=C=C(1236)
    [CH]C=C(1913) <=> C=C=C(1236)
    O(4) + C=[C]C(644) <=> OH(5) + C=C=C(1236)
    OH(5) + C=C=C(1236) <=> H2O(7) + [CH]=C=C(1912)
    OH(5) + C=C=C(1236) <=> C=[C]CO(1914)
    OH(5) + C=C=C(1236) <=> [CH2]C(=C)O(1915)
    H(3) + C=[C]C(644) <=> H2(6) + C=C=C(1236)
    OH(5) + C=[C]C(644) <=> H2O(7) + C=C=C(1236)
    O2(2) + C=[C]C(644) <=> HO2(10) + C=C=C(1236)
    C=C(C)O[O](1916) <=> HO2(10) + C=C=C(1236)
    HO2(10) + C=C=C(1236) <=> H2O2(11) + [CH]=C=C(1912)
    HO2(10) + C=C=C(1236) <=> C=[C]COO(1335)
    HO2(10) + C=C=C(1236) <=> [CH2]C(=C)OO(1917)
    HO2(10) + C=[C]C(644) <=> H2O2(11) + C=C=C(1236)
    CO(12) + C=C=C(1236) <=> C=C=CC=O(1918)
    HCO(14) + [CH]=C=C(1912) <=> CO(12) + C=C=C(1236)
    [C-]=[O+]CC#C(1919) <=> CO(12) + C=C=C(1236)
    C#CC[C-]=[OH+](1920) <=> CO(12) + C=C=C(1236)
    CO2(13) + C=C=C(1236) <=> C=C=COC=O(1921)
    CO2(13) + C=C=C(1236) <=> C=C=CC(=O)O(1922)
    [CH2]C(=C)C([O])=O(1923) <=> CO2(13) + C=C=C(1236)
    C=[C]CC([O])=O(1924) <=> CO2(13) + C=C=C(1236)
    [CH2]C(=C)O[C]=O(1925) <=> CO2(13) + C=C=C(1236)
    C=[C]CO[C]=O(1926) <=> CO2(13) + C=C=C(1236)
    HOCO(102) + [CH]=C=C(1912) <=> CO2(13) + C=C=C(1236)
    [O]C=O(103) + [CH]=C=C(1912) <=> CO2(13) + C=C=C(1236)
    C#CCOC=O(1927) <=> CO2(13) + C=C=C(1236)
    C#CCC(=O)O(1928) <=> CO2(13) + C=C=C(1236)
    CH2(T)(17) + C=[C]C(644) <=> CH3(18) + C=C=C(1236)
    CH4(31) + [CH]=C=C(1912) <=> CH3(18) + C=C=C(1236)
    CH3(18) + C=C=C(1236) <=> C=[C]CC(1345)
    CH3(18) + C=C=C(1236) <=> [CH2]C(=C)C(1929)
    [CH2]C(=C)C[O](1930) <=> CH2O(19) + C=C=C(1236)
    C=[C]CC[O](1931) <=> CH2O(19) + C=C=C(1236)
    [CH2]OC([CH2])=C(1932) <=> CH2O(19) + C=C=C(1236)
    [CH2]OC[C]=C(1933) <=> CH2O(19) + C=C=C(1236)
    HCO(14) + C=[C]C(644) <=> CH2O(19) + C=C=C(1236)
    CH2OH(34) + [CH]=C=C(1912) <=> CH2O(19) + C=C=C(1236)
    CH3O(27) + [CH]=C=C(1912) <=> CH2O(19) + C=C=C(1236)
    C#CCOC(1934) <=> CH2O(19) + C=C=C(1236)
    C#CCCO(1935) <=> CH2O(19) + C=C=C(1236)
    [CH]=CC([CH2])=C(1936) <=> C2H2(22) + C=C=C(1236)
    [CH]=CC[C]=C(1937) <=> C2H2(22) + C=C=C(1236)
    C2H(21) + C=[C]C(644) <=> C2H2(22) + C=C=C(1236)
    C2H3(29) + [CH]=C=C(1912) <=> C2H2(22) + C=C=C(1236)
    C#CCC=C(1938) <=> C2H2(22) + C=C=C(1236)
    CH2OH(34) + C=[C]C(644) <=> CH3OH(26) + C=C=C(1236)
    CH3O(27) + C=[C]C(644) <=> CH3OH(26) + C=C=C(1236)
    [CH2]C(=C)C(=C)[O](1939) <=> CH2CO(28) + C=C=C(1236)
    C=[C]CC(=C)[O](1940) <=> CH2CO(28) + C=C=C(1236)
    [CH2]C(=C)O[C]=C(1941) <=> CH2CO(28) + C=C=C(1236)
    C=[C]CO[C]=C(1942) <=> CH2CO(28) + C=C=C(1236)
    [CH2]C(=C)C[C]=O(1943) <=> CH2CO(28) + C=C=C(1236)
    C=[C]CC[C]=O(1944) <=> CH2CO(28) + C=C=C(1236)
    HCCO(20) + C=[C]C(644) <=> CH2CO(28) + C=C=C(1236)
    C=[C]O(69) + [CH]=C=C(1912) <=> CH2CO(28) + C=C=C(1236)
    CH3CO(35) + [CH]=C=C(1912) <=> CH2CO(28) + C=C=C(1236)
    CH2CHO(36) + [CH]=C=C(1912) <=> CH2CO(28) + C=C=C(1236)
    C#COCC=C(1945) <=> CH2CO(28) + C=C=C(1236)
    C#COC(=C)C(1946) <=> CH2CO(28) + C=C=C(1236)
    C#CCOC=C(1947) <=> CH2CO(28) + C=C=C(1236)
    C#CCCC=O(1948) <=> CH2CO(28) + C=C=C(1236)
    C#CCC(=C)O(1949) <=> CH2CO(28) + C=C=C(1236)
    C#CCC(C)=O(1950) <=> CH2CO(28) + C=C=C(1236)
    [CH2]CC([CH2])=C(1951) <=> C2H4(30) + C=C=C(1236)
    [CH2]CC[C]=C(1952) <=> C2H4(30) + C=C=C(1236)
    C2H3(29) + C=[C]C(644) <=> C2H4(30) + C=C=C(1236)
    C2H5(33) + [CH]=C=C(1912) <=> C2H4(30) + C=C=C(1236)
    C#CCCC(1953) <=> C2H4(30) + C=C=C(1236)
    CH3(18) + C=[C]C(644) <=> CH4(31) + C=C=C(1236)
    C2H5(33) + C=[C]C(644) <=> C2H6(32) + C=C=C(1236)
    [CH]C(65) + C=[C]C(644) <=> C2H5(33) + C=C=C(1236)
    [CH]C(65) + [CH2]C=C(643) <=> C2H5(33) + C=C=C(1236)
    [CH2][CH2](66) + C=[C]C(644) <=> C2H5(33) + C=C=C(1236)
    [CH2][CH2](66) + [CH2]C=C(643) <=> C2H5(33) + C=C=C(1236)
    C2H6(32) + [CH]=C=C(1912) <=> C2H5(33) + C=C=C(1236)
    C2H5(33) + C=C=C(1236) <=> C=[C]CCC(1954)
    C2H5(33) + C=C=C(1236) <=> [CH2]C(=C)CC(1955)
    [CH2]C(=C)C([CH2])[O](1956) <=> CH2CHO(36) + C=C=C(1236)
    [CH2]C([O])C[C]=C(1957) <=> CH2CHO(36) + C=C=C(1236)
    [CH2][CH]OC([CH2])=C(1958) <=> CH2CHO(36) + C=C=C(1236)
    [CH2][CH]OC[C]=C(1959) <=> CH2CHO(36) + C=C=C(1236)
    [CH]=C[O](60) + C=[C]C(644) <=> CH2CHO(36) + C=C=C(1236)
    [CH]=C[O](60) + [CH2]C=C(643) <=> CH2CHO(36) + C=C=C(1236)
    [CH2][C]=O(68) + C=[C]C(644) <=> CH2CHO(36) + C=C=C(1236)
    [CH2][C]=O(68) + [CH2]C=C(643) <=> CH2CHO(36) + C=C=C(1236)
    [CH2][CH]O(126) + [CH]=C=C(1912) <=> CH2CHO(36) + C=C=C(1236)
    [CH2]C[O](71) + [CH]=C=C(1912) <=> CH2CHO(36) + C=C=C(1236)
    CH2CHO(36) + C=C=C(1236) <=> CH3CHO(37) + [CH]=C=C(1912)
    CH2CHO(36) + C=C=C(1236) <=> C=[C]CCC=O(1960)
    CH2CHO(36) + C=C=C(1236) <=> [CH2]C(=C)CC=O(1961)
    C#CCOC[CH2](1962) <=> CH2CHO(36) + C=C=C(1236)
    C#CCC([CH2])O(1963) <=> CH2CHO(36) + C=C=C(1236)
    [CH2]C(=C)C[CH][O](1964) <=> CH2CHO(36) + C=C=C(1236)
    C=[C]CC[CH][O](1965) <=> CH2CHO(36) + C=C=C(1236)
    C[CH][O](127) + [CH]=C=C(1912) <=> CH2CHO(36) + C=C=C(1236)
    CH2CHO(36) + C=C=C(1236) <=> C2H3OH(72) + [CH]=C=C(1912)
    CH2CHO(36) + C=C=C(1236) <=> C=[C]COC=C(1966)
    CH2CHO(36) + C=C=C(1236) <=> [CH2]C(=C)OC=C(1967)
    C#CCCC[O](1968) <=> CH2CHO(36) + C=C=C(1236)
    C#CCC(C)[O](1969) <=> CH2CHO(36) + C=C=C(1236)
    [CH2]C(=C)C(C)[O](1970) <=> CH3CHO(37) + C=C=C(1236)
    C=[C]CC(C)[O](1971) <=> CH3CHO(37) + C=C=C(1236)
    [CH2]C(=C)O[CH]C(1972) <=> CH3CHO(37) + C=C=C(1236)
    C=[C]CO[CH]C(1973) <=> CH3CHO(37) + C=C=C(1236)
    CH2CHO(36) + C=[C]C(644) <=> CH3CHO(37) + C=C=C(1236)
    CH3CO(35) + C=[C]C(644) <=> CH3CHO(37) + C=C=C(1236)
    CH3CHOH(133) + [CH]=C=C(1912) <=> CH3CHO(37) + C=C=C(1236)
    CH3CH2O(134) + [CH]=C=C(1912) <=> CH3CHO(37) + C=C=C(1236)
    C=CCOC=C(698) <=> CH3CHO(37) + C=C=C(1236)
    C=COC(=C)C(1974) <=> CH3CHO(37) + C=C=C(1236)
    C#CCOCC(1975) <=> CH3CHO(37) + C=C=C(1236)
    C#CCC(C)O(1976) <=> CH3CHO(37) + C=C=C(1236)
    C=[C]C(644) + CCCC[CH]CCCCCCC(43) <=> C=C=C(1236) + C12H24(1)
    C=[C]C(644) + CCCCC[CH]CCCCCC(45) <=> C=C=C(1236) + C12H24(1)
    C=[C]C(644) + CCC[CH]CCCCCCCC(48) <=> C=C=C(1236) + C12H24(1)
    [CH2]C=C(643) + CCC[CH]CCCCCCCC(48) <=> C=C=C(1236) + C12H24(1)
    C=[C]C(644) + CC[CH]CCCCCCCCC(50) <=> C=C=C(1236) + C12H24(1)
    [CH2]C=C(643) + CC[CH]CCCCCCCCC(50) <=> C=C=C(1236) + C12H24(1)
    C=[C]C(644) + C[CH]CCCCCCCCCC(52) <=> C=C=C(1236) + C12H24(1)
    C=[C]C(644) + [CH2]CCCCCCCCCCC(53) <=> C=C=C(1236) + C12H24(1)
    HO2(10) + [CH]=C=C(1912) <=> O2(2) + C=C=C(1236)
    O2(2) + C=C=C(1236) <=> C=[C]CO[O](1332)
    O2(2) + C=C=C(1236) <=> [CH2]C(=C)O[O](1977)
    [CH2]C(=C)C[CH]C(1978) <=> C=C=C(1236) + C=CC(158)
    C=[C]CC[CH]C(1622) <=> C=C=C(1236) + C=CC(158)
    [CH2]C(=C)C([CH2])C(1979) <=> C=C=C(1236) + C=CC(158)
    [CH2]C(C)C[C]=C(1980) <=> C=C=C(1236) + C=CC(158)
    C=[C]C(644) + [CH2]C=C(643) <=> C=C=C(1236) + C=CC(158)
    C=[C]C(644) + C=[C]C(644) <=> C=C=C(1236) + C=CC(158)
    C=[C]C(644) + [CH2]C=C(643) <=> C=C=C(1236) + C=CC(158)
    C=[C]C(644) + [CH]=CC(374) <=> C=C=C(1236) + C=CC(158)
    [CH2]C=C(643) + [CH]=CC(374) <=> C=C=C(1236) + C=CC(158)
    [CH]=C=C(1912) + [CH2]CC(47) <=> C=C=C(1236) + C=CC(158)
    [CH]=C=C(1912) + C[CH]C(160) <=> C=C=C(1236) + C=CC(158)
    C=CCC(=C)C(1981) <=> C=C=C(1236) + C=CC(158)
    C#CCC(C)C(1982) <=> C=C=C(1236) + C=CC(158)
    C#CCCCC(1983) <=> C=C=C(1236) + C=CC(158)
    [CH2]C(=C)C[CH]CCCCCCC(1984) <=> C=C=C(1236) + C=CCCCCCCC(138)
    C=[C]CC[CH]CCCCCCC(1985) <=> C=C=C(1236) + C=CCCCCCCC(138)
    [CH2]C(=C)C([CH2])CCCCCCC(1986) <=> C=C=C(1236) + C=CCCCCCCC(138)
    [CH2]C(C[C]=C)CCCCCCC(1987) <=> C=C=C(1236) + C=CCCCCCCC(138)
    C=[C]C(644) + C=CC[CH]CCCCC(872) <=> C=C=C(1236) + C=CCCCCCCC(138)
    [CH2]C=C(643) + C=CC[CH]CCCCC(872) <=> C=C=C(1236) + C=CCCCCCCC(138)
    C=[C]C(644) + C=CCC[CH]CCCC(867) <=> C=C=C(1236) + C=CCCCCCCC(138)
    [CH2]C=C(643) + C=CCC[CH]CCCC(867) <=> C=C=C(1236) + C=CCCCCCCC(138)
    C=[C]C(644) + C=CCCC[CH]CCC(869) <=> C=C=C(1236) + C=CCCCCCCC(138)
    [CH2]C=C(643) + C=CCCC[CH]CCC(869) <=> C=C=C(1236) + C=CCCCCCCC(138)
    C=[C]C(644) + C=CCCCC[CH]CC(871) <=> C=C=C(1236) + C=CCCCCCCC(138)
    [CH2]C=C(643) + C=CCCCC[CH]CC(871) <=> C=C=C(1236) + C=CCCCCCCC(138)
    C=[C]C(644) + C=CCCCCC[CH]C(874) <=> C=C=C(1236) + C=CCCCCCCC(138)
    [CH2]C=C(643) + C=CCCCCC[CH]C(874) <=> C=C=C(1236) + C=CCCCCCCC(138)
    C=[C]C(644) + C=C[CH]CCCCCC(875) <=> C=C=C(1236) + C=CCCCCCCC(138)
    [CH2]C=C(643) + C=C[CH]CCCCCC(875) <=> C=C=C(1236) + C=CCCCCCCC(138)
    C=[C]C(644) + [CH2]CCCCCCC=C(876) <=> C=C=C(1236) + C=CCCCCCCC(138)
    [CH2]C=C(643) + [CH2]CCCCCCC=C(876) <=> C=C=C(1236) + C=CCCCCCCC(138)
    C=[C]C(644) + C=[C]CCCCCCC(877) <=> C=C=C(1236) + C=CCCCCCCC(138)
    [CH2]C=C(643) + C=[C]CCCCCCC(877) <=> C=C=C(1236) + C=CCCCCCCC(138)
    C=[C]C(644) + [CH]=CCCCCCCC(585) <=> C=C=C(1236) + C=CCCCCCCC(138)
    [CH2]C=C(643) + [CH]=CCCCCCCC(585) <=> C=C=C(1236) + C=CCCCCCCC(138)
    [CH]=C=C(1912) + [CH2]CCCCCCCC(46) <=> C=C=C(1236) + C=CCCCCCCC(138)
    [CH]=C=C(1912) + C[CH]CCCCCCC(153) <=> C=C=C(1236) + C=CCCCCCCC(138)
    C=CCCC=CCCCCCC(1988) <=> C=C=C(1236) + C=CCCCCCCC(138)
    C=C(C)CC=CCCCCCC(1989) <=> C=C=C(1236) + C=CCCCCCCC(138)
    C#CCC(C)CCCCCCC(1990) <=> C=C=C(1236) + C=CCCCCCCC(138)
    C#CCCCCCCCCCC(1991) <=> C=C=C(1236) + C=CCCCCCCC(138)
    [CH2]C(=C)C[CH]CCCC(1992) <=> C=C=C(1236) + C=CCCCC(514)
    C=[C]CC[CH]CCCC(1993) <=> C=C=C(1236) + C=CCCCC(514)
    [CH2]C(=C)C([CH2])CCCC(1994) <=> C=C=C(1236) + C=CCCCC(514)
    [CH2]C(C[C]=C)CCCC(1995) <=> C=C=C(1236) + C=CCCCC(514)
    C=[C]C(644) + C=CC[CH]CC(996) <=> C=C=C(1236) + C=CCCCC(514)
    [CH2]C=C(643) + C=CC[CH]CC(996) <=> C=C=C(1236) + C=CCCCC(514)
    C=[C]C(644) + C=CCC[CH]C(997) <=> C=C=C(1236) + C=CCCCC(514)
    [CH2]C=C(643) + C=CCC[CH]C(997) <=> C=C=C(1236) + C=CCCCC(514)
    C=[C]C(644) + C=C[CH]CCC(998) <=> C=C=C(1236) + C=CCCCC(514)
    [CH2]C=C(643) + C=C[CH]CCC(998) <=> C=C=C(1236) + C=CCCCC(514)
    C=[C]C(644) + [CH2]CCCC=C(868) <=> C=C=C(1236) + C=CCCCC(514)
    [CH2]C=C(643) + [CH2]CCCC=C(868) <=> C=C=C(1236) + C=CCCCC(514)
    C=[C]C(644) + C=[C]CCCC(999) <=> C=C=C(1236) + C=CCCCC(514)
    [CH2]C=C(643) + C=[C]CCCC(999) <=> C=C=C(1236) + C=CCCCC(514)
    C=[C]C(644) + [CH]=CCCCC(500) <=> C=C=C(1236) + C=CCCCC(514)
    [CH2]C=C(643) + [CH]=CCCCC(500) <=> C=C=C(1236) + C=CCCCC(514)
    [CH]=C=C(1912) + [CH2]CCCCC(44) <=> C=C=C(1236) + C=CCCCC(514)
    [CH]=C=C(1912) + C[CH]CCCC(519) <=> C=C=C(1236) + C=CCCCC(514)
    C=CCCC=CCCC(1996) <=> C=C=C(1236) + C=CCCCC(514)
    C=C(C)CC=CCCC(1997) <=> C=C=C(1236) + C=CCCCC(514)
    C#CCC(C)CCCC(1998) <=> C=C=C(1236) + C=CCCCC(514)
    C#CCCCCCCC(1999) <=> C=C=C(1236) + C=CCCCC(514)
    [CH2]C(=C)C[CH]CCCCC(2000) <=> C=C=C(1236) + C=CCCCCC(546)
    C=[C]CC[CH]CCCCC(2001) <=> C=C=C(1236) + C=CCCCCC(546)
    [CH2]C(=C)C([CH2])CCCCC(2002) <=> C=C=C(1236) + C=CCCCCC(546)
    [CH2]C(C[C]=C)CCCCC(2003) <=> C=C=C(1236) + C=CCCCCC(546)
    C=[C]C(644) + C=CC[CH]CCC(1117) <=> C=C=C(1236) + C=CCCCCC(546)
    [CH2]C=C(643) + C=CC[CH]CCC(1117) <=> C=C=C(1236) + C=CCCCCC(546)
    C=[C]C(644) + C=CCC[CH]CC(1116) <=> C=C=C(1236) + C=CCCCCC(546)
    [CH2]C=C(643) + C=CCC[CH]CC(1116) <=> C=C=C(1236) + C=CCCCCC(546)
    C=[C]C(644) + C=CCCC[CH]C(1118) <=> C=C=C(1236) + C=CCCCCC(546)
    [CH2]C=C(643) + C=CCCC[CH]C(1118) <=> C=C=C(1236) + C=CCCCCC(546)
    C=[C]C(644) + C=C[CH]CCCC(1119) <=> C=C=C(1236) + C=CCCCCC(546)
    [CH2]C=C(643) + C=C[CH]CCCC(1119) <=> C=C=C(1236) + C=CCCCCC(546)
    C=[C]C(644) + [CH2]CCCCC=C(870) <=> C=C=C(1236) + C=CCCCCC(546)
    [CH2]C=C(643) + [CH2]CCCCC=C(870) <=> C=C=C(1236) + C=CCCCCC(546)
    C=[C]C(644) + C=[C]CCCCC(1120) <=> C=C=C(1236) + C=CCCCCC(546)
    [CH2]C=C(643) + C=[C]CCCCC(1120) <=> C=C=C(1236) + C=CCCCCC(546)
    C=[C]C(644) + [CH]=CCCCCC(1121) <=> C=C=C(1236) + C=CCCCCC(546)
    [CH2]C=C(643) + [CH]=CCCCCC(1121) <=> C=C=C(1236) + C=CCCCCC(546)
    [CH]=C=C(1912) + [CH2]CCCCCC(40) <=> C=C=C(1236) + C=CCCCCC(546)
    [CH]=C=C(1912) + C[CH]CCCCC(552) <=> C=C=C(1236) + C=CCCCCC(546)
    C=CCCC=CCCCC(2004) <=> C=C=C(1236) + C=CCCCCC(546)
    C=C(C)CC=CCCCC(2005) <=> C=C=C(1236) + C=CCCCCC(546)
    C#CCC(C)CCCCC(2006) <=> C=C=C(1236) + C=CCCCCC(546)
    C#CCCCCCCCC(2007) <=> C=C=C(1236) + C=CCCCCC(546)
    [CH2][CH]CC([CH2])=C(2008) <=> C=C=C(1236) + [CH2]C=C(643)
    [CH2][CH]CC[C]=C(2009) <=> C=C=C(1236) + [CH2]C=C(643)
    [CH2]C(=C)C([CH2])[CH2](2010) <=> C=C=C(1236) + [CH2]C=C(643)
    [CH2]C([CH2])C[C]=C(2011) <=> C=C=C(1236) + [CH2]C=C(643)
    [CH]C=C(1234) + C=[C]C(644) <=> C=C=C(1236) + [CH2]C=C(643)
    [CH]C=C(1234) + [CH2]C=C(643) <=> C=C=C(1236) + [CH2]C=C(643)
    [CH2][C]=C(1237) + C=[C]C(644) <=> C=C=C(1236) + [CH2]C=C(643)
    [CH2][C]=C(1237) + [CH2]C=C(643) <=> C=C=C(1236) + [CH2]C=C(643)
    [CH]C=C(1234) + C=[C]C(644) <=> C=C=C(1236) + [CH2]C=C(643)
    [CH]C=C(1234) + [CH2]C=C(643) <=> C=C=C(1236) + [CH2]C=C(643)
    [CH]=C=C(1912) + [CH2]C[CH2](146) <=> C=C=C(1236) + [CH2]C=C(643)
    [CH]=C=C(1912) + [CH2][CH]C(159) <=> C=C=C(1236) + [CH2]C=C(643)
    [CH]=C=C(1912) + C=CC(158) <=> C=C=C(1236) + [CH2]C=C(643)
    C=C=C(1236) + [CH2]C=C(643) <=> C=[C]CCC=C(1626)
    C=C=C(1236) + [CH2]C=C(643) <=> [CH2]C(=C)CC=C(2012)
    C#CCC([CH2])C(2013) <=> C=C=C(1236) + [CH2]C=C(643)
    C#CCCC[CH2](2014) <=> C=C=C(1236) + [CH2]C=C(643)
    [CH2]C(=C)C[CH]CC(2015) <=> C=C=C(1236) + C=CCC(466)
    C=[C]CC[CH]CC(2016) <=> C=C=C(1236) + C=CCC(466)
    [CH2]C(=C)C([CH2])CC(2017) <=> C=C=C(1236) + C=CCC(466)
    [CH2]C(CC)C[C]=C(2018) <=> C=C=C(1236) + C=CCC(466)
    C=[C]C(644) + C=C[CH]C(1344) <=> C=C=C(1236) + C=CCC(466)
    [CH2]C=C(643) + C=C[CH]C(1344) <=> C=C=C(1236) + C=CCC(466)
    C=[C]C(644) + [CH2]CC=C(538) <=> C=C=C(1236) + C=CCC(466)
    [CH2]C=C(643) + [CH2]CC=C(538) <=> C=C=C(1236) + C=CCC(466)
    C=[C]C(644) + C=[C]CC(1345) <=> C=C=C(1236) + C=CCC(466)
    [CH2]C=C(643) + C=[C]CC(1345) <=> C=C=C(1236) + C=CCC(466)
    C=[C]C(644) + [CH]=CCC(1346) <=> C=C=C(1236) + C=CCC(466)
    [CH2]C=C(643) + [CH]=CCC(1346) <=> C=C=C(1236) + C=CCC(466)
    [CH]=C=C(1912) + [CH2]CCC(41) <=> C=C=C(1236) + C=CCC(466)
    [CH]=C=C(1912) + C[CH]CC(469) <=> C=C=C(1236) + C=CCC(466)
    C=CCCC=CC(2019) <=> C=C=C(1236) + C=CCC(466)
    C=C(C)CC=CC(2020) <=> C=C=C(1236) + C=CCC(466)
    C#CCC(C)CC(2021) <=> C=C=C(1236) + C=CCC(466)
    C#CCCCCC(2022) <=> C=C=C(1236) + C=CCC(466)
    [CH2]C(=C)C([O])O[O](2023) <=> [O]OC=O(106) + C=C=C(1236)
    C=[C]CC([O])O[O](2024) <=> [O]OC=O(106) + C=C=C(1236)
    [CH2]C(=C)O[CH]O[O](2025) <=> [O]OC=O(106) + C=C=C(1236)
    C=[C]CO[CH]O[O](2026) <=> [O]OC=O(106) + C=C=C(1236)
    CO3t2(231) + C=[C]C(644) <=> [O]OC=O(106) + C=C=C(1236)
    CO3t2(231) + [CH2]C=C(643) <=> [O]OC=O(106) + C=C=C(1236)
    [O]O[CH]O(1482) + [CH]=C=C(1912) <=> [O]OC=O(106) + C=C=C(1236)
    [O]CO[O](110) + [CH]=C=C(1912) <=> [O]OC=O(106) + C=C=C(1236)
    [O]OC=O(106) + C=C=C(1236) <=> O=COO(268) + [CH]=C=C(1912)
    [O]OC=O(106) + C=C=C(1236) <=> C=[C]COOC=O(2027)
    [O]OC=O(106) + C=C=C(1236) <=> [CH2]C(=C)OOC=O(2028)
    C#CCOCO[O](2029) <=> [O]OC=O(106) + C=C=C(1236)
    C#CCC(O)O[O](2030) <=> [O]OC=O(106) + C=C=C(1236)
    [CH2]C(=C)C[CH]CCC=C(2031) <=> C=C=C(1236) + C=CCCC=C(1328)
    C=[C]CC[CH]CCC=C(2032) <=> C=C=C(1236) + C=CCCC=C(1328)
    [CH2]C(=C)C([CH2])CCC=C(2033) <=> C=C=C(1236) + C=CCCC=C(1328)
    [CH2]C(C[C]=C)CCC=C(2034) <=> C=C=C(1236) + C=CCCC=C(1328)
    C=[C]C(644) + C=C[CH]CC=C(1625) <=> C=C=C(1236) + C=CCCC=C(1328)
    [CH2]C=C(643) + C=C[CH]CC=C(1625) <=> C=C=C(1236) + C=CCCC=C(1328)
    C=[C]C(644) + C=[C]CCC=C(1626) <=> C=C=C(1236) + C=CCCC=C(1328)
    [CH2]C=C(643) + C=[C]CCC=C(1626) <=> C=C=C(1236) + C=CCCC=C(1328)
    C=[C]C(644) + [CH]=CCCC=C(1627) <=> C=C=C(1236) + C=CCCC=C(1328)
    [CH2]C=C(643) + [CH]=CCCC=C(1627) <=> C=C=C(1236) + C=CCCC=C(1328)
    [CH]=C=C(1912) + [CH2]CCCC=C(868) <=> C=C=C(1236) + C=CCCC=C(1328)
    [CH]=C=C(1912) + C=CCC[CH]C(997) <=> C=C=C(1236) + C=CCCC=C(1328)
    C=CCC=CCCC=C(2035) <=> C=C=C(1236) + C=CCCC=C(1328)
    C=CCC=CCC(=C)C(2036) <=> C=C=C(1236) + C=CCCC=C(1328)
    C#CCC(C)CCC=C(2037) <=> C=C=C(1236) + C=CCCC=C(1328)
    C#CCCCCCC=C(2038) <=> C=C=C(1236) + C=CCCC=C(1328)
    [CH2]C(=C)C[CH]O(2039) <=> C2H3OH(72) + C=C=C(1236)
    C=[C]CC[CH]O(2040) <=> C2H3OH(72) + C=C=C(1236)
    [CH2]C(=C)C([CH2])O(2041) <=> C2H3OH(72) + C=C=C(1236)
    [CH2]C(O)C[C]=C(2042) <=> C2H3OH(72) + C=C=C(1236)
    C=[C]O(69) + C=[C]C(644) <=> C2H3OH(72) + C=C=C(1236)
    C=[C]O(69) + [CH2]C=C(643) <=> C2H3OH(72) + C=C=C(1236)
    [CH]=CO(70) + C=[C]C(644) <=> C2H3OH(72) + C=C=C(1236)
    [CH]=CO(70) + [CH2]C=C(643) <=> C2H3OH(72) + C=C=C(1236)
    CH2CHO(36) + C=[C]C(644) <=> C2H3OH(72) + C=C=C(1236)
    CH2CH2OH(241) + [CH]=C=C(1912) <=> C2H3OH(72) + C=C=C(1236)
    CH3CHOH(133) + [CH]=C=C(1912) <=> C2H3OH(72) + C=C=C(1236)
    C=CCCC=O(699) <=> C2H3OH(72) + C=C=C(1236)
    C=C(C)CC=O(2043) <=> C2H3OH(72) + C=C=C(1236)
    C#CCC(C)O(1976) <=> C2H3OH(72) + C=C=C(1236)
    C#CCCCO(2044) <=> C2H3OH(72) + C=C=C(1236)
    C2H3O(67) + C=[C]C(644) <=> CH2OCH2(1871) + C=C=C(1236)
    C2H3O(67) + [CH2]C=C(643) <=> CH2OCH2(1871) + C=C=C(1236)
    [CH2]C(=C)C([CH2])=C(2045) <=> C=C=C(1236) + C=C=C(1236)
    [CH2]C(=C)C[C]=C(2046) <=> C=C=C(1236) + C=C=C(1236)
    C=[C]CC[C]=C(2047) <=> C=C=C(1236) + C=C=C(1236)
    [CH]=C=C(1912) + C=[C]C(644) <=> C=C=C(1236) + C=C=C(1236)
    [CH]=C=C(1912) + [CH2]C=C(643) <=> C=C=C(1236) + C=C=C(1236)
    C#CCCC=C(2048) <=> C=C=C(1236) + C=C=C(1236)
    C#CCC(=C)C(2049) <=> C=C=C(1236) + C=C=C(1236)

After model enlargement:
    The model core has 71 species and 859 reactions
    The model edge has 1978 species and 5911 reactions


Saving current model core to Chemkin file...
Chemkin file contains 866 reactions.
Saving annotated version of Chemkin file...
Chemkin file contains 866 reactions.
Saving current model core and edge to Chemkin file...
Chemkin file contains 6777 reactions.
Saving annotated version of Chemkin file...
Chemkin file contains 6777 reactions.
Saving current model core to HTML file...
Saving current model edge to HTML file...
Updating RMG execution statistics...
    Execution time (DD:HH:MM:SS): 00:00:03:40
    Memory used: 933.11 MB

Making seed mechanism...
Conducting simulation of reaction system 1...
At time 7.8201e-06 s, species [CH]C=C(1234) at 0.10155363515554448 exceeded the minimum rate for simulation interruption of 0.1
At time 7.8201e-06 s, species [CH]C=C(1234) at rate ratio 0.10155363515554448 exceeded the minimum rate for moving to model core of 0.1
terminating simulation due to interrupt...


Adding species [CH]C=C(1234) to model core
Species [CH]C=C(1234) was Forbidden and not added to Core...Removing from Edge.

Summary of Model Enlargement
---------------------------------
Added 0 new core species
Created 0 new edge species
Added 0 new core reactions
Created 0 new edge reactions

After model enlargement:
    The model core has 71 species and 859 reactions
    The model edge has 1977 species and 5830 reactions


At time 6.8597e-05 s, reached target termination conversion: 0.900000 of C12H24(1)
    C12H24(1) conversion: 0.901     

For reaction generation 1 process is used.

Summary of Secondary Model Edge Enlargement
---------------------------------
Added 0 new core species
Created 0 new edge species
Added 0 new core reactions
Created 0 new edge reactions

After model enlargement:
    The model core has 71 species and 859 reactions
    The model edge has 1977 species and 5830 reactions


Saving current model core to Chemkin file...
Chemkin file contains 866 reactions.
Saving annotated version of Chemkin file...
Chemkin file contains 866 reactions.
Saving current model core and edge to Chemkin file...
Chemkin file contains 6696 reactions.
Saving annotated version of Chemkin file...
Chemkin file contains 6696 reactions.
Saving current model core to HTML file...
Saving current model edge to HTML file...
Updating RMG execution statistics...
    Execution time (DD:HH:MM:SS): 00:00:03:47
    Memory used: 933.11 MB

Making seed mechanism...
Conducting simulation of reaction system 1...
At time 1.8132e-05 s, species [CH2]C(=C)OO(1917) at 0.10103879852295247 exceeded the minimum rate for simulation interruption of 0.1
At time 1.8132e-05 s, species [CH2]C(=C)OO(1917) at rate ratio 0.10103879852295247 exceeded the minimum rate for moving to model core of 0.1
terminating simulation due to interrupt...


Adding species [CH2]C(=C)OO(1917) to model core

Summary of Model Enlargement
---------------------------------
Added 1 new core species
    [CH2]C(=C)OO(1917)
Created 0 new edge species
Moved 1 reactions from edge to core
    HO2(10) + C=C=C(1236) <=> [CH2]C(=C)OO(1917)
Added 0 new core reactions
Created 0 new edge reactions

After model enlargement:
    The model core has 72 species and 860 reactions
    The model edge has 1976 species and 5829 reactions


At time 6.8366e-05 s, reached target termination conversion: 0.900000 of C12H24(1)
    C12H24(1) conversion: 0.9003    

For reaction generation 1 process is used.
Generating thermo for new species...
Generating kinetics for new reactions...

Summary of Secondary Model Edge Enlargement
---------------------------------
Added 0 new core species
Created 7 new edge species
    [CH]C(=C)OO(2050)
    C=C1CO1(2051)
    [CH2][C](C)O[O](2052)
    OO[C]1CC1(2053)
    [CH2]C(=C)[O](2054)
    [CH]=C(C)OO(2055)
    C=C([O])CO(2056)
Added 0 new core reactions
Created 14 new edge reactions
    CH2(T)(17) + C=[C]OO(238) <=> [CH2]C(=C)OO(1917)
    H(3) + [CH]C(=C)OO(2050) <=> [CH2]C(=C)OO(1917)
    [CH2]C(=C)OO(1917) <=> OH(5) + C=C1CO1(2051)
    [CH2]C([CH2])O[O](1292) <=> [CH2]C(=C)OO(1917)
    [CH2][C](C)O[O](2052) <=> [CH2]C(=C)OO(1917)
    [CH2]C(=C)OO(1917) <=> OO[C]1CC1(2053)
    OH(5) + [CH2]C(=C)[O](2054) <=> [CH2]C(=C)OO(1917)
    HO2(10) + [CH2][C]=C(1237) <=> [CH2]C(=C)OO(1917)
    H(3) + [CH2]C(=C)O[O](1977) <=> [CH2]C(=C)OO(1917)
    H(3) + [CH]C(=C)OO(2050) <=> [CH2]C(=C)OO(1917)
    [CH]=C(C)OO(2055) <=> [CH2]C(=C)OO(1917)
    [CH2]C(=C)OO(1917) <=> C=C(C)O[O](1916)
    [CH2]C(=C)OO(1917) <=> C=C([O])CO(2056)
    [CH2]C(=C)OO(1917) <=> C=C([O])CO(2056)

After model enlargement:
    The model core has 72 species and 860 reactions
    The model edge has 1983 species and 5843 reactions


Saving current model core to Chemkin file...
Chemkin file contains 867 reactions.
Saving annotated version of Chemkin file...
Chemkin file contains 867 reactions.
Saving current model core and edge to Chemkin file...
Chemkin file contains 6710 reactions.
Saving annotated version of Chemkin file...
Chemkin file contains 6710 reactions.
Saving current model core to HTML file...
Saving current model edge to HTML file...
Updating RMG execution statistics...
    Execution time (DD:HH:MM:SS): 00:00:03:53
    Memory used: 935.51 MB

Making seed mechanism...
Conducting simulation of reaction system 1...
At time 2.4977e-06 s, species [CH2]C(=C)[O](2054) at 0.10298599309377729 exceeded the minimum rate for simulation interruption of 0.1
At time 2.4977e-06 s, species [CH2]C(=C)[O](2054) at rate ratio 0.10298599309377729 exceeded the minimum rate for moving to model core of 0.1
terminating simulation due to interrupt...


Adding species [CH2]C(=C)[O](2054) to model core

Summary of Model Enlargement
---------------------------------
Added 1 new core species
    [CH2]C(=C)[O](2054)
Created 0 new edge species
Moved 1 reactions from edge to core
    OH(5) + [CH2]C(=C)[O](2054) <=> [CH2]C(=C)OO(1917)
Added 0 new core reactions
Created 0 new edge reactions

After model enlargement:
    The model core has 73 species and 861 reactions
    The model edge has 1982 species and 5842 reactions


At time 6.4355e-05 s, reached target termination conversion: 0.900000 of C12H24(1)
    C12H24(1) conversion: 0.9011    

For reaction generation 1 process is used.
Generating thermo for new species...
Generating kinetics for new reactions...
For reaction [CH2]C(=C)[O](2054) <=> [O][C]1CC1(2059), Ea raised from 186.9 to 188.3 kJ/mol to match endothermicity of reaction.
For reaction OH(5) + [CH2]C(=C)[O](2054) <=> [CH2]C([CH2])([O])O(2065), Ea raised from -7.3 to 42.9 kJ/mol to match endothermicity of reaction.
For reaction OH(5) + [CH2]C(=C)[O](2054) <=> [CH2][C]([O])CO(2066), Ea raised from -7.0 to 49.1 kJ/mol to match endothermicity of reaction.
For reaction OH(5) + [CH2]C(=C)[O](2054) <=> [CH2][C]([CH2])OO(2068), Ea raised from 272.8 to 276.7 kJ/mol to match endothermicity of reaction.
For reaction HO2(10) + [CH2]C(=C)[O](2054) <=> [CH2]C([CH2])([O])OO(2071), Ea raised from 132.6 to 135.5 kJ/mol to match endothermicity of reaction.
For reaction HO2(10) + [CH2]C(=C)[O](2054) <=> [CH2][C]([O])COO(2072), Ea raised from 144.9 to 146.5 kJ/mol to match endothermicity of reaction.
For reaction HO2(10) + [CH2]C(=C)[O](2054) <=> [CH2]C(=C)OOO(2073), Ea raised from 16.5 to 20.2 kJ/mol to match endothermicity of reaction.
For reaction HO2(10) + [CH2]C(=C)[O](2054) <=> [CH2][C]([CH2])OOO(2076), Ea raised from 334.5 to 338.3 kJ/mol to match endothermicity of reaction.
For reaction CO(12) + [CH2]C(=C)[O](2054) <=> [CH2]C(=C)O[C]=O(1925), Ea raised from 46.6 to 50.3 kJ/mol to match endothermicity of reaction.
For reaction CO2(13) + [CH2]C(=C)[O](2054) <=> C=C([O])CO[C]=O(2084), Ea raised from 133.4 to 137.7 kJ/mol to match endothermicity of reaction.
For reaction CO2(13) + [CH2]C(=C)[O](2054) <=> [CH2]C(=C)OO[C]=O(2085), Ea raised from 339.9 to 343.8 kJ/mol to match endothermicity of reaction.
For reaction CO2(13) + [CH2]C(=C)[O](2054) <=> C=C([O])CC([O])=O(2086), Ea raised from 99.2 to 105.0 kJ/mol to match endothermicity of reaction.
For reaction CO2(13) + [CH2]C(=C)[O](2054) <=> [CH2]C(=C)OC([O])=O(2087), Ea raised from 140.5 to 144.1 kJ/mol to match endothermicity of reaction.
For reaction CO2(13) + [CH2]C(=C)[O](2054) <=> C=C([O])CO[C]=O(2084), Ea raised from 133.4 to 137.7 kJ/mol to match endothermicity of reaction.
For reaction CO2(13) + [CH2]C(=C)[O](2054) <=> C=C([O])CC([O])=O(2086), Ea raised from 99.2 to 105.0 kJ/mol to match endothermicity of reaction.
For reaction CH3(18) + [CH2]C(=C)[O](2054) <=> [CH2]C([CH2])(C)[O](2090), Ea raised from 90.4 to 93.7 kJ/mol to match endothermicity of reaction.
For reaction CH3(18) + [CH2]C(=C)[O](2054) <=> [CH2][C]([O])CC(2091), Ea raised from 72.3 to 77.3 kJ/mol to match endothermicity of reaction.
For reaction CH3(18) + [CH2]C(=C)[O](2054) <=> [CH2][C]([CH2])OC(2094), Ea raised from 105.1 to 107.1 kJ/mol to match endothermicity of reaction.
For reaction CH2O(19) + [CH2]C(=C)[O](2054) <=> [CH2]OOC([CH2])=C(2102), Ea raised from 295.3 to 299.3 kJ/mol to match endothermicity of reaction.
For reaction CH2O(19) + [CH2]C(=C)[O](2054) <=> [CH2]C1([CH2])COO1(2107), Ea raised from 360.7 to 364.8 kJ/mol to match endothermicity of reaction.
For reaction CH2CO(28) + [CH2]C(=C)[O](2054) <=> C=[C]OCC(=C)[O](2122), Ea raised from 54.4 to 59.6 kJ/mol to match endothermicity of reaction.
For reaction CH2CO(28) + [CH2]C(=C)[O](2054) <=> [CH2]C(=C)OO[C]=C(2123), Ea raised from 387.7 to 392.5 kJ/mol to match endothermicity of reaction.
For reaction CH2CO(28) + [CH2]C(=C)[O](2054) <=> C=[C]OCC(=C)[O](2122), Ea raised from 54.4 to 59.6 kJ/mol to match endothermicity of reaction.
For reaction C2H5(33) + [CH2]C(=C)[O](2054) <=> [CH2]C([CH2])([O])CC(2143), Ea raised from 100.1 to 101.6 kJ/mol to match endothermicity of reaction.
For reaction C2H5(33) + [CH2]C(=C)[O](2054) <=> [CH2][C]([O])CCC(2144), Ea raised from 78.7 to 81.9 kJ/mol to match endothermicity of reaction.
For reaction CH2CHO(36) + [CH2]C(=C)[O](2054) <=> [CH2][CH]OCC(=C)[O](2154), Ea raised from 60.5 to 62.0 kJ/mol to match endothermicity of reaction.
For reaction CH2CHO(36) + [CH2]C(=C)[O](2054) <=> [CH2][CH]OOC([CH2])=C(2155), Ea raised from 346.2 to 348.2 kJ/mol to match endothermicity of reaction.
For reaction CH2CHO(36) + [CH2]C(=C)[O](2054) <=> [CH2]C([O])CC(=C)[O](2156), Ea raised from 59.8 to 62.9 kJ/mol to match endothermicity of reaction.
For reaction CH2CHO(36) + [CH2]C(=C)[O](2054) <=> [CH2]C(=C)OC([CH2])[O](2157), Ea raised from 76.7 to 79.2 kJ/mol to match endothermicity of reaction.
For reaction CH2CHO(36) + [CH2]C(=C)[O](2054) <=> [CH2][C]([O])CCC=O(2159), Ea raised from 104.0 to 105.7 kJ/mol to match endothermicity of reaction.
For reaction CH2CHO(36) + [CH2]C(=C)[O](2054) <=> [CH2]C1OOC1([CH2])[CH2](2164), Ea raised from 419.3 to 422.1 kJ/mol to match endothermicity of reaction.
For reaction CH2CHO(36) + [CH2]C(=C)[O](2054) <=> [CH2][CH]OCC(=C)[O](2154), Ea raised from 60.5 to 62.0 kJ/mol to match endothermicity of reaction.
For reaction CH2CHO(36) + [CH2]C(=C)[O](2054) <=> [CH2]C([O])CC(=C)[O](2156), Ea raised from 59.8 to 62.9 kJ/mol to match endothermicity of reaction.
For reaction CH2CHO(36) + [CH2]C(=C)[O](2054) <=> [CH2]C([CH2])([O])OC=C(2169), Ea raised from 129.4 to 129.4 kJ/mol to match endothermicity of reaction.
For reaction CH2CHO(36) + [CH2]C(=C)[O](2054) <=> [CH2]C(=C)OOC=C(2170), Ea raised from 87.0 to 90.8 kJ/mol to match endothermicity of reaction.
For reaction CH3CHO(37) + [CH2]C(=C)[O](2054) <=> [CH2]C(=C)OO[CH]C(2182), Ea raised from 311.1 to 314.3 kJ/mol to match endothermicity of reaction.
For reaction CH3CHO(37) + [CH2]C(=C)[O](2054) <=> C=C([O])CC(C)[O](2183), Ea raised from 27.6 to 31.3 kJ/mol to match endothermicity of reaction.
For reaction CH3CHO(37) + [CH2]C(=C)[O](2054) <=> [CH2]C1([CH2])OOC1C(2189), Ea raised from 384.2 to 388.1 kJ/mol to match endothermicity of reaction.
For reaction CH3CHO(37) + [CH2]C(=C)[O](2054) <=> C=C([O])CO[CH]C(2181), Ea raised from 27.6 to 30.4 kJ/mol to match endothermicity of reaction.
For reaction CH3CHO(37) + [CH2]C(=C)[O](2054) <=> C=C([O])CC(C)[O](2183), Ea raised from 27.6 to 31.3 kJ/mol to match endothermicity of reaction.
For reaction O2(2) + [CH2]C(=C)[O](2054) <=> [CH2]C([CH2])([O])O[O](2193), Ea raised from 295.9 to 298.6 kJ/mol to match endothermicity of reaction.
For reaction O2(2) + [CH2]C(=C)[O](2054) <=> [CH2][C]([O])CO[O](2194), Ea raised from 308.3 to 309.6 kJ/mol to match endothermicity of reaction.
For reaction O2(2) + [CH2]C(=C)[O](2054) <=> [CH2]C(=C)OO[O](2195), Ea raised from 178.0 to 183.3 kJ/mol to match endothermicity of reaction.
For reaction O2(2) + [CH2]C(=C)[O](2054) <=> [CH2][C]([CH2])OO[O](2197), Ea raised from 497.8 to 501.4 kJ/mol to match endothermicity of reaction.
For reaction [CH2]C(=C)[O](2054) + [CH2]C=C(643) <=> [CH2]C(=C)OC([CH2])[CH2](2268), Ea raised from 70.3 to 70.3 kJ/mol to match endothermicity of reaction.
For reaction [CH2]C(=C)[O](2054) + [CH2]C=C(643) <=> [CH2][CH]COC([CH2])=C(2270), Ea raised from 63.2 to 67.1 kJ/mol to match endothermicity of reaction.
For reaction [CH2]C(=C)[O](2054) + [CH2]C=C(643) <=> [CH2]C([CH2])([O])CC=C(2271), Ea raised from 151.5 to 152.5 kJ/mol to match endothermicity of reaction.
For reaction [CH2]C(=C)[O](2054) + [CH2]C=C(643) <=> [CH2][CH]COC([CH2])=C(2270), Ea raised from 63.2 to 67.1 kJ/mol to match endothermicity of reaction.
For reaction [O]OC=O(106) + [CH2]C(=C)[O](2054) <=> [CH2]C1([O])COC1O[O](2299), Ea raised from 258.4 to 260.9 kJ/mol to match endothermicity of reaction.
For reaction [O]OC=O(106) + [CH2]C(=C)[O](2054) <=> C=C([O])CO[CH]O[O](2300), Ea raised from 123.9 to 124.7 kJ/mol to match endothermicity of reaction.
For reaction [O]OC=O(106) + [CH2]C(=C)[O](2054) <=> [CH2]C(=C)OO[CH]O[O](2301), Ea raised from 402.4 to 402.6 kJ/mol to match endothermicity of reaction.
For reaction [O]OC=O(106) + [CH2]C(=C)[O](2054) <=> C=C([O])CC([O])O[O](2302), Ea raised from 100.7 to 103.1 kJ/mol to match endothermicity of reaction.
For reaction [O]OC=O(106) + [CH2]C(=C)[O](2054) <=> [CH2]C(=C)OC([O])O[O](2303), Ea raised from 143.7 to 145.6 kJ/mol to match endothermicity of reaction.
For reaction [O]OC=O(106) + [CH2]C(=C)[O](2054) <=> [CH2]C([CH2])([O])OOC=O(2304), Ea raised from 87.8 to 91.0 kJ/mol to match endothermicity of reaction.
For reaction [O]OC=O(106) + [CH2]C(=C)[O](2054) <=> [CH2][C]([O])COOC=O(2305), Ea raised from 100.2 to 102.0 kJ/mol to match endothermicity of reaction.
For reaction [O]OC=O(106) + [CH2]C(=C)[O](2054) <=> [CH2]C1([CH2])OOC1O[O](2310), Ea raised from 462.8 to 464.5 kJ/mol to match endothermicity of reaction.
For reaction [O]OC=O(106) + [CH2]C(=C)[O](2054) <=> C=C([O])CO[CH]O[O](2300), Ea raised from 123.9 to 124.7 kJ/mol to match endothermicity of reaction.
For reaction [O]OC=O(106) + [CH2]C(=C)[O](2054) <=> C=C([O])CC([O])O[O](2302), Ea raised from 100.7 to 103.1 kJ/mol to match endothermicity of reaction.
For reaction [O]OC=O(106) + [CH2]C(=C)[O](2054) <=> [CH2][C]([CH2])OOOC=O(2312), Ea raised from 289.7 to 293.8 kJ/mol to match endothermicity of reaction.
For reaction [CH2]C(=C)[O](2054) + [CH2]C(=C)[O](2054) <=> [CH2]C([CH2])([O])CC(=C)[O](2363), Ea raised from 143.7 to 145.1 kJ/mol to match endothermicity of reaction.
For reaction [CH2]C(=C)[O](2054) + [CH2]C(=C)[O](2054) <=> [CH2]C(=C)OC([CH2])([CH2])[O](2364), Ea raised from 158.8 to 159.5 kJ/mol to match endothermicity of reaction.
For reaction [CH2]C(=C)[O](2054) + [CH2]C(=C)[O](2054) <=> [CH2][C]([O])CCC(=C)[O](2365), Ea raised from 125.7 to 128.7 kJ/mol to match endothermicity of reaction.
For reaction [CH2]C(=C)[O](2054) + [CH2]C(=C)[O](2054) <=> [CH2][C]([O])COC([CH2])=C(2366), Ea raised from 175.4 to 177.4 kJ/mol to match endothermicity of reaction.
For reaction [CH2]C(=C)[O](2054) + [CH2]C(=C)[O](2054) <=> [CH2]C(=C)OOC([CH2])=C(2367), Ea raised from 116.3 to 120.8 kJ/mol to match endothermicity of reaction.
For reaction [CH2]C(=C)[O](2054) + [CH2]C(=C)[O](2054) <=> [CH2]C1([CH2])CC([CH2])([O])O1(2372), Ea raised from 262.3 to 263.9 kJ/mol to match endothermicity of reaction.
For reaction [CH2]C(=C)[O](2054) + [CH2]C(=C)[O](2054) <=> [CH2]C1([O])COC1([CH2])[CH2](2373), Ea raised from 295.8 to 296.6 kJ/mol to match endothermicity of reaction.
For reaction [CH2]C(=C)[O](2054) + [CH2]C(=C)[O](2054) <=> [CH2]C([CH2])([O])CC(=C)[O](2363), Ea raised from 143.7 to 145.1 kJ/mol to match endothermicity of reaction.
For reaction [CH2]C(=C)[O](2054) + [CH2]C(=C)[O](2054) <=> [CH2][C]([O])CCC(=C)[O](2365), Ea raised from 125.7 to 128.7 kJ/mol to match endothermicity of reaction.
For reaction [CH2]C(=C)[O](2054) + [CH2]C(=C)[O](2054) <=> [CH2][C]([O])COC([CH2])=C(2366), Ea raised from 175.4 to 177.4 kJ/mol to match endothermicity of reaction.
For reaction [CH2]C(=C)[O](2054) + [CH2]C(=C)[O](2054) <=> [CH2][C]([CH2])OOC([CH2])=C(2374), Ea raised from 435.6 to 438.3 kJ/mol to match endothermicity of reaction.
For reaction [CH2]C(=C)[O](2054) + [CH2]C(=C)[O](2054) <=> [CH2]C1([CH2])OOC1([CH2])[CH2](2376), Ea raised from 504.5 to 507.2 kJ/mol to match endothermicity of reaction.

Summary of Secondary Model Edge Enlargement
---------------------------------
Added 0 new core species
Created 321 new edge species
    [CH]C(=C)[O](2057)
    [CH2][C]1CO1(2058)
    [O][C]1CC1(2059)
    [CH]=C([CH2])O(2060)
    [CH]=C(C)[O](2061)
    O=C1CC1(2062)
    [CH2]C([CH2])[O](2063)
    [CH2][C](C)[O](2064)
    [CH2]C([CH2])([O])O(2065)
    [CH2][C]([O])CO(2066)
    [CH2][C]([CH2])O(2067)
    [CH2][C]([CH2])OO(2068)
    [CH2]C(C)([O])O[O](2069)
    [CH2]C([O])CO[O](2070)
    [CH2]C([CH2])([O])OO(2071)
    [CH2][C]([O])COO(2072)
    [CH2]C(=C)OOO(2073)
    C=C([O])COO(2074)
    [CH2]C([CH2])(O)O[O](2075)
    [CH2][C]([CH2])OOO(2076)
    [CH2]C([O])=CC=O(2077)
    [CH2]C([O])=COC=O(2078)
    [CH2]C([O])=CC(=O)O(2079)
    [CH2][C]([O])CC([O])=O(2080)
    [CH2]C([CH2])([O])C([O])=O(2081)
    [CH2][C]([O])CO[C]=O(2082)
    [CH2]C([CH2])([O])O[C]=O(2083)
    C=C([O])CO[C]=O(2084)
    [CH2]C(=C)OO[C]=O(2085)
    C=C([O])CC([O])=O(2086)
    [CH2]C(=C)OC([O])=O(2087)
    [CH2][C]([CH2])OC([O])=O(2088)
    [CH2][C]([CH2])OO[C]=O(2089)
    [CH2]C([CH2])(C)[O](2090)
    [CH2][C]([O])CC(2091)
    [CH2]C(=C)OC(2092)
    C=C([O])CC(2093)
    [CH2][C]([CH2])OC(2094)
    [CH2][C]([O])CC[O](2095)
    [CH2]C([CH2])([O])C[O](2096)
    [CH2]OC[C]([CH2])[O](2097)
    [CH2]OC([CH2])([CH2])[O](2098)
    [CH2]C1([O])CCO1(2099)
    [CH2]C1([O])COC1(2100)
    [CH2]OCC(=C)[O](2101)
    [CH2]OOC([CH2])=C(2102)
    C=C([O])CC[O](2103)
    [CH2]C(=C)OC[O](2104)
    [CH2][C]([CH2])OC[O](2105)
    [CH2]OO[C]([CH2])[CH2](2106)
    [CH2]C1([CH2])COO1(2107)
    [CH2]C1([CH2])OCO1(2108)
    [CH]=CC[C]([CH2])[O](2109)
    [CH]=CC([CH2])([CH2])[O](2110)
    [CH]=CCC(=C)[O](2111)
    [CH]=COC([CH2])=C(2112)
    [CH]=CO[C]([CH2])[CH2](2113)
    [CH2][C]([O])CC(=C)[O](2114)
    [CH2]C([CH2])([O])C(=C)[O](2115)
    [CH2][C]([O])CO[C]=C(2116)
    [CH2]C([CH2])([O])O[C]=C(2117)
    [CH2][C]([O])CC[C]=O(2118)
    [CH2]C([CH2])([O])C[C]=O(2119)
    [CH2]C1([O])CCC1=O(2120)
    [CH2]C1([O])CC(=O)C1(2121)
    C=[C]OCC(=C)[O](2122)
    [CH2]C(=C)OO[C]=C(2123)
    C=C([O])CC[C]=O(2124)
    [CH2]C(=C)OC[C]=O(2125)
    C=C([O])CC(=C)[O](2126)
    [CH2]C(=C)OC(=C)[O](2127)
    C#COC([CH2])(C)[O](2128)
    C#COCC([CH2])[O](2129)
    [CH2][C]([CH2])OC(=C)[O](2130)
    [CH2][C]([CH2])OO[C]=C(2131)
    [CH2][C]([CH2])OC[C]=O(2132)
    [CH2]C1([CH2])CC(=O)O1(2133)
    [CH2]C1([CH2])OCC1=O(2134)
    C#COOC([CH2])[CH2](2135)
    C#COC([CH2])([CH2])O(2136)
    [CH2]CC[C]([CH2])[O](2137)
    [CH2]CC([CH2])([CH2])[O](2138)
    [CH2]CCC(=C)[O](2139)
    [CH2]COC([CH2])=C(2140)
    [CH2]CO[C]([CH2])[CH2](2141)
    [CH2]C1([CH2])CCO1(2142)
    [CH2]C([CH2])([O])CC(2143)
    [CH2][C]([O])CCC(2144)
    [CH2]C(=C)OCC(2145)
    C=C([O])CCC(2146)
    [CH2][C]([CH2])OCC(2147)
    [CH2][C]([O])CC([CH2])[O](2148)
    [CH2]C([O])C([CH2])([CH2])[O](2149)
    [CH2][CH]OC[C]([CH2])[O](2150)
    [CH2][CH]OC([CH2])([CH2])[O](2151)
    [CH2]C1CC([CH2])([O])O1(2152)
    [CH2]C1OCC1([CH2])[O](2153)
    [CH2][CH]OCC(=C)[O](2154)
    [CH2][CH]OOC([CH2])=C(2155)
    [CH2]C([O])CC(=C)[O](2156)
    [CH2]C(=C)OC([CH2])[O](2157)
    [CH2]C([CH2])([O])CC=O(2158)
    [CH2][C]([O])CCC=O(2159)
    [CH2]C(=C)OCC=O(2160)
    C=C([O])CCC=O(2161)
    [CH2][C]([CH2])OC([CH2])[O](2162)
    [CH2][CH]OO[C]([CH2])[CH2](2163)
    [CH2]C1OOC1([CH2])[CH2](2164)
    [CH2]C1OC([CH2])([CH2])O1(2165)
    [CH2][C]([CH2])OCC=O(2166)
    [CH2][C]([O])CC[CH][O](2167)
    [CH2]C([CH2])([O])C[CH][O](2168)
    [CH2]C([CH2])([O])OC=C(2169)
    [CH2]C(=C)OOC=C(2170)
    C=COCC(=C)[O](2171)
    [CH2][C]([CH2])OC[CH][O](2172)
    [CH2]C1([CH2])CC([O])O1(2173)
    [CH2]C1([CH2])OCC1[O](2174)
    [CH2][C]([O])CC(C)[O](2175)
    [CH2]C([CH2])([O])C(C)[O](2176)
    [CH2][C]([O])CO[CH]C(2177)
    [CH2]C([CH2])([O])O[CH]C(2178)
    [CH2]C1([O])CC(C)O1(2179)
    [CH2]C1([O])COC1C(2180)
    C=C([O])CO[CH]C(2181)
    [CH2]C(=C)OO[CH]C(2182)
    C=C([O])CC(C)[O](2183)
    [CH2]C(=C)OC(C)[O](2184)
    [CH2]C(C)([O])OC=C(2185)
    [CH2]C([O])COC=C(2186)
    [CH2][C]([CH2])OC(C)[O](2187)
    [CH2][C]([CH2])OO[CH]C(2188)
    [CH2]C1([CH2])OOC1C(2189)
    [CH2]C1([CH2])OC(C)O1(2190)
    [CH2]C([CH2])OOC=C(2191)
    [CH2]C([CH2])(O)OC=C(2192)
    [CH2]C([CH2])([O])O[O](2193)
    [CH2][C]([O])CO[O](2194)
    [CH2]C(=C)OO[O](2195)
    C=C([O])CO[O](2196)
    [CH2][C]([CH2])OO[O](2197)
    [CH2][C]([O])CC[CH]C(2198)
    [CH2]C([CH2])([O])C[CH]C(2199)
    [CH2][C]([O])CC([CH2])C(2200)
    [CH2]C(C)C([CH2])([CH2])[O](2201)
    [CH2]C(C)CC(=C)[O](2202)
    [CH2]C(=C)OC([CH2])C(2203)
    C=C([O])CC[CH]C(2204)
    [CH2]C(=C)OC[CH]C(2205)
    [CH2]C(C)([O])CC=C(2206)
    [CH2]C([O])CCC=C(2207)
    [CH2][C]([CH2])OC[CH]C(2208)
    [CH2][C]([CH2])OC([CH2])C(2209)
    [CH2]C1([CH2])CC(C)O1(2210)
    [CH2]C1([CH2])OCC1C(2211)
    [CH2]C([CH2])OCC=C(2212)
    [CH2]C([CH2])(O)CC=C(2213)
    [CH2][C]([O])CC[CH]CCCCCCC(2214)
    [CH2]C([CH2])([O])C[CH]CCCCCCC(2215)
    [CH2][C]([O])CC([CH2])CCCCCCC(2216)
    [CH2]C(CCCCCCC)C([CH2])([CH2])[O](2217)
    [CH2]C(CCCCCCC)CC(=C)[O](2218)
    [CH2]C(=C)OC([CH2])CCCCCCC(2219)
    C=C([O])CC[CH]CCCCCCC(2220)
    [CH2]C(=C)OC[CH]CCCCCCC(2221)
    [CH2]C(C)([O])CC=CCCCCCC(2222)
    [CH2]C([O])CCC=CCCCCCC(2223)
    [CH2][C]([CH2])OC[CH]CCCCCCC(2224)
    [CH2][C]([CH2])OC([CH2])CCCCCCC(2225)
    [CH2]C1([CH2])CC(CCCCCCC)O1(2226)
    [CH2]C1([CH2])OCC1CCCCCCC(2227)
    [CH2]C([CH2])OCC=CCCCCCC(2228)
    [CH2]C([CH2])(O)CC=CCCCCCC(2229)
    [CH2][C]([O])CC[CH]CCCC(2230)
    [CH2]C([CH2])([O])C[CH]CCCC(2231)
    [CH2][C]([O])CC([CH2])CCCC(2232)
    [CH2]C(CCCC)C([CH2])([CH2])[O](2233)
    [CH2]C(CCCC)CC(=C)[O](2234)
    [CH2]C(=C)OC([CH2])CCCC(2235)
    C=C([O])CC[CH]CCCC(2236)
    [CH2]C(=C)OC[CH]CCCC(2237)
    [CH2]C(C)([O])CC=CCCC(2238)
    [CH2]C([O])CCC=CCCC(2239)
    [CH2][C]([CH2])OC[CH]CCCC(2240)
    [CH2][C]([CH2])OC([CH2])CCCC(2241)
    [CH2]C1([CH2])CC(CCCC)O1(2242)
    [CH2]C1([CH2])OCC1CCCC(2243)
    [CH2]C([CH2])OCC=CCCC(2244)
    [CH2]C([CH2])(O)CC=CCCC(2245)
    [CH2][C]([O])CC[CH]CCCCC(2246)
    [CH2]C([CH2])([O])C[CH]CCCCC(2247)
    [CH2][C]([O])CC([CH2])CCCCC(2248)
    [CH2]C(CCCCC)C([CH2])([CH2])[O](2249)
    [CH2]C(CCCCC)CC(=C)[O](2250)
    [CH2]C(=C)OC([CH2])CCCCC(2251)
    C=C([O])CC[CH]CCCCC(2252)
    [CH2]C(=C)OC[CH]CCCCC(2253)
    [CH2]C(C)([O])CC=CCCCC(2254)
    [CH2]C([O])CCC=CCCCC(2255)
    [CH2][C]([CH2])OC[CH]CCCCC(2256)
    [CH2][C]([CH2])OC([CH2])CCCCC(2257)
    [CH2]C1([CH2])CC(CCCCC)O1(2258)
    [CH2]C1([CH2])OCC1CCCCC(2259)
    [CH2]C([CH2])OCC=CCCCC(2260)
    [CH2]C([CH2])(O)CC=CCCCC(2261)
    [CH2][CH]CC[C]([CH2])[O](2262)
    [CH2][CH]CC([CH2])([CH2])[O](2263)
    [CH2][C]([O])CC([CH2])[CH2](2264)
    [CH2]C([CH2])C([CH2])([CH2])[O](2265)
    [CH]C=C(2266)
    [CH2]C([CH2])CC(=C)[O](2267)
    [CH2]C(=C)OC([CH2])[CH2](2268)
    [CH2][CH]CCC(=C)[O](2269)
    [CH2][CH]COC([CH2])=C(2270)
    [CH2]C([CH2])([O])CC=C(2271)
    [CH2]C(=C)OCC=C(2272)
    C=CCCC(=C)[O](2273)
    [CH2][CH]CO[C]([CH2])[CH2](2274)
    [CH2][C]([CH2])OC([CH2])[CH2](2275)
    [CH2]C1CC([CH2])([CH2])O1(2276)
    [CH2]C1COC1([CH2])[CH2](2277)
    [CH2][C]([O])CC[CH]CC(2278)
    [CH2]C([CH2])([O])C[CH]CC(2279)
    [CH2][C]([O])CC([CH2])CC(2280)
    [CH2]C(CC)C([CH2])([CH2])[O](2281)
    [CH2]C(CC)CC(=C)[O](2282)
    [CH2]C(=C)OC([CH2])CC(2283)
    C=C([O])CC[CH]CC(2284)
    [CH2]C(=C)OC[CH]CC(2285)
    [CH2]C(C)([O])CC=CC(2286)
    [CH2]C([O])CCC=CC(2287)
    [CH2][C]([CH2])OC[CH]CC(2288)
    [CH2][C]([CH2])OC([CH2])CC(2289)
    [CH2]C1([CH2])CC(CC)O1(2290)
    [CH2]C1([CH2])OCC1CC(2291)
    [CH2]C([CH2])OCC=CC(2292)
    [CH2]C([CH2])(O)CC=CC(2293)
    [CH2][C]([O])CC([O])O[O](2294)
    [CH2]C([CH2])([O])C([O])O[O](2295)
    [CH2][C]([O])CO[CH]O[O](2296)
    [CH2]C([CH2])([O])O[CH]O[O](2297)
    [CH2]C1([O])CC(O[O])O1(2298)
    [CH2]C1([O])COC1O[O](2299)
    C=C([O])CO[CH]O[O](2300)
    [CH2]C(=C)OO[CH]O[O](2301)
    C=C([O])CC([O])O[O](2302)
    [CH2]C(=C)OC([O])O[O](2303)
    [CH2]C([CH2])([O])OOC=O(2304)
    [CH2][C]([O])COOC=O(2305)
    [CH2]C(=C)OOOC=O(2306)
    C=C([O])COOC=O(2307)
    [CH2][C]([CH2])OC([O])O[O](2308)
    [CH2][C]([CH2])OO[CH]O[O](2309)
    [CH2]C1([CH2])OOC1O[O](2310)
    [CH2]C1([CH2])OC(O[O])O1(2311)
    [CH2][C]([CH2])OOOC=O(2312)
    [CH2][C]([O])CC[CH]CCC=C(2313)
    [CH2]C([CH2])([O])C[CH]CCC=C(2314)
    [CH2][C]([O])CC([CH2])CCC=C(2315)
    [CH2]C(CCC=C)C([CH2])([CH2])[O](2316)
    [CH2]C(CCC=C)CC(=C)[O](2317)
    [CH2]C(=C)OC([CH2])CCC=C(2318)
    C=CCC[CH]CCC(=C)[O](2319)
    [CH2]C(=C)OC[CH]CCC=C(2320)
    [CH2]C(C)([O])CC=CCC=C(2321)
    [CH2]C([O])CCC=CCC=C(2322)
    [CH2][C]([CH2])OC[CH]CCC=C(2323)
    [CH2][C]([CH2])OC([CH2])CCC=C(2324)
    [CH2]C1([CH2])CC(CCC=C)O1(2325)
    [CH2]C1([CH2])OCC1CCC=C(2326)
    [CH2]C([CH2])OCC=CCC=C(2327)
    [CH2]C([CH2])(O)CC=CCC=C(2328)
    [CH2][C]([O])CC[CH]O(2329)
    [CH2]C([CH2])([O])C[CH]O(2330)
    [CH2][C]([O])CC([CH2])O(2331)
    [CH2]C(O)C([CH2])([CH2])[O](2332)
    [CH2]C(O)CC(=C)[O](2333)
    [CH2]C(=C)OC([CH2])O(2334)
    C=C([O])CC[CH]O(2335)
    [CH2]C(=C)OC[CH]O(2336)
    [CH2]C(C)([O])CC=O(2337)
    [CH2]C([O])CCC=O(2338)
    [CH2][C]([CH2])OC[CH]O(2339)
    [CH2][C]([CH2])OC([CH2])O(2340)
    [CH2]C1([CH2])CC(O)O1(2341)
    [CH2]C1([CH2])OCC1O(2342)
    [CH2]C([CH2])OCC=O(2343)
    [CH2]C([CH2])(O)CC=O(2344)
    [CH2]COOC([CH2])=C(2345)
    [CH2][C]([O])CC([CH2])=C(2346)
    [CH2]C(=C)C([CH2])([CH2])[O](2347)
    [CH2][C]([O])CC[C]=C(2348)
    [CH2]C([CH2])([O])C[C]=C(2349)
    C=[C]CCC(=C)[O](2350)
    [CH2]C(=C)OC[C]=C(2351)
    [CH2]C(=C)CC(=C)[O](2352)
    [CH2]C(=C)OC([CH2])=C(2353)
    C#CCC([CH2])(C)[O](2354)
    C#CCCC([CH2])[O](2355)
    [CH2][C]([CH2])OC([CH2])=C(2356)
    [CH2][C]([CH2])OC[C]=C(2357)
    C#CCOC([CH2])[CH2](2358)
    C#CCC([CH2])([CH2])O(2359)
    [CH2][C]([O])CC[C]([CH2])[O](2360)
    [CH2][C]([O])CC([CH2])([CH2])[O](2361)
    [CH2]C([CH2])([O])C([CH2])([CH2])[O](2362)
    [CH2]C([CH2])([O])CC(=C)[O](2363)
    [CH2]C(=C)OC([CH2])([CH2])[O](2364)
    [CH2][C]([O])CCC(=C)[O](2365)
    [CH2][C]([O])COC([CH2])=C(2366)
    [CH2]C(=C)OOC([CH2])=C(2367)
    [CH2]C(=C)OCC(=C)[O](2368)
    C=C([O])CCC(=C)[O](2369)
    [CH2][C]([O])CO[C]([CH2])[CH2](2370)
    [CH2][C]([CH2])OC([CH2])([CH2])[O](2371)
    [CH2]C1([CH2])CC([CH2])([O])O1(2372)
    [CH2]C1([O])COC1([CH2])[CH2](2373)
    [CH2][C]([CH2])OOC([CH2])=C(2374)
    [CH2][C]([CH2])OO[C]([CH2])[CH2](2375)
    [CH2]C1([CH2])OOC1([CH2])[CH2](2376)
    [CH2]C1([CH2])OC([CH2])([CH2])O1(2377)
Added 2 new core reactions
    CH2(T)(17) + CH2CO(28) <=> [CH2]C(=C)[O](2054)
    O(4) + C=C=C(1236) <=> [CH2]C(=C)[O](2054)
Created 876 new edge reactions
    O(4) + [CH2][C]=C(1237) <=> [CH2]C(=C)[O](2054)
    CH2(T)(17) + [CH2][C]=O(68) <=> [CH2]C(=C)[O](2054)
    H(3) + [CH]C(=C)[O](2057) <=> [CH2]C(=C)[O](2054)
    [CH2]C(=C)[O](2054) <=> C=C1CO1(2051)
    [CH2]C(=C)[O](2054) <=> [CH2][C]1CO1(2058)
    [CH2]C(=C)[O](2054) <=> [O][C]1CC1(2059)
    H(3) + [CH]C(=C)[O](2057) <=> [CH2]C(=C)[O](2054)
    [CH]=C([CH2])O(2060) <=> [CH2]C(=C)[O](2054)
    [CH]=C(C)[O](2061) <=> [CH2]C(=C)[O](2054)
    [CH2]C(=C)[O](2054) <=> O=C1CC1(2062)
    H2(6) + C=[C]O(69) <=> H(3) + C2H3OH(72)
    H(3) + C2H3OH(72) <=> H2(6) + [CH]=CO(70)
    H(3) + C2H3OH(72) <=> CH3CHOH(133)
    O(4) + [CH2]C([CH2])[O](2063) <=> OH(5) + [CH2]C(=C)[O](2054)
    O(4) + [CH2][C](C)[O](2064) <=> OH(5) + [CH2]C(=C)[O](2054)
    O(4) + [CH2]C(=C)O(1915) <=> OH(5) + [CH2]C(=C)[O](2054)
    O(4) + C=C(C)[O](376) <=> OH(5) + [CH2]C(=C)[O](2054)
    OH(5) + [CH2]C(=C)[O](2054) <=> H2O(7) + [CH]C(=C)[O](2057)
    OH(5) + [CH2]C(=C)[O](2054) <=> H2O(7) + [CH]C(=C)[O](2057)
    OH(5) + [CH2]C(=C)[O](2054) <=> [CH2]C([CH2])([O])O(2065)
    OH(5) + [CH2]C(=C)[O](2054) <=> [CH2][C]([O])CO(2066)
    OH(5) + [CH2]C(=C)[O](2054) <=> C=C([O])CO(2056)
    O(4) + [CH2][C]([CH2])O(2067) <=> OH(5) + [CH2]C(=C)[O](2054)
    OH(5) + [CH2]C(=C)[O](2054) <=> [CH2][C]([CH2])OO(2068)
    H(3) + [CH2]C([CH2])[O](2063) <=> H2(6) + [CH2]C(=C)[O](2054)
    H(3) + [CH2][C](C)[O](2064) <=> H2(6) + [CH2]C(=C)[O](2054)
    H(3) + [CH2]C(=C)O(1915) <=> H2(6) + [CH2]C(=C)[O](2054)
    H(3) + C=C(C)[O](376) <=> H2(6) + [CH2]C(=C)[O](2054)
    H(3) + [CH2][C]([CH2])O(2067) <=> H2(6) + [CH2]C(=C)[O](2054)
    OH(5) + [CH2]C([CH2])[O](2063) <=> H2O(7) + [CH2]C(=C)[O](2054)
    OH(5) + [CH2][C](C)[O](2064) <=> H2O(7) + [CH2]C(=C)[O](2054)
    OH(5) + [CH2]C(=C)O(1915) <=> H2O(7) + [CH2]C(=C)[O](2054)
    OH(5) + C=C(C)[O](376) <=> H2O(7) + [CH2]C(=C)[O](2054)
    OH(5) + [CH2][C]([CH2])O(2067) <=> H2O(7) + [CH2]C(=C)[O](2054)
    O2(2) + [CH2]C([CH2])[O](2063) <=> HO2(10) + [CH2]C(=C)[O](2054)
    O2(2) + [CH2][C](C)[O](2064) <=> HO2(10) + [CH2]C(=C)[O](2054)
    [CH2]C(C)([O])O[O](2069) <=> HO2(10) + [CH2]C(=C)[O](2054)
    [CH2]C([O])CO[O](2070) <=> HO2(10) + [CH2]C(=C)[O](2054)
    HO2(10) + [CH2]C(=C)[O](2054) <=> O2(2) + [CH2]C(=C)O(1915)
    HO2(10) + [CH2]C(=C)[O](2054) <=> O2(2) + C=C(C)[O](376)
    H2O2(11) + [CH]C(=C)[O](2057) <=> HO2(10) + [CH2]C(=C)[O](2054)
    H2O2(11) + [CH]C(=C)[O](2057) <=> HO2(10) + [CH2]C(=C)[O](2054)
    HO2(10) + [CH2]C(=C)[O](2054) <=> [CH2]C([CH2])([O])OO(2071)
    HO2(10) + [CH2]C(=C)[O](2054) <=> [CH2][C]([O])COO(2072)
    HO2(10) + [CH2]C(=C)[O](2054) <=> [CH2]C(=C)OOO(2073)
    HO2(10) + [CH2]C(=C)[O](2054) <=> C=C([O])COO(2074)
    O2(2) + [CH2][C]([CH2])O(2067) <=> HO2(10) + [CH2]C(=C)[O](2054)
    [CH2]C([CH2])(O)O[O](2075) <=> HO2(10) + [CH2]C(=C)[O](2054)
    HO2(10) + [CH2]C(=C)[O](2054) <=> O2(2) + C=C(C)[O](376)
    HO2(10) + [CH2]C(=C)[O](2054) <=> [CH2][C]([CH2])OOO(2076)
    HO2(10) + [CH2]C(=C)[O](2054) <=> C=C([O])COO(2074)
    HO2(10) + [CH2]C([CH2])[O](2063) <=> H2O2(11) + [CH2]C(=C)[O](2054)
    HO2(10) + [CH2][C](C)[O](2064) <=> H2O2(11) + [CH2]C(=C)[O](2054)
    HO2(10) + [CH2]C(=C)O(1915) <=> H2O2(11) + [CH2]C(=C)[O](2054)
    H2O2(11) + [CH2]C(=C)[O](2054) <=> HO2(10) + C=C(C)[O](376)
    HO2(10) + [CH2][C]([CH2])O(2067) <=> H2O2(11) + [CH2]C(=C)[O](2054)
    HO2(10) + C=C(C)[O](376) <=> H2O2(11) + [CH2]C(=C)[O](2054)
    CO(12) + [CH2]C(=C)[O](2054) <=> [CH2]C([O])=CC=O(2077)
    HCO(14) + [CH]C(=C)[O](2057) <=> CO(12) + [CH2]C(=C)[O](2054)
    HCO(14) + [CH]C(=C)[O](2057) <=> CO(12) + [CH2]C(=C)[O](2054)
    CO(12) + [CH2]C(=C)[O](2054) <=> [CH2]C(=C)O[C]=O(1925)
    CO(12) + [CH2]C(=C)[O](2054) <=> C=C([O])C[C]=O(412)
    CO(12) + [CH2]C(=C)[O](2054) <=> C=C([O])C[C]=O(412)
    CO2(13) + [CH2]C(=C)[O](2054) <=> [CH2]C([O])=COC=O(2078)
    CO2(13) + [CH2]C(=C)[O](2054) <=> [CH2]C([O])=CC(=O)O(2079)
    [CH2][C]([O])CC([O])=O(2080) <=> CO2(13) + [CH2]C(=C)[O](2054)
    [CH2]C([CH2])([O])C([O])=O(2081) <=> CO2(13) + [CH2]C(=C)[O](2054)
    [CH2][C]([O])CO[C]=O(2082) <=> CO2(13) + [CH2]C(=C)[O](2054)
    [CH2]C([CH2])([O])O[C]=O(2083) <=> CO2(13) + [CH2]C(=C)[O](2054)
    HOCO(102) + [CH]C(=C)[O](2057) <=> CO2(13) + [CH2]C(=C)[O](2054)
    HOCO(102) + [CH]C(=C)[O](2057) <=> CO2(13) + [CH2]C(=C)[O](2054)
    [O]C=O(103) + [CH]C(=C)[O](2057) <=> CO2(13) + [CH2]C(=C)[O](2054)
    [O]C=O(103) + [CH]C(=C)[O](2057) <=> CO2(13) + [CH2]C(=C)[O](2054)
    CO2(13) + [CH2]C(=C)[O](2054) <=> C=C([O])CO[C]=O(2084)
    CO2(13) + [CH2]C(=C)[O](2054) <=> [CH2]C(=C)OO[C]=O(2085)
    CO2(13) + [CH2]C(=C)[O](2054) <=> C=C([O])CC([O])=O(2086)
    CO2(13) + [CH2]C(=C)[O](2054) <=> [CH2]C(=C)OC([O])=O(2087)
    [CH2][C]([CH2])OC([O])=O(2088) <=> CO2(13) + [CH2]C(=C)[O](2054)
    [CH2][C]([CH2])OO[C]=O(2089) <=> CO2(13) + [CH2]C(=C)[O](2054)
    CO2(13) + [CH2]C(=C)[O](2054) <=> C=C([O])CO[C]=O(2084)
    CO2(13) + [CH2]C(=C)[O](2054) <=> C=C([O])CC([O])=O(2086)
    CH2(T)(17) + [CH2]C([CH2])[O](2063) <=> CH3(18) + [CH2]C(=C)[O](2054)
    CH2(T)(17) + [CH2][C](C)[O](2064) <=> CH3(18) + [CH2]C(=C)[O](2054)
    CH2(T)(17) + [CH2]C(=C)O(1915) <=> CH3(18) + [CH2]C(=C)[O](2054)
    CH2(T)(17) + C=C(C)[O](376) <=> CH3(18) + [CH2]C(=C)[O](2054)
    CH3(18) + [CH2]C(=C)[O](2054) <=> CH4(31) + [CH]C(=C)[O](2057)
    CH3(18) + [CH2]C(=C)[O](2054) <=> CH4(31) + [CH]C(=C)[O](2057)
    CH3(18) + [CH2]C(=C)[O](2054) <=> [CH2]C([CH2])(C)[O](2090)
    CH3(18) + [CH2]C(=C)[O](2054) <=> [CH2][C]([O])CC(2091)
    CH3(18) + [CH2]C(=C)[O](2054) <=> [CH2]C(=C)OC(2092)
    CH3(18) + [CH2]C(=C)[O](2054) <=> C=C([O])CC(2093)
    CH2(T)(17) + [CH2][C]([CH2])O(2067) <=> CH3(18) + [CH2]C(=C)[O](2054)
    CH2(T)(17) + C=C(C)[O](376) <=> CH3(18) + [CH2]C(=C)[O](2054)
    CH3(18) + [CH2]C(=C)[O](2054) <=> [CH2][C]([CH2])OC(2094)
    CH3(18) + [CH2]C(=C)[O](2054) <=> C=C([O])CC(2093)
    [CH2][C]([O])CC[O](2095) <=> CH2O(19) + [CH2]C(=C)[O](2054)
    [CH2]C([CH2])([O])C[O](2096) <=> CH2O(19) + [CH2]C(=C)[O](2054)
    [CH2]OC[C]([CH2])[O](2097) <=> CH2O(19) + [CH2]C(=C)[O](2054)
    [CH2]OC([CH2])([CH2])[O](2098) <=> CH2O(19) + [CH2]C(=C)[O](2054)
    CH2O(19) + [CH2]C(=C)[O](2054) <=> [CH2]C1([O])CCO1(2099)
    CH2O(19) + [CH2]C(=C)[O](2054) <=> [CH2]C1([O])COC1(2100)
    HCO(14) + [CH2]C([CH2])[O](2063) <=> CH2O(19) + [CH2]C(=C)[O](2054)
    HCO(14) + [CH2][C](C)[O](2064) <=> CH2O(19) + [CH2]C(=C)[O](2054)
    CH2OH(34) + [CH]C(=C)[O](2057) <=> CH2O(19) + [CH2]C(=C)[O](2054)
    CH2OH(34) + [CH]C(=C)[O](2057) <=> CH2O(19) + [CH2]C(=C)[O](2054)
    CH3O(27) + [CH]C(=C)[O](2057) <=> CH2O(19) + [CH2]C(=C)[O](2054)
    CH3O(27) + [CH]C(=C)[O](2057) <=> CH2O(19) + [CH2]C(=C)[O](2054)
    HCO(14) + [CH2]C(=C)O(1915) <=> CH2O(19) + [CH2]C(=C)[O](2054)
    CH2O(19) + [CH2]C(=C)[O](2054) <=> HCO(14) + C=C(C)[O](376)
    CH2O(19) + [CH2]C(=C)[O](2054) <=> [CH2]OCC(=C)[O](2101)
    CH2O(19) + [CH2]C(=C)[O](2054) <=> [CH2]OOC([CH2])=C(2102)
    CH2O(19) + [CH2]C(=C)[O](2054) <=> C=C([O])CC[O](2103)
    CH2O(19) + [CH2]C(=C)[O](2054) <=> [CH2]C(=C)OC[O](2104)
    [CH2][C]([CH2])OC[O](2105) <=> CH2O(19) + [CH2]C(=C)[O](2054)
    [CH2]OO[C]([CH2])[CH2](2106) <=> CH2O(19) + [CH2]C(=C)[O](2054)
    CH2O(19) + [CH2]C(=C)[O](2054) <=> [CH2]C1([CH2])COO1(2107)
    CH2O(19) + [CH2]C(=C)[O](2054) <=> [CH2]C1([CH2])OCO1(2108)
    HCO(14) + [CH2][C]([CH2])O(2067) <=> CH2O(19) + [CH2]C(=C)[O](2054)
    CH2O(19) + [CH2]C(=C)[O](2054) <=> HCO(14) + C=C(C)[O](376)
    CH2O(19) + [CH2]C(=C)[O](2054) <=> [CH2]OCC(=C)[O](2101)
    CH2O(19) + [CH2]C(=C)[O](2054) <=> C=C([O])CC[O](2103)
    [CH]=CC[C]([CH2])[O](2109) <=> C2H2(22) + [CH2]C(=C)[O](2054)
    [CH]=CC([CH2])([CH2])[O](2110) <=> C2H2(22) + [CH2]C(=C)[O](2054)
    C2H(21) + [CH2]C([CH2])[O](2063) <=> C2H2(22) + [CH2]C(=C)[O](2054)
    C2H(21) + [CH2][C](C)[O](2064) <=> C2H2(22) + [CH2]C(=C)[O](2054)
    C2H3(29) + [CH]C(=C)[O](2057) <=> C2H2(22) + [CH2]C(=C)[O](2054)
    C2H3(29) + [CH]C(=C)[O](2057) <=> C2H2(22) + [CH2]C(=C)[O](2054)
    C2H(21) + [CH2]C(=C)O(1915) <=> C2H2(22) + [CH2]C(=C)[O](2054)
    C2H(21) + C=C(C)[O](376) <=> C2H2(22) + [CH2]C(=C)[O](2054)
    C2H2(22) + [CH2]C(=C)[O](2054) <=> [CH]=CCC(=C)[O](2111)
    C2H2(22) + [CH2]C(=C)[O](2054) <=> [CH]=COC([CH2])=C(2112)
    [CH]=CO[C]([CH2])[CH2](2113) <=> C2H2(22) + [CH2]C(=C)[O](2054)
    C2H(21) + [CH2][C]([CH2])O(2067) <=> C2H2(22) + [CH2]C(=C)[O](2054)
    C2H(21) + C=C(C)[O](376) <=> C2H2(22) + [CH2]C(=C)[O](2054)
    C2H2(22) + [CH2]C(=C)[O](2054) <=> [CH]=CCC(=C)[O](2111)
    CH2OH(34) + [CH2]C([CH2])[O](2063) <=> CH3OH(26) + [CH2]C(=C)[O](2054)
    CH2OH(34) + [CH2][C](C)[O](2064) <=> CH3OH(26) + [CH2]C(=C)[O](2054)
    CH3O(27) + [CH2]C([CH2])[O](2063) <=> CH3OH(26) + [CH2]C(=C)[O](2054)
    CH3O(27) + [CH2][C](C)[O](2064) <=> CH3OH(26) + [CH2]C(=C)[O](2054)
    CH3O(27) + [CH2]C(=C)O(1915) <=> CH3OH(26) + [CH2]C(=C)[O](2054)
    CH3O(27) + C=C(C)[O](376) <=> CH3OH(26) + [CH2]C(=C)[O](2054)
    CH2OH(34) + [CH2]C(=C)O(1915) <=> CH3OH(26) + [CH2]C(=C)[O](2054)
    CH2OH(34) + C=C(C)[O](376) <=> CH3OH(26) + [CH2]C(=C)[O](2054)
    CH2OH(34) + [CH2][C]([CH2])O(2067) <=> CH3OH(26) + [CH2]C(=C)[O](2054)
    CH3O(27) + [CH2][C]([CH2])O(2067) <=> CH3OH(26) + [CH2]C(=C)[O](2054)
    CH3O(27) + C=C(C)[O](376) <=> CH3OH(26) + [CH2]C(=C)[O](2054)
    CH2OH(34) + C=C(C)[O](376) <=> CH3OH(26) + [CH2]C(=C)[O](2054)
    [CH2][C]([O])CC(=C)[O](2114) <=> CH2CO(28) + [CH2]C(=C)[O](2054)
    [CH2]C([CH2])([O])C(=C)[O](2115) <=> CH2CO(28) + [CH2]C(=C)[O](2054)
    [CH2][C]([O])CO[C]=C(2116) <=> CH2CO(28) + [CH2]C(=C)[O](2054)
    [CH2]C([CH2])([O])O[C]=C(2117) <=> CH2CO(28) + [CH2]C(=C)[O](2054)
    [CH2][C]([O])CC[C]=O(2118) <=> CH2CO(28) + [CH2]C(=C)[O](2054)
    [CH2]C([CH2])([O])C[C]=O(2119) <=> CH2CO(28) + [CH2]C(=C)[O](2054)
    CH2CO(28) + [CH2]C(=C)[O](2054) <=> [CH2]C1([O])CCC1=O(2120)
    CH2CO(28) + [CH2]C(=C)[O](2054) <=> [CH2]C1([O])CC(=O)C1(2121)
    HCCO(20) + [CH2]C([CH2])[O](2063) <=> CH2CO(28) + [CH2]C(=C)[O](2054)
    HCCO(20) + [CH2][C](C)[O](2064) <=> CH2CO(28) + [CH2]C(=C)[O](2054)
    C=[C]O(69) + [CH]C(=C)[O](2057) <=> CH2CO(28) + [CH2]C(=C)[O](2054)
    C=[C]O(69) + [CH]C(=C)[O](2057) <=> CH2CO(28) + [CH2]C(=C)[O](2054)
    CH3CO(35) + [CH]C(=C)[O](2057) <=> CH2CO(28) + [CH2]C(=C)[O](2054)
    CH3CO(35) + [CH]C(=C)[O](2057) <=> CH2CO(28) + [CH2]C(=C)[O](2054)
    CH2CHO(36) + [CH]C(=C)[O](2057) <=> CH2CO(28) + [CH2]C(=C)[O](2054)
    CH2CHO(36) + [CH]C(=C)[O](2057) <=> CH2CO(28) + [CH2]C(=C)[O](2054)
    HCCO(20) + [CH2]C(=C)O(1915) <=> CH2CO(28) + [CH2]C(=C)[O](2054)
    HCCO(20) + C=C(C)[O](376) <=> CH2CO(28) + [CH2]C(=C)[O](2054)
    CH2CO(28) + [CH2]C(=C)[O](2054) <=> C=[C]OCC(=C)[O](2122)
    CH2CO(28) + [CH2]C(=C)[O](2054) <=> [CH2]C(=C)OO[C]=C(2123)
    CH2CO(28) + [CH2]C(=C)[O](2054) <=> C=C([O])CC[C]=O(2124)
    CH2CO(28) + [CH2]C(=C)[O](2054) <=> [CH2]C(=C)OC[C]=O(2125)
    CH2CO(28) + [CH2]C(=C)[O](2054) <=> C=C([O])CC(=C)[O](2126)
    CH2CO(28) + [CH2]C(=C)[O](2054) <=> [CH2]C(=C)OC(=C)[O](2127)
    C#COC([CH2])(C)[O](2128) <=> CH2CO(28) + [CH2]C(=C)[O](2054)
    C#COCC([CH2])[O](2129) <=> CH2CO(28) + [CH2]C(=C)[O](2054)
    [CH2][C]([CH2])OC(=C)[O](2130) <=> CH2CO(28) + [CH2]C(=C)[O](2054)
    [CH2][C]([CH2])OO[C]=C(2131) <=> CH2CO(28) + [CH2]C(=C)[O](2054)
    [CH2][C]([CH2])OC[C]=O(2132) <=> CH2CO(28) + [CH2]C(=C)[O](2054)
    CH2CO(28) + [CH2]C(=C)[O](2054) <=> [CH2]C1([CH2])CC(=O)O1(2133)
    CH2CO(28) + [CH2]C(=C)[O](2054) <=> [CH2]C1([CH2])OCC1=O(2134)
    HCCO(20) + [CH2][C]([CH2])O(2067) <=> CH2CO(28) + [CH2]C(=C)[O](2054)
    HCCO(20) + C=C(C)[O](376) <=> CH2CO(28) + [CH2]C(=C)[O](2054)
    CH2CO(28) + [CH2]C(=C)[O](2054) <=> C=[C]OCC(=C)[O](2122)
    CH2CO(28) + [CH2]C(=C)[O](2054) <=> C=C([O])CC[C]=O(2124)
    CH2CO(28) + [CH2]C(=C)[O](2054) <=> C=C([O])CC(=C)[O](2126)
    C#COOC([CH2])[CH2](2135) <=> CH2CO(28) + [CH2]C(=C)[O](2054)
    C#COC([CH2])([CH2])O(2136) <=> CH2CO(28) + [CH2]C(=C)[O](2054)
    [CH2]CC[C]([CH2])[O](2137) <=> C2H4(30) + [CH2]C(=C)[O](2054)
    [CH2]CC([CH2])([CH2])[O](2138) <=> C2H4(30) + [CH2]C(=C)[O](2054)
    C2H3(29) + [CH2]C([CH2])[O](2063) <=> C2H4(30) + [CH2]C(=C)[O](2054)
    C2H3(29) + [CH2][C](C)[O](2064) <=> C2H4(30) + [CH2]C(=C)[O](2054)
    C2H5(33) + [CH]C(=C)[O](2057) <=> C2H4(30) + [CH2]C(=C)[O](2054)
    C2H5(33) + [CH]C(=C)[O](2057) <=> C2H4(30) + [CH2]C(=C)[O](2054)
    C2H3(29) + [CH2]C(=C)O(1915) <=> C2H4(30) + [CH2]C(=C)[O](2054)
    C2H3(29) + C=C(C)[O](376) <=> C2H4(30) + [CH2]C(=C)[O](2054)
    C2H4(30) + [CH2]C(=C)[O](2054) <=> [CH2]CCC(=C)[O](2139)
    C2H4(30) + [CH2]C(=C)[O](2054) <=> [CH2]COC([CH2])=C(2140)
    [CH2]CO[C]([CH2])[CH2](2141) <=> C2H4(30) + [CH2]C(=C)[O](2054)
    C2H4(30) + [CH2]C(=C)[O](2054) <=> [CH2]C1([CH2])CCO1(2142)
    C2H4(30) + [CH2]C(=C)[O](2054) <=> [CH2]C1([CH2])CCO1(2142)
    C2H3(29) + [CH2][C]([CH2])O(2067) <=> C2H4(30) + [CH2]C(=C)[O](2054)
    C2H3(29) + C=C(C)[O](376) <=> C2H4(30) + [CH2]C(=C)[O](2054)
    C2H4(30) + [CH2]C(=C)[O](2054) <=> [CH2]CCC(=C)[O](2139)
    CH3(18) + [CH2]C([CH2])[O](2063) <=> CH4(31) + [CH2]C(=C)[O](2054)
    CH3(18) + [CH2][C](C)[O](2064) <=> CH4(31) + [CH2]C(=C)[O](2054)
    CH3(18) + [CH2]C(=C)O(1915) <=> CH4(31) + [CH2]C(=C)[O](2054)
    CH3(18) + C=C(C)[O](376) <=> CH4(31) + [CH2]C(=C)[O](2054)
    CH3(18) + [CH2][C]([CH2])O(2067) <=> CH4(31) + [CH2]C(=C)[O](2054)
    CH3(18) + C=C(C)[O](376) <=> CH4(31) + [CH2]C(=C)[O](2054)
    C2H5(33) + [CH2]C([CH2])[O](2063) <=> C2H6(32) + [CH2]C(=C)[O](2054)
    C2H5(33) + [CH2][C](C)[O](2064) <=> C2H6(32) + [CH2]C(=C)[O](2054)
    C2H5(33) + [CH2]C(=C)O(1915) <=> C2H6(32) + [CH2]C(=C)[O](2054)
    C2H5(33) + C=C(C)[O](376) <=> C2H6(32) + [CH2]C(=C)[O](2054)
    C2H5(33) + [CH2][C]([CH2])O(2067) <=> C2H6(32) + [CH2]C(=C)[O](2054)
    C2H5(33) + C=C(C)[O](376) <=> C2H6(32) + [CH2]C(=C)[O](2054)
    C2H5(33) + [CH2]C(=C)[O](2054) <=> C2H4(30) + [CH2]C(=C)O(1915)
    C2H5(33) + [CH2]C(=C)[O](2054) <=> C2H4(30) + C=C(C)[O](376)
    [CH]C(65) + [CH2]C([CH2])[O](2063) <=> C2H5(33) + [CH2]C(=C)[O](2054)
    [CH]C(65) + [CH2][C](C)[O](2064) <=> C2H5(33) + [CH2]C(=C)[O](2054)
    [CH2][CH2](66) + [CH2]C([CH2])[O](2063) <=> C2H5(33) + [CH2]C(=C)[O](2054)
    [CH2][CH2](66) + [CH2][C](C)[O](2064) <=> C2H5(33) + [CH2]C(=C)[O](2054)
    [CH]C(65) + [CH2]C(=C)O(1915) <=> C2H5(33) + [CH2]C(=C)[O](2054)
    [CH]C(65) + C=C(C)[O](376) <=> C2H5(33) + [CH2]C(=C)[O](2054)
    C2H6(32) + [CH]C(=C)[O](2057) <=> C2H5(33) + [CH2]C(=C)[O](2054)
    C2H6(32) + [CH]C(=C)[O](2057) <=> C2H5(33) + [CH2]C(=C)[O](2054)
    C2H5(33) + [CH2]C(=C)[O](2054) <=> [CH2]C([CH2])([O])CC(2143)
    C2H5(33) + [CH2]C(=C)[O](2054) <=> [CH2][C]([O])CCC(2144)
    C2H5(33) + [CH2]C(=C)[O](2054) <=> [CH2]C(=C)OCC(2145)
    C2H5(33) + [CH2]C(=C)[O](2054) <=> C=C([O])CCC(2146)
    C2H5(33) + [CH2]C(=C)[O](2054) <=> C2H4(30) + C=C(C)[O](376)
    [CH]C(65) + [CH2][C]([CH2])O(2067) <=> C2H5(33) + [CH2]C(=C)[O](2054)
    [CH2][CH2](66) + [CH2][C]([CH2])O(2067) <=> C2H5(33) + [CH2]C(=C)[O](2054)
    [CH]C(65) + C=C(C)[O](376) <=> C2H5(33) + [CH2]C(=C)[O](2054)
    C2H5(33) + [CH2]C(=C)[O](2054) <=> [CH2][C]([CH2])OCC(2147)
    C2H5(33) + [CH2]C(=C)[O](2054) <=> C=C([O])CCC(2146)
    [CH2][C]([O])CC([CH2])[O](2148) <=> CH2CHO(36) + [CH2]C(=C)[O](2054)
    [CH2]C([O])C([CH2])([CH2])[O](2149) <=> CH2CHO(36) + [CH2]C(=C)[O](2054)
    [CH2][CH]OC[C]([CH2])[O](2150) <=> CH2CHO(36) + [CH2]C(=C)[O](2054)
    [CH2][CH]OC([CH2])([CH2])[O](2151) <=> CH2CHO(36) + [CH2]C(=C)[O](2054)
    CH2CHO(36) + [CH2]C(=C)[O](2054) <=> [CH2]C1CC([CH2])([O])O1(2152)
    CH2CHO(36) + [CH2]C(=C)[O](2054) <=> [CH2]C1OCC1([CH2])[O](2153)
    CH2CHO(36) + [CH2]C(=C)[O](2054) <=> CH2CO(28) + [CH2]C(=C)O(1915)
    CH2CHO(36) + [CH2]C(=C)[O](2054) <=> CH2CO(28) + C=C(C)[O](376)
    [CH]=C[O](60) + [CH2]C([CH2])[O](2063) <=> CH2CHO(36) + [CH2]C(=C)[O](2054)
    [CH]=C[O](60) + [CH2][C](C)[O](2064) <=> CH2CHO(36) + [CH2]C(=C)[O](2054)
    [CH2][C]=O(68) + [CH2]C([CH2])[O](2063) <=> CH2CHO(36) + [CH2]C(=C)[O](2054)
    [CH2][C]=O(68) + [CH2][C](C)[O](2064) <=> CH2CHO(36) + [CH2]C(=C)[O](2054)
    [CH2][CH]O(126) + [CH]C(=C)[O](2057) <=> CH2CHO(36) + [CH2]C(=C)[O](2054)
    [CH2][CH]O(126) + [CH]C(=C)[O](2057) <=> CH2CHO(36) + [CH2]C(=C)[O](2054)
    [CH2]C[O](71) + [CH]C(=C)[O](2057) <=> CH2CHO(36) + [CH2]C(=C)[O](2054)
    [CH2]C[O](71) + [CH]C(=C)[O](2057) <=> CH2CHO(36) + [CH2]C(=C)[O](2054)
    [CH]=C[O](60) + [CH2]C(=C)O(1915) <=> CH2CHO(36) + [CH2]C(=C)[O](2054)
    [CH]=C[O](60) + C=C(C)[O](376) <=> CH2CHO(36) + [CH2]C(=C)[O](2054)
    CH3CHO(37) + [CH]C(=C)[O](2057) <=> CH2CHO(36) + [CH2]C(=C)[O](2054)
    CH3CHO(37) + [CH]C(=C)[O](2057) <=> CH2CHO(36) + [CH2]C(=C)[O](2054)
    CH2CHO(36) + [CH2]C(=C)[O](2054) <=> [CH2][CH]OCC(=C)[O](2154)
    CH2CHO(36) + [CH2]C(=C)[O](2054) <=> [CH2][CH]OOC([CH2])=C(2155)
    CH2CHO(36) + [CH2]C(=C)[O](2054) <=> [CH2]C([O])CC(=C)[O](2156)
    CH2CHO(36) + [CH2]C(=C)[O](2054) <=> [CH2]C(=C)OC([CH2])[O](2157)
    CH2CHO(36) + [CH2]C(=C)[O](2054) <=> [CH2]C([CH2])([O])CC=O(2158)
    CH2CHO(36) + [CH2]C(=C)[O](2054) <=> [CH2][C]([O])CCC=O(2159)
    CH2CHO(36) + [CH2]C(=C)[O](2054) <=> [CH2]C(=C)OCC=O(2160)
    CH2CHO(36) + [CH2]C(=C)[O](2054) <=> C=C([O])CCC=O(2161)
    [CH2][C]([CH2])OC([CH2])[O](2162) <=> CH2CHO(36) + [CH2]C(=C)[O](2054)
    [CH2][CH]OO[C]([CH2])[CH2](2163) <=> CH2CHO(36) + [CH2]C(=C)[O](2054)
    CH2CHO(36) + [CH2]C(=C)[O](2054) <=> [CH2]C1OOC1([CH2])[CH2](2164)
    CH2CHO(36) + [CH2]C(=C)[O](2054) <=> [CH2]C1OC([CH2])([CH2])O1(2165)
    CH2CHO(36) + [CH2]C(=C)[O](2054) <=> CH2CO(28) + C=C(C)[O](376)
    [CH]=C[O](60) + [CH2][C]([CH2])O(2067) <=> CH2CHO(36) + [CH2]C(=C)[O](2054)
    [CH2][C]=O(68) + [CH2][C]([CH2])O(2067) <=> CH2CHO(36) + [CH2]C(=C)[O](2054)
    [CH]=C[O](60) + C=C(C)[O](376) <=> CH2CHO(36) + [CH2]C(=C)[O](2054)
    CH2CHO(36) + [CH2]C(=C)[O](2054) <=> [CH2][CH]OCC(=C)[O](2154)
    CH2CHO(36) + [CH2]C(=C)[O](2054) <=> [CH2]C([O])CC(=C)[O](2156)
    CH2CHO(36) + [CH2]C(=C)[O](2054) <=> [CH2][C]([CH2])OCC=O(2166)
    CH2CHO(36) + [CH2]C(=C)[O](2054) <=> C=C([O])CCC=O(2161)
    [CH2][C]([O])CC[CH][O](2167) <=> CH2CHO(36) + [CH2]C(=C)[O](2054)
    [CH2]C([CH2])([O])C[CH][O](2168) <=> CH2CHO(36) + [CH2]C(=C)[O](2054)
    C[CH][O](127) + [CH]C(=C)[O](2057) <=> CH2CHO(36) + [CH2]C(=C)[O](2054)
    C[CH][O](127) + [CH]C(=C)[O](2057) <=> CH2CHO(36) + [CH2]C(=C)[O](2054)
    C2H3OH(72) + [CH]C(=C)[O](2057) <=> CH2CHO(36) + [CH2]C(=C)[O](2054)
    C2H3OH(72) + [CH]C(=C)[O](2057) <=> CH2CHO(36) + [CH2]C(=C)[O](2054)
    CH2CHO(36) + [CH2]C(=C)[O](2054) <=> [CH2]C([CH2])([O])OC=C(2169)
    CH2CHO(36) + [CH2]C(=C)[O](2054) <=> [CH2]C(=C)OOC=C(2170)
    CH2CHO(36) + [CH2]C(=C)[O](2054) <=> C=COCC(=C)[O](2171)
    [CH2][C]([CH2])OC[CH][O](2172) <=> CH2CHO(36) + [CH2]C(=C)[O](2054)
    CH2CHO(36) + [CH2]C(=C)[O](2054) <=> [CH2]C1([CH2])CC([O])O1(2173)
    CH2CHO(36) + [CH2]C(=C)[O](2054) <=> [CH2]C1([CH2])OCC1[O](2174)
    CH2CHO(36) + [CH2]C(=C)[O](2054) <=> C=COCC(=C)[O](2171)
    [CH2][C]([O])CC(C)[O](2175) <=> CH3CHO(37) + [CH2]C(=C)[O](2054)
    [CH2]C([CH2])([O])C(C)[O](2176) <=> CH3CHO(37) + [CH2]C(=C)[O](2054)
    [CH2][C]([O])CO[CH]C(2177) <=> CH3CHO(37) + [CH2]C(=C)[O](2054)
    [CH2]C([CH2])([O])O[CH]C(2178) <=> CH3CHO(37) + [CH2]C(=C)[O](2054)
    CH3CHO(37) + [CH2]C(=C)[O](2054) <=> [CH2]C1([O])CC(C)O1(2179)
    CH3CHO(37) + [CH2]C(=C)[O](2054) <=> [CH2]C1([O])COC1C(2180)
    CH2CHO(36) + [CH2]C([CH2])[O](2063) <=> CH3CHO(37) + [CH2]C(=C)[O](2054)
    CH2CHO(36) + [CH2][C](C)[O](2064) <=> CH3CHO(37) + [CH2]C(=C)[O](2054)
    CH3CO(35) + [CH2]C([CH2])[O](2063) <=> CH3CHO(37) + [CH2]C(=C)[O](2054)
    CH3CO(35) + [CH2][C](C)[O](2064) <=> CH3CHO(37) + [CH2]C(=C)[O](2054)
    CH3CHOH(133) + [CH]C(=C)[O](2057) <=> CH3CHO(37) + [CH2]C(=C)[O](2054)
    CH3CHOH(133) + [CH]C(=C)[O](2057) <=> CH3CHO(37) + [CH2]C(=C)[O](2054)
    CH3CH2O(134) + [CH]C(=C)[O](2057) <=> CH3CHO(37) + [CH2]C(=C)[O](2054)
    CH3CH2O(134) + [CH]C(=C)[O](2057) <=> CH3CHO(37) + [CH2]C(=C)[O](2054)
    CH2CHO(36) + [CH2]C(=C)O(1915) <=> CH3CHO(37) + [CH2]C(=C)[O](2054)
    CH2CHO(36) + C=C(C)[O](376) <=> CH3CHO(37) + [CH2]C(=C)[O](2054)
    CH3CO(35) + [CH2]C(=C)O(1915) <=> CH3CHO(37) + [CH2]C(=C)[O](2054)
    CH3CHO(37) + [CH2]C(=C)[O](2054) <=> CH3CO(35) + C=C(C)[O](376)
    CH3CHO(37) + [CH2]C(=C)[O](2054) <=> C=C([O])CO[CH]C(2181)
    CH3CHO(37) + [CH2]C(=C)[O](2054) <=> [CH2]C(=C)OO[CH]C(2182)
    CH3CHO(37) + [CH2]C(=C)[O](2054) <=> C=C([O])CC(C)[O](2183)
    CH3CHO(37) + [CH2]C(=C)[O](2054) <=> [CH2]C(=C)OC(C)[O](2184)
    [CH2]C(C)([O])OC=C(2185) <=> CH3CHO(37) + [CH2]C(=C)[O](2054)
    [CH2]C([O])COC=C(2186) <=> CH3CHO(37) + [CH2]C(=C)[O](2054)
    [CH2][C]([CH2])OC(C)[O](2187) <=> CH3CHO(37) + [CH2]C(=C)[O](2054)
    [CH2][C]([CH2])OO[CH]C(2188) <=> CH3CHO(37) + [CH2]C(=C)[O](2054)
    CH3CHO(37) + [CH2]C(=C)[O](2054) <=> [CH2]C1([CH2])OOC1C(2189)
    CH3CHO(37) + [CH2]C(=C)[O](2054) <=> [CH2]C1([CH2])OC(C)O1(2190)
    CH2CHO(36) + [CH2][C]([CH2])O(2067) <=> CH3CHO(37) + [CH2]C(=C)[O](2054)
    CH3CO(35) + [CH2][C]([CH2])O(2067) <=> CH3CHO(37) + [CH2]C(=C)[O](2054)
    CH2CHO(36) + C=C(C)[O](376) <=> CH3CHO(37) + [CH2]C(=C)[O](2054)
    CH3CHO(37) + [CH2]C(=C)[O](2054) <=> CH3CO(35) + C=C(C)[O](376)
    CH3CHO(37) + [CH2]C(=C)[O](2054) <=> C=C([O])CO[CH]C(2181)
    CH3CHO(37) + [CH2]C(=C)[O](2054) <=> C=C([O])CC(C)[O](2183)
    [CH2]C([CH2])OOC=C(2191) <=> CH3CHO(37) + [CH2]C(=C)[O](2054)
    [CH2]C([CH2])(O)OC=C(2192) <=> CH3CHO(37) + [CH2]C(=C)[O](2054)
    [CH2]C([CH2])[O](2063) + CCCC[CH]CCCCCCC(43) <=> [CH2]C(=C)[O](2054) + C12H24(1)
    [CH2][C](C)[O](2064) + CCCC[CH]CCCCCCC(43) <=> [CH2]C(=C)[O](2054) + C12H24(1)
    [CH2]C([CH2])[O](2063) + CCCCC[CH]CCCCCC(45) <=> [CH2]C(=C)[O](2054) + C12H24(1)
    [CH2][C](C)[O](2064) + CCCCC[CH]CCCCCC(45) <=> [CH2]C(=C)[O](2054) + C12H24(1)
    [CH2]C([CH2])[O](2063) + CCC[CH]CCCCCCCC(48) <=> [CH2]C(=C)[O](2054) + C12H24(1)
    [CH2][C](C)[O](2064) + CCC[CH]CCCCCCCC(48) <=> [CH2]C(=C)[O](2054) + C12H24(1)
    [CH2]C([CH2])[O](2063) + CC[CH]CCCCCCCCC(50) <=> [CH2]C(=C)[O](2054) + C12H24(1)
    [CH2][C](C)[O](2064) + CC[CH]CCCCCCCCC(50) <=> [CH2]C(=C)[O](2054) + C12H24(1)
    [CH2]C([CH2])[O](2063) + C[CH]CCCCCCCCCC(52) <=> [CH2]C(=C)[O](2054) + C12H24(1)
    [CH2][C](C)[O](2064) + C[CH]CCCCCCCCCC(52) <=> [CH2]C(=C)[O](2054) + C12H24(1)
    [CH2]C([CH2])[O](2063) + [CH2]CCCCCCCCCCC(53) <=> [CH2]C(=C)[O](2054) + C12H24(1)
    [CH2][C](C)[O](2064) + [CH2]CCCCCCCCCCC(53) <=> [CH2]C(=C)[O](2054) + C12H24(1)
    [CH2]C(=C)O(1915) + CCCC[CH]CCCCCCC(43) <=> [CH2]C(=C)[O](2054) + C12H24(1)
    C=C(C)[O](376) + CCCC[CH]CCCCCCC(43) <=> [CH2]C(=C)[O](2054) + C12H24(1)
    [CH2]C(=C)O(1915) + CCCCC[CH]CCCCCC(45) <=> [CH2]C(=C)[O](2054) + C12H24(1)
    C=C(C)[O](376) + CCCCC[CH]CCCCCC(45) <=> [CH2]C(=C)[O](2054) + C12H24(1)
    [CH2]C(=C)O(1915) + CCC[CH]CCCCCCCC(48) <=> [CH2]C(=C)[O](2054) + C12H24(1)
    C=C(C)[O](376) + CCC[CH]CCCCCCCC(48) <=> [CH2]C(=C)[O](2054) + C12H24(1)
    [CH2]C(=C)O(1915) + CC[CH]CCCCCCCCC(50) <=> [CH2]C(=C)[O](2054) + C12H24(1)
    C=C(C)[O](376) + CC[CH]CCCCCCCCC(50) <=> [CH2]C(=C)[O](2054) + C12H24(1)
    [CH2]C(=C)O(1915) + C[CH]CCCCCCCCCC(52) <=> [CH2]C(=C)[O](2054) + C12H24(1)
    C=C(C)[O](376) + C[CH]CCCCCCCCCC(52) <=> [CH2]C(=C)[O](2054) + C12H24(1)
    [CH2]C(=C)O(1915) + [CH2]CCCCCCCCCCC(53) <=> [CH2]C(=C)[O](2054) + C12H24(1)
    C=C(C)[O](376) + [CH2]CCCCCCCCCCC(53) <=> [CH2]C(=C)[O](2054) + C12H24(1)
    [CH2][C]([CH2])O(2067) + CCCC[CH]CCCCCCC(43) <=> [CH2]C(=C)[O](2054) + C12H24(1)
    [CH2][C]([CH2])O(2067) + CCCCC[CH]CCCCCC(45) <=> [CH2]C(=C)[O](2054) + C12H24(1)
    [CH2][C]([CH2])O(2067) + CCC[CH]CCCCCCCC(48) <=> [CH2]C(=C)[O](2054) + C12H24(1)
    [CH2][C]([CH2])O(2067) + CC[CH]CCCCCCCCC(50) <=> [CH2]C(=C)[O](2054) + C12H24(1)
    [CH2][C]([CH2])O(2067) + C[CH]CCCCCCCCCC(52) <=> [CH2]C(=C)[O](2054) + C12H24(1)
    [CH2][C]([CH2])O(2067) + [CH2]CCCCCCCCCCC(53) <=> [CH2]C(=C)[O](2054) + C12H24(1)
    C=C(C)[O](376) + CCCC[CH]CCCCCCC(43) <=> [CH2]C(=C)[O](2054) + C12H24(1)
    C=C(C)[O](376) + CCCCC[CH]CCCCCC(45) <=> [CH2]C(=C)[O](2054) + C12H24(1)
    C=C(C)[O](376) + CCC[CH]CCCCCCCC(48) <=> [CH2]C(=C)[O](2054) + C12H24(1)
    C=C(C)[O](376) + CC[CH]CCCCCCCCC(50) <=> [CH2]C(=C)[O](2054) + C12H24(1)
    C=C(C)[O](376) + C[CH]CCCCCCCCCC(52) <=> [CH2]C(=C)[O](2054) + C12H24(1)
    C=C(C)[O](376) + [CH2]CCCCCCCCCCC(53) <=> [CH2]C(=C)[O](2054) + C12H24(1)
    HO2(10) + [CH]C(=C)[O](2057) <=> O2(2) + [CH2]C(=C)[O](2054)
    HO2(10) + [CH]C(=C)[O](2057) <=> O2(2) + [CH2]C(=C)[O](2054)
    O2(2) + [CH2]C(=C)[O](2054) <=> [CH2]C([CH2])([O])O[O](2193)
    O2(2) + [CH2]C(=C)[O](2054) <=> [CH2][C]([O])CO[O](2194)
    O2(2) + [CH2]C(=C)[O](2054) <=> [CH2]C(=C)OO[O](2195)
    O2(2) + [CH2]C(=C)[O](2054) <=> C=C([O])CO[O](2196)
    O2(2) + [CH2]C(=C)[O](2054) <=> [CH2][C]([CH2])OO[O](2197)
    O2(2) + [CH2]C(=C)[O](2054) <=> C=C([O])CO[O](2196)
    [CH2][C]([O])CC[CH]C(2198) <=> [CH2]C(=C)[O](2054) + C=CC(158)
    [CH2]C([CH2])([O])C[CH]C(2199) <=> [CH2]C(=C)[O](2054) + C=CC(158)
    [CH2][C]([O])CC([CH2])C(2200) <=> [CH2]C(=C)[O](2054) + C=CC(158)
    [CH2]C(C)C([CH2])([CH2])[O](2201) <=> [CH2]C(=C)[O](2054) + C=CC(158)
    [CH2]C=C(643) + [CH2]C([CH2])[O](2063) <=> [CH2]C(=C)[O](2054) + C=CC(158)
    [CH2]C=C(643) + [CH2][C](C)[O](2064) <=> [CH2]C(=C)[O](2054) + C=CC(158)
    C=[C]C(644) + [CH2]C([CH2])[O](2063) <=> [CH2]C(=C)[O](2054) + C=CC(158)
    C=[C]C(644) + [CH2][C](C)[O](2064) <=> [CH2]C(=C)[O](2054) + C=CC(158)
    [CH]=CC(374) + [CH2]C([CH2])[O](2063) <=> [CH2]C(=C)[O](2054) + C=CC(158)
    [CH]=CC(374) + [CH2][C](C)[O](2064) <=> [CH2]C(=C)[O](2054) + C=CC(158)
    [CH]C(=C)[O](2057) + [CH2]CC(47) <=> [CH2]C(=C)[O](2054) + C=CC(158)
    [CH]C(=C)[O](2057) + [CH2]CC(47) <=> [CH2]C(=C)[O](2054) + C=CC(158)
    [CH]C(=C)[O](2057) + C[CH]C(160) <=> [CH2]C(=C)[O](2054) + C=CC(158)
    [CH]C(=C)[O](2057) + C[CH]C(160) <=> [CH2]C(=C)[O](2054) + C=CC(158)
    [CH2]C=C(643) + [CH2]C(=C)O(1915) <=> [CH2]C(=C)[O](2054) + C=CC(158)
    [CH2]C(=C)[O](2054) + C=CC(158) <=> [CH2]C=C(643) + C=C(C)[O](376)
    C=[C]C(644) + [CH2]C(=C)O(1915) <=> [CH2]C(=C)[O](2054) + C=CC(158)
    C=[C]C(644) + C=C(C)[O](376) <=> [CH2]C(=C)[O](2054) + C=CC(158)
    [CH]=CC(374) + [CH2]C(=C)O(1915) <=> [CH2]C(=C)[O](2054) + C=CC(158)
    [CH]=CC(374) + C=C(C)[O](376) <=> [CH2]C(=C)[O](2054) + C=CC(158)
    [CH2]C(=C)[O](2054) + C=CC(158) <=> [CH2]C(C)CC(=C)[O](2202)
    [CH2]C(=C)[O](2054) + C=CC(158) <=> [CH2]C(=C)OC([CH2])C(2203)
    [CH2]C(=C)[O](2054) + C=CC(158) <=> C=C([O])CC[CH]C(2204)
    [CH2]C(=C)[O](2054) + C=CC(158) <=> [CH2]C(=C)OC[CH]C(2205)
    [CH2]C(C)([O])CC=C(2206) <=> [CH2]C(=C)[O](2054) + C=CC(158)
    [CH2]C([O])CCC=C(2207) <=> [CH2]C(=C)[O](2054) + C=CC(158)
    [CH2][C]([CH2])OC[CH]C(2208) <=> [CH2]C(=C)[O](2054) + C=CC(158)
    [CH2][C]([CH2])OC([CH2])C(2209) <=> [CH2]C(=C)[O](2054) + C=CC(158)
    [CH2]C(=C)[O](2054) + C=CC(158) <=> [CH2]C1([CH2])CC(C)O1(2210)
    [CH2]C(=C)[O](2054) + C=CC(158) <=> [CH2]C1([CH2])OCC1C(2211)
    [CH2]C=C(643) + [CH2][C]([CH2])O(2067) <=> [CH2]C(=C)[O](2054) + C=CC(158)
    C=[C]C(644) + [CH2][C]([CH2])O(2067) <=> [CH2]C(=C)[O](2054) + C=CC(158)
    [CH]=CC(374) + [CH2][C]([CH2])O(2067) <=> [CH2]C(=C)[O](2054) + C=CC(158)
    [CH2]C(=C)[O](2054) + C=CC(158) <=> [CH2]C=C(643) + C=C(C)[O](376)
    C=[C]C(644) + C=C(C)[O](376) <=> [CH2]C(=C)[O](2054) + C=CC(158)
    [CH]=CC(374) + C=C(C)[O](376) <=> [CH2]C(=C)[O](2054) + C=CC(158)
    [CH2]C(=C)[O](2054) + C=CC(158) <=> [CH2]C(C)CC(=C)[O](2202)
    [CH2]C(=C)[O](2054) + C=CC(158) <=> C=C([O])CC[CH]C(2204)
    [CH2]C([CH2])OCC=C(2212) <=> [CH2]C(=C)[O](2054) + C=CC(158)
    [CH2]C([CH2])(O)CC=C(2213) <=> [CH2]C(=C)[O](2054) + C=CC(158)
    [CH2][C]([O])CC[CH]CCCCCCC(2214) <=> [CH2]C(=C)[O](2054) + C=CCCCCCCC(138)
    [CH2]C([CH2])([O])C[CH]CCCCCCC(2215) <=> [CH2]C(=C)[O](2054) + C=CCCCCCCC(138)
    [CH2][C]([O])CC([CH2])CCCCCCC(2216) <=> [CH2]C(=C)[O](2054) + C=CCCCCCCC(138)
    [CH2]C(CCCCCCC)C([CH2])([CH2])[O](2217) <=> [CH2]C(=C)[O](2054) + C=CCCCCCCC(138)
    [CH2]C([CH2])[O](2063) + C=CC[CH]CCCCC(872) <=> [CH2]C(=C)[O](2054) + C=CCCCCCCC(138)
    [CH2][C](C)[O](2064) + C=CC[CH]CCCCC(872) <=> [CH2]C(=C)[O](2054) + C=CCCCCCCC(138)
    [CH2]C([CH2])[O](2063) + C=CCC[CH]CCCC(867) <=> [CH2]C(=C)[O](2054) + C=CCCCCCCC(138)
    [CH2][C](C)[O](2064) + C=CCC[CH]CCCC(867) <=> [CH2]C(=C)[O](2054) + C=CCCCCCCC(138)
    [CH2]C([CH2])[O](2063) + C=CCCC[CH]CCC(869) <=> [CH2]C(=C)[O](2054) + C=CCCCCCCC(138)
    [CH2][C](C)[O](2064) + C=CCCC[CH]CCC(869) <=> [CH2]C(=C)[O](2054) + C=CCCCCCCC(138)
    [CH2]C([CH2])[O](2063) + C=CCCCC[CH]CC(871) <=> [CH2]C(=C)[O](2054) + C=CCCCCCCC(138)
    [CH2][C](C)[O](2064) + C=CCCCC[CH]CC(871) <=> [CH2]C(=C)[O](2054) + C=CCCCCCCC(138)
    [CH2]C([CH2])[O](2063) + C=CCCCCC[CH]C(874) <=> [CH2]C(=C)[O](2054) + C=CCCCCCCC(138)
    [CH2][C](C)[O](2064) + C=CCCCCC[CH]C(874) <=> [CH2]C(=C)[O](2054) + C=CCCCCCCC(138)
    [CH2]C([CH2])[O](2063) + C=C[CH]CCCCCC(875) <=> [CH2]C(=C)[O](2054) + C=CCCCCCCC(138)
    [CH2][C](C)[O](2064) + C=C[CH]CCCCCC(875) <=> [CH2]C(=C)[O](2054) + C=CCCCCCCC(138)
    [CH2]C([CH2])[O](2063) + [CH2]CCCCCCC=C(876) <=> [CH2]C(=C)[O](2054) + C=CCCCCCCC(138)
    [CH2][C](C)[O](2064) + [CH2]CCCCCCC=C(876) <=> [CH2]C(=C)[O](2054) + C=CCCCCCCC(138)
    [CH2]C([CH2])[O](2063) + C=[C]CCCCCCC(877) <=> [CH2]C(=C)[O](2054) + C=CCCCCCCC(138)
    [CH2][C](C)[O](2064) + C=[C]CCCCCCC(877) <=> [CH2]C(=C)[O](2054) + C=CCCCCCCC(138)
    [CH2]C([CH2])[O](2063) + [CH]=CCCCCCCC(585) <=> [CH2]C(=C)[O](2054) + C=CCCCCCCC(138)
    [CH2][C](C)[O](2064) + [CH]=CCCCCCCC(585) <=> [CH2]C(=C)[O](2054) + C=CCCCCCCC(138)
    [CH]C(=C)[O](2057) + [CH2]CCCCCCCC(46) <=> [CH2]C(=C)[O](2054) + C=CCCCCCCC(138)
    [CH]C(=C)[O](2057) + [CH2]CCCCCCCC(46) <=> [CH2]C(=C)[O](2054) + C=CCCCCCCC(138)
    [CH]C(=C)[O](2057) + C[CH]CCCCCCC(153) <=> [CH2]C(=C)[O](2054) + C=CCCCCCCC(138)
    [CH]C(=C)[O](2057) + C[CH]CCCCCCC(153) <=> [CH2]C(=C)[O](2054) + C=CCCCCCCC(138)
    [CH2]C(=C)O(1915) + C=CCC[CH]CCCC(867) <=> [CH2]C(=C)[O](2054) + C=CCCCCCCC(138)
    C=C(C)[O](376) + C=CCC[CH]CCCC(867) <=> [CH2]C(=C)[O](2054) + C=CCCCCCCC(138)
    [CH2]C(=C)O(1915) + C=CCCC[CH]CCC(869) <=> [CH2]C(=C)[O](2054) + C=CCCCCCCC(138)
    C=C(C)[O](376) + C=CCCC[CH]CCC(869) <=> [CH2]C(=C)[O](2054) + C=CCCCCCCC(138)
    [CH2]C(=C)O(1915) + C=CCCCC[CH]CC(871) <=> [CH2]C(=C)[O](2054) + C=CCCCCCCC(138)
    C=C(C)[O](376) + C=CCCCC[CH]CC(871) <=> [CH2]C(=C)[O](2054) + C=CCCCCCCC(138)
    [CH2]C(=C)O(1915) + C=CC[CH]CCCCC(872) <=> [CH2]C(=C)[O](2054) + C=CCCCCCCC(138)
    C=C(C)[O](376) + C=CC[CH]CCCCC(872) <=> [CH2]C(=C)[O](2054) + C=CCCCCCCC(138)
    [CH2]C(=C)O(1915) + C=CCCCCC[CH]C(874) <=> [CH2]C(=C)[O](2054) + C=CCCCCCCC(138)
    C=C(C)[O](376) + C=CCCCCC[CH]C(874) <=> [CH2]C(=C)[O](2054) + C=CCCCCCCC(138)
    [CH2]C(=C)O(1915) + C=C[CH]CCCCCC(875) <=> [CH2]C(=C)[O](2054) + C=CCCCCCCC(138)
    [CH2]C(=C)[O](2054) + C=CCCCCCCC(138) <=> C=C(C)[O](376) + C=C[CH]CCCCCC(875)
    [CH2]C(=C)O(1915) + [CH2]CCCCCCC=C(876) <=> [CH2]C(=C)[O](2054) + C=CCCCCCCC(138)
    C=C(C)[O](376) + [CH2]CCCCCCC=C(876) <=> [CH2]C(=C)[O](2054) + C=CCCCCCCC(138)
    [CH2]C(=C)O(1915) + C=[C]CCCCCCC(877) <=> [CH2]C(=C)[O](2054) + C=CCCCCCCC(138)
    C=C(C)[O](376) + C=[C]CCCCCCC(877) <=> [CH2]C(=C)[O](2054) + C=CCCCCCCC(138)
    [CH2]C(=C)O(1915) + [CH]=CCCCCCCC(585) <=> [CH2]C(=C)[O](2054) + C=CCCCCCCC(138)
    C=C(C)[O](376) + [CH]=CCCCCCCC(585) <=> [CH2]C(=C)[O](2054) + C=CCCCCCCC(138)
    [CH2]C(=C)[O](2054) + C=CCCCCCCC(138) <=> [CH2]C(CCCCCCC)CC(=C)[O](2218)
    [CH2]C(=C)[O](2054) + C=CCCCCCCC(138) <=> [CH2]C(=C)OC([CH2])CCCCCCC(2219)
    [CH2]C(=C)[O](2054) + C=CCCCCCCC(138) <=> C=C([O])CC[CH]CCCCCCC(2220)
    [CH2]C(=C)[O](2054) + C=CCCCCCCC(138) <=> [CH2]C(=C)OC[CH]CCCCCCC(2221)
    [CH2]C(C)([O])CC=CCCCCCC(2222) <=> [CH2]C(=C)[O](2054) + C=CCCCCCCC(138)
    [CH2]C([O])CCC=CCCCCCC(2223) <=> [CH2]C(=C)[O](2054) + C=CCCCCCCC(138)
    [CH2][C]([CH2])OC[CH]CCCCCCC(2224) <=> [CH2]C(=C)[O](2054) + C=CCCCCCCC(138)
    [CH2][C]([CH2])OC([CH2])CCCCCCC(2225) <=> [CH2]C(=C)[O](2054) + C=CCCCCCCC(138)
    [CH2]C(=C)[O](2054) + C=CCCCCCCC(138) <=> [CH2]C1([CH2])CC(CCCCCCC)O1(2226)
    [CH2]C(=C)[O](2054) + C=CCCCCCCC(138) <=> [CH2]C1([CH2])OCC1CCCCCCC(2227)
    [CH2][C]([CH2])O(2067) + C=CC[CH]CCCCC(872) <=> [CH2]C(=C)[O](2054) + C=CCCCCCCC(138)
    [CH2][C]([CH2])O(2067) + C=CCC[CH]CCCC(867) <=> [CH2]C(=C)[O](2054) + C=CCCCCCCC(138)
    [CH2][C]([CH2])O(2067) + C=CCCC[CH]CCC(869) <=> [CH2]C(=C)[O](2054) + C=CCCCCCCC(138)
    [CH2][C]([CH2])O(2067) + C=CCCCC[CH]CC(871) <=> [CH2]C(=C)[O](2054) + C=CCCCCCCC(138)
    [CH2][C]([CH2])O(2067) + C=CCCCCC[CH]C(874) <=> [CH2]C(=C)[O](2054) + C=CCCCCCCC(138)
    [CH2][C]([CH2])O(2067) + C=C[CH]CCCCCC(875) <=> [CH2]C(=C)[O](2054) + C=CCCCCCCC(138)
    [CH2][C]([CH2])O(2067) + [CH2]CCCCCCC=C(876) <=> [CH2]C(=C)[O](2054) + C=CCCCCCCC(138)
    [CH2][C]([CH2])O(2067) + C=[C]CCCCCCC(877) <=> [CH2]C(=C)[O](2054) + C=CCCCCCCC(138)
    [CH2][C]([CH2])O(2067) + [CH]=CCCCCCCC(585) <=> [CH2]C(=C)[O](2054) + C=CCCCCCCC(138)
    C=C(C)[O](376) + C=CCC[CH]CCCC(867) <=> [CH2]C(=C)[O](2054) + C=CCCCCCCC(138)
    C=C(C)[O](376) + C=CCCC[CH]CCC(869) <=> [CH2]C(=C)[O](2054) + C=CCCCCCCC(138)
    C=C(C)[O](376) + C=CCCCC[CH]CC(871) <=> [CH2]C(=C)[O](2054) + C=CCCCCCCC(138)
    C=C(C)[O](376) + C=CC[CH]CCCCC(872) <=> [CH2]C(=C)[O](2054) + C=CCCCCCCC(138)
    C=C(C)[O](376) + C=CCCCCC[CH]C(874) <=> [CH2]C(=C)[O](2054) + C=CCCCCCCC(138)
    [CH2]C(=C)[O](2054) + C=CCCCCCCC(138) <=> C=C(C)[O](376) + C=C[CH]CCCCCC(875)
    C=C(C)[O](376) + [CH2]CCCCCCC=C(876) <=> [CH2]C(=C)[O](2054) + C=CCCCCCCC(138)
    C=C(C)[O](376) + C=[C]CCCCCCC(877) <=> [CH2]C(=C)[O](2054) + C=CCCCCCCC(138)
    C=C(C)[O](376) + [CH]=CCCCCCCC(585) <=> [CH2]C(=C)[O](2054) + C=CCCCCCCC(138)
    [CH2]C(=C)[O](2054) + C=CCCCCCCC(138) <=> [CH2]C(CCCCCCC)CC(=C)[O](2218)
    [CH2]C(=C)[O](2054) + C=CCCCCCCC(138) <=> C=C([O])CC[CH]CCCCCCC(2220)
    [CH2]C([CH2])OCC=CCCCCCC(2228) <=> [CH2]C(=C)[O](2054) + C=CCCCCCCC(138)
    [CH2]C([CH2])(O)CC=CCCCCCC(2229) <=> [CH2]C(=C)[O](2054) + C=CCCCCCCC(138)
    [CH2][C]([O])CC[CH]CCCC(2230) <=> [CH2]C(=C)[O](2054) + C=CCCCC(514)
    [CH2]C([CH2])([O])C[CH]CCCC(2231) <=> [CH2]C(=C)[O](2054) + C=CCCCC(514)
    [CH2][C]([O])CC([CH2])CCCC(2232) <=> [CH2]C(=C)[O](2054) + C=CCCCC(514)
    [CH2]C(CCCC)C([CH2])([CH2])[O](2233) <=> [CH2]C(=C)[O](2054) + C=CCCCC(514)
    [CH2]C([CH2])[O](2063) + C=CC[CH]CC(996) <=> [CH2]C(=C)[O](2054) + C=CCCCC(514)
    [CH2][C](C)[O](2064) + C=CC[CH]CC(996) <=> [CH2]C(=C)[O](2054) + C=CCCCC(514)
    [CH2]C([CH2])[O](2063) + C=CCC[CH]C(997) <=> [CH2]C(=C)[O](2054) + C=CCCCC(514)
    [CH2][C](C)[O](2064) + C=CCC[CH]C(997) <=> [CH2]C(=C)[O](2054) + C=CCCCC(514)
    [CH2]C([CH2])[O](2063) + C=C[CH]CCC(998) <=> [CH2]C(=C)[O](2054) + C=CCCCC(514)
    [CH2][C](C)[O](2064) + C=C[CH]CCC(998) <=> [CH2]C(=C)[O](2054) + C=CCCCC(514)
    [CH2]C([CH2])[O](2063) + [CH2]CCCC=C(868) <=> [CH2]C(=C)[O](2054) + C=CCCCC(514)
    [CH2][C](C)[O](2064) + [CH2]CCCC=C(868) <=> [CH2]C(=C)[O](2054) + C=CCCCC(514)
    [CH2]C([CH2])[O](2063) + C=[C]CCCC(999) <=> [CH2]C(=C)[O](2054) + C=CCCCC(514)
    [CH2][C](C)[O](2064) + C=[C]CCCC(999) <=> [CH2]C(=C)[O](2054) + C=CCCCC(514)
    [CH2]C([CH2])[O](2063) + [CH]=CCCCC(500) <=> [CH2]C(=C)[O](2054) + C=CCCCC(514)
    [CH2][C](C)[O](2064) + [CH]=CCCCC(500) <=> [CH2]C(=C)[O](2054) + C=CCCCC(514)
    [CH]C(=C)[O](2057) + [CH2]CCCCC(44) <=> [CH2]C(=C)[O](2054) + C=CCCCC(514)
    [CH]C(=C)[O](2057) + [CH2]CCCCC(44) <=> [CH2]C(=C)[O](2054) + C=CCCCC(514)
    [CH]C(=C)[O](2057) + C[CH]CCCC(519) <=> [CH2]C(=C)[O](2054) + C=CCCCC(514)
    [CH]C(=C)[O](2057) + C[CH]CCCC(519) <=> [CH2]C(=C)[O](2054) + C=CCCCC(514)
    [CH2]C(=C)O(1915) + C=CC[CH]CC(996) <=> [CH2]C(=C)[O](2054) + C=CCCCC(514)
    C=C(C)[O](376) + C=CC[CH]CC(996) <=> [CH2]C(=C)[O](2054) + C=CCCCC(514)
    [CH2]C(=C)O(1915) + C=CCC[CH]C(997) <=> [CH2]C(=C)[O](2054) + C=CCCCC(514)
    C=C(C)[O](376) + C=CCC[CH]C(997) <=> [CH2]C(=C)[O](2054) + C=CCCCC(514)
    [CH2]C(=C)O(1915) + C=C[CH]CCC(998) <=> [CH2]C(=C)[O](2054) + C=CCCCC(514)
    [CH2]C(=C)[O](2054) + C=CCCCC(514) <=> C=C(C)[O](376) + C=C[CH]CCC(998)
    [CH2]C(=C)O(1915) + [CH2]CCCC=C(868) <=> [CH2]C(=C)[O](2054) + C=CCCCC(514)
    C=C(C)[O](376) + [CH2]CCCC=C(868) <=> [CH2]C(=C)[O](2054) + C=CCCCC(514)
    [CH2]C(=C)O(1915) + C=[C]CCCC(999) <=> [CH2]C(=C)[O](2054) + C=CCCCC(514)
    C=C(C)[O](376) + C=[C]CCCC(999) <=> [CH2]C(=C)[O](2054) + C=CCCCC(514)
    [CH2]C(=C)O(1915) + [CH]=CCCCC(500) <=> [CH2]C(=C)[O](2054) + C=CCCCC(514)
    C=C(C)[O](376) + [CH]=CCCCC(500) <=> [CH2]C(=C)[O](2054) + C=CCCCC(514)
    [CH2]C(=C)[O](2054) + C=CCCCC(514) <=> [CH2]C(CCCC)CC(=C)[O](2234)
    [CH2]C(=C)[O](2054) + C=CCCCC(514) <=> [CH2]C(=C)OC([CH2])CCCC(2235)
    [CH2]C(=C)[O](2054) + C=CCCCC(514) <=> C=C([O])CC[CH]CCCC(2236)
    [CH2]C(=C)[O](2054) + C=CCCCC(514) <=> [CH2]C(=C)OC[CH]CCCC(2237)
    [CH2]C(C)([O])CC=CCCC(2238) <=> [CH2]C(=C)[O](2054) + C=CCCCC(514)
    [CH2]C([O])CCC=CCCC(2239) <=> [CH2]C(=C)[O](2054) + C=CCCCC(514)
    [CH2][C]([CH2])OC[CH]CCCC(2240) <=> [CH2]C(=C)[O](2054) + C=CCCCC(514)
    [CH2][C]([CH2])OC([CH2])CCCC(2241) <=> [CH2]C(=C)[O](2054) + C=CCCCC(514)
    [CH2]C(=C)[O](2054) + C=CCCCC(514) <=> [CH2]C1([CH2])CC(CCCC)O1(2242)
    [CH2]C(=C)[O](2054) + C=CCCCC(514) <=> [CH2]C1([CH2])OCC1CCCC(2243)
    [CH2][C]([CH2])O(2067) + C=CC[CH]CC(996) <=> [CH2]C(=C)[O](2054) + C=CCCCC(514)
    [CH2][C]([CH2])O(2067) + C=CCC[CH]C(997) <=> [CH2]C(=C)[O](2054) + C=CCCCC(514)
    [CH2][C]([CH2])O(2067) + C=C[CH]CCC(998) <=> [CH2]C(=C)[O](2054) + C=CCCCC(514)
    [CH2][C]([CH2])O(2067) + [CH2]CCCC=C(868) <=> [CH2]C(=C)[O](2054) + C=CCCCC(514)
    [CH2][C]([CH2])O(2067) + C=[C]CCCC(999) <=> [CH2]C(=C)[O](2054) + C=CCCCC(514)
    [CH2][C]([CH2])O(2067) + [CH]=CCCCC(500) <=> [CH2]C(=C)[O](2054) + C=CCCCC(514)
    C=C(C)[O](376) + C=CC[CH]CC(996) <=> [CH2]C(=C)[O](2054) + C=CCCCC(514)
    C=C(C)[O](376) + C=CCC[CH]C(997) <=> [CH2]C(=C)[O](2054) + C=CCCCC(514)
    [CH2]C(=C)[O](2054) + C=CCCCC(514) <=> C=C(C)[O](376) + C=C[CH]CCC(998)
    C=C(C)[O](376) + [CH2]CCCC=C(868) <=> [CH2]C(=C)[O](2054) + C=CCCCC(514)
    C=C(C)[O](376) + C=[C]CCCC(999) <=> [CH2]C(=C)[O](2054) + C=CCCCC(514)
    C=C(C)[O](376) + [CH]=CCCCC(500) <=> [CH2]C(=C)[O](2054) + C=CCCCC(514)
    [CH2]C(=C)[O](2054) + C=CCCCC(514) <=> [CH2]C(CCCC)CC(=C)[O](2234)
    [CH2]C(=C)[O](2054) + C=CCCCC(514) <=> C=C([O])CC[CH]CCCC(2236)
    [CH2]C([CH2])OCC=CCCC(2244) <=> [CH2]C(=C)[O](2054) + C=CCCCC(514)
    [CH2]C([CH2])(O)CC=CCCC(2245) <=> [CH2]C(=C)[O](2054) + C=CCCCC(514)
    [CH2][C]([O])CC[CH]CCCCC(2246) <=> [CH2]C(=C)[O](2054) + C=CCCCCC(546)
    [CH2]C([CH2])([O])C[CH]CCCCC(2247) <=> [CH2]C(=C)[O](2054) + C=CCCCCC(546)
    [CH2][C]([O])CC([CH2])CCCCC(2248) <=> [CH2]C(=C)[O](2054) + C=CCCCCC(546)
    [CH2]C(CCCCC)C([CH2])([CH2])[O](2249) <=> [CH2]C(=C)[O](2054) + C=CCCCCC(546)
    [CH2]C([CH2])[O](2063) + C=CC[CH]CCC(1117) <=> [CH2]C(=C)[O](2054) + C=CCCCCC(546)
    [CH2][C](C)[O](2064) + C=CC[CH]CCC(1117) <=> [CH2]C(=C)[O](2054) + C=CCCCCC(546)
    [CH2]C([CH2])[O](2063) + C=CCC[CH]CC(1116) <=> [CH2]C(=C)[O](2054) + C=CCCCCC(546)
    [CH2][C](C)[O](2064) + C=CCC[CH]CC(1116) <=> [CH2]C(=C)[O](2054) + C=CCCCCC(546)
    [CH2]C([CH2])[O](2063) + C=CCCC[CH]C(1118) <=> [CH2]C(=C)[O](2054) + C=CCCCCC(546)
    [CH2][C](C)[O](2064) + C=CCCC[CH]C(1118) <=> [CH2]C(=C)[O](2054) + C=CCCCCC(546)
    [CH2]C([CH2])[O](2063) + C=C[CH]CCCC(1119) <=> [CH2]C(=C)[O](2054) + C=CCCCCC(546)
    [CH2][C](C)[O](2064) + C=C[CH]CCCC(1119) <=> [CH2]C(=C)[O](2054) + C=CCCCCC(546)
    [CH2]C([CH2])[O](2063) + [CH2]CCCCC=C(870) <=> [CH2]C(=C)[O](2054) + C=CCCCCC(546)
    [CH2][C](C)[O](2064) + [CH2]CCCCC=C(870) <=> [CH2]C(=C)[O](2054) + C=CCCCCC(546)
    [CH2]C([CH2])[O](2063) + C=[C]CCCCC(1120) <=> [CH2]C(=C)[O](2054) + C=CCCCCC(546)
    [CH2][C](C)[O](2064) + C=[C]CCCCC(1120) <=> [CH2]C(=C)[O](2054) + C=CCCCCC(546)
    [CH2]C([CH2])[O](2063) + [CH]=CCCCCC(1121) <=> [CH2]C(=C)[O](2054) + C=CCCCCC(546)
    [CH2][C](C)[O](2064) + [CH]=CCCCCC(1121) <=> [CH2]C(=C)[O](2054) + C=CCCCCC(546)
    [CH]C(=C)[O](2057) + [CH2]CCCCCC(40) <=> [CH2]C(=C)[O](2054) + C=CCCCCC(546)
    [CH]C(=C)[O](2057) + [CH2]CCCCCC(40) <=> [CH2]C(=C)[O](2054) + C=CCCCCC(546)
    [CH]C(=C)[O](2057) + C[CH]CCCCC(552) <=> [CH2]C(=C)[O](2054) + C=CCCCCC(546)
    [CH]C(=C)[O](2057) + C[CH]CCCCC(552) <=> [CH2]C(=C)[O](2054) + C=CCCCCC(546)
    [CH2]C(=C)O(1915) + C=CCC[CH]CC(1116) <=> [CH2]C(=C)[O](2054) + C=CCCCCC(546)
    C=C(C)[O](376) + C=CCC[CH]CC(1116) <=> [CH2]C(=C)[O](2054) + C=CCCCCC(546)
    [CH2]C(=C)O(1915) + C=CC[CH]CCC(1117) <=> [CH2]C(=C)[O](2054) + C=CCCCCC(546)
    C=C(C)[O](376) + C=CC[CH]CCC(1117) <=> [CH2]C(=C)[O](2054) + C=CCCCCC(546)
    [CH2]C(=C)O(1915) + C=CCCC[CH]C(1118) <=> [CH2]C(=C)[O](2054) + C=CCCCCC(546)
    C=C(C)[O](376) + C=CCCC[CH]C(1118) <=> [CH2]C(=C)[O](2054) + C=CCCCCC(546)
    [CH2]C(=C)O(1915) + C=C[CH]CCCC(1119) <=> [CH2]C(=C)[O](2054) + C=CCCCCC(546)
    [CH2]C(=C)[O](2054) + C=CCCCCC(546) <=> C=C(C)[O](376) + C=C[CH]CCCC(1119)
    [CH2]C(=C)O(1915) + [CH2]CCCCC=C(870) <=> [CH2]C(=C)[O](2054) + C=CCCCCC(546)
    C=C(C)[O](376) + [CH2]CCCCC=C(870) <=> [CH2]C(=C)[O](2054) + C=CCCCCC(546)
    [CH2]C(=C)O(1915) + C=[C]CCCCC(1120) <=> [CH2]C(=C)[O](2054) + C=CCCCCC(546)
    C=C(C)[O](376) + C=[C]CCCCC(1120) <=> [CH2]C(=C)[O](2054) + C=CCCCCC(546)
    [CH2]C(=C)O(1915) + [CH]=CCCCCC(1121) <=> [CH2]C(=C)[O](2054) + C=CCCCCC(546)
    C=C(C)[O](376) + [CH]=CCCCCC(1121) <=> [CH2]C(=C)[O](2054) + C=CCCCCC(546)
    [CH2]C(=C)[O](2054) + C=CCCCCC(546) <=> [CH2]C(CCCCC)CC(=C)[O](2250)
    [CH2]C(=C)[O](2054) + C=CCCCCC(546) <=> [CH2]C(=C)OC([CH2])CCCCC(2251)
    [CH2]C(=C)[O](2054) + C=CCCCCC(546) <=> C=C([O])CC[CH]CCCCC(2252)
    [CH2]C(=C)[O](2054) + C=CCCCCC(546) <=> [CH2]C(=C)OC[CH]CCCCC(2253)
    [CH2]C(C)([O])CC=CCCCC(2254) <=> [CH2]C(=C)[O](2054) + C=CCCCCC(546)
    [CH2]C([O])CCC=CCCCC(2255) <=> [CH2]C(=C)[O](2054) + C=CCCCCC(546)
    [CH2][C]([CH2])OC[CH]CCCCC(2256) <=> [CH2]C(=C)[O](2054) + C=CCCCCC(546)
    [CH2][C]([CH2])OC([CH2])CCCCC(2257) <=> [CH2]C(=C)[O](2054) + C=CCCCCC(546)
    [CH2]C(=C)[O](2054) + C=CCCCCC(546) <=> [CH2]C1([CH2])CC(CCCCC)O1(2258)
    [CH2]C(=C)[O](2054) + C=CCCCCC(546) <=> [CH2]C1([CH2])OCC1CCCCC(2259)
    [CH2][C]([CH2])O(2067) + C=CC[CH]CCC(1117) <=> [CH2]C(=C)[O](2054) + C=CCCCCC(546)
    [CH2][C]([CH2])O(2067) + C=CCC[CH]CC(1116) <=> [CH2]C(=C)[O](2054) + C=CCCCCC(546)
    [CH2][C]([CH2])O(2067) + C=CCCC[CH]C(1118) <=> [CH2]C(=C)[O](2054) + C=CCCCCC(546)
    [CH2][C]([CH2])O(2067) + C=C[CH]CCCC(1119) <=> [CH2]C(=C)[O](2054) + C=CCCCCC(546)
    [CH2][C]([CH2])O(2067) + [CH2]CCCCC=C(870) <=> [CH2]C(=C)[O](2054) + C=CCCCCC(546)
    [CH2][C]([CH2])O(2067) + C=[C]CCCCC(1120) <=> [CH2]C(=C)[O](2054) + C=CCCCCC(546)
    [CH2][C]([CH2])O(2067) + [CH]=CCCCCC(1121) <=> [CH2]C(=C)[O](2054) + C=CCCCCC(546)
    C=C(C)[O](376) + C=CCC[CH]CC(1116) <=> [CH2]C(=C)[O](2054) + C=CCCCCC(546)
    C=C(C)[O](376) + C=CC[CH]CCC(1117) <=> [CH2]C(=C)[O](2054) + C=CCCCCC(546)
    C=C(C)[O](376) + C=CCCC[CH]C(1118) <=> [CH2]C(=C)[O](2054) + C=CCCCCC(546)
    [CH2]C(=C)[O](2054) + C=CCCCCC(546) <=> C=C(C)[O](376) + C=C[CH]CCCC(1119)
    C=C(C)[O](376) + [CH2]CCCCC=C(870) <=> [CH2]C(=C)[O](2054) + C=CCCCCC(546)
    C=C(C)[O](376) + C=[C]CCCCC(1120) <=> [CH2]C(=C)[O](2054) + C=CCCCCC(546)
    C=C(C)[O](376) + [CH]=CCCCCC(1121) <=> [CH2]C(=C)[O](2054) + C=CCCCCC(546)
    [CH2]C(=C)[O](2054) + C=CCCCCC(546) <=> [CH2]C(CCCCC)CC(=C)[O](2250)
    [CH2]C(=C)[O](2054) + C=CCCCCC(546) <=> C=C([O])CC[CH]CCCCC(2252)
    [CH2]C([CH2])OCC=CCCCC(2260) <=> [CH2]C(=C)[O](2054) + C=CCCCCC(546)
    [CH2]C([CH2])(O)CC=CCCCC(2261) <=> [CH2]C(=C)[O](2054) + C=CCCCCC(546)
    [CH2][CH]CC[C]([CH2])[O](2262) <=> [CH2]C(=C)[O](2054) + [CH2]C=C(643)
    [CH2][CH]CC([CH2])([CH2])[O](2263) <=> [CH2]C(=C)[O](2054) + [CH2]C=C(643)
    [CH2][C]([O])CC([CH2])[CH2](2264) <=> [CH2]C(=C)[O](2054) + [CH2]C=C(643)
    [CH2]C([CH2])C([CH2])([CH2])[O](2265) <=> [CH2]C(=C)[O](2054) + [CH2]C=C(643)
    [CH2]C(=C)[O](2054) + [CH2]C=C(643) <=> C=C=C(1236) + [CH2]C(=C)O(1915)
    [CH2]C(=C)[O](2054) + [CH2]C=C(643) <=> C=C=C(1236) + C=C(C)[O](376)
    [CH]C=C(2266) + [CH2]C([CH2])[O](2063) <=> [CH2]C(=C)[O](2054) + [CH2]C=C(643)
    [CH]C=C(2266) + [CH2][C](C)[O](2064) <=> [CH2]C(=C)[O](2054) + [CH2]C=C(643)
    [CH2][C]=C(1237) + [CH2]C([CH2])[O](2063) <=> [CH2]C(=C)[O](2054) + [CH2]C=C(643)
    [CH2][C]=C(1237) + [CH2][C](C)[O](2064) <=> [CH2]C(=C)[O](2054) + [CH2]C=C(643)
    [CH]C=C(2266) + [CH2]C([CH2])[O](2063) <=> [CH2]C(=C)[O](2054) + [CH2]C=C(643)
    [CH]C=C(2266) + [CH2][C](C)[O](2064) <=> [CH2]C(=C)[O](2054) + [CH2]C=C(643)
    [CH]C(=C)[O](2057) + [CH2]C[CH2](146) <=> [CH2]C(=C)[O](2054) + [CH2]C=C(643)
    [CH]C(=C)[O](2057) + [CH2]C[CH2](146) <=> [CH2]C(=C)[O](2054) + [CH2]C=C(643)
    [CH]C(=C)[O](2057) + [CH2][CH]C(159) <=> [CH2]C(=C)[O](2054) + [CH2]C=C(643)
    [CH]C(=C)[O](2057) + [CH2][CH]C(159) <=> [CH2]C(=C)[O](2054) + [CH2]C=C(643)
    [CH]C=C(2266) + [CH2]C(=C)O(1915) <=> [CH2]C(=C)[O](2054) + [CH2]C=C(643)
    [CH]C=C(2266) + C=C(C)[O](376) <=> [CH2]C(=C)[O](2054) + [CH2]C=C(643)
    [CH]C=C(2266) + [CH2]C(=C)O(1915) <=> [CH2]C(=C)[O](2054) + [CH2]C=C(643)
    [CH]C=C(2266) + C=C(C)[O](376) <=> [CH2]C(=C)[O](2054) + [CH2]C=C(643)
    [CH]C(=C)[O](2057) + C=CC(158) <=> [CH2]C(=C)[O](2054) + [CH2]C=C(643)
    [CH]C(=C)[O](2057) + C=CC(158) <=> [CH2]C(=C)[O](2054) + [CH2]C=C(643)
    [CH2]C(=C)[O](2054) + [CH2]C=C(643) <=> [CH2]C([CH2])CC(=C)[O](2267)
    [CH2]C(=C)[O](2054) + [CH2]C=C(643) <=> [CH2]C(=C)OC([CH2])[CH2](2268)
    [CH2]C(=C)[O](2054) + [CH2]C=C(643) <=> [CH2][CH]CCC(=C)[O](2269)
    [CH2]C(=C)[O](2054) + [CH2]C=C(643) <=> [CH2][CH]COC([CH2])=C(2270)
    [CH2]C(=C)[O](2054) + [CH2]C=C(643) <=> [CH2]C([CH2])([O])CC=C(2271)
    [CH2]C(=C)[O](2054) + [CH2]C=C(643) <=> [CH2]C(=C)OCC=C(2272)
    [CH2]C(=C)[O](2054) + [CH2]C=C(643) <=> C=CCCC(=C)[O](2273)
    [CH2][CH]CO[C]([CH2])[CH2](2274) <=> [CH2]C(=C)[O](2054) + [CH2]C=C(643)
    [CH2][C]([CH2])OC([CH2])[CH2](2275) <=> [CH2]C(=C)[O](2054) + [CH2]C=C(643)
    [CH2]C(=C)[O](2054) + [CH2]C=C(643) <=> [CH2]C1CC([CH2])([CH2])O1(2276)
    [CH2]C(=C)[O](2054) + [CH2]C=C(643) <=> [CH2]C1COC1([CH2])[CH2](2277)
    [CH2]C(=C)[O](2054) + [CH2]C=C(643) <=> C=C=C(1236) + C=C(C)[O](376)
    [CH]C=C(2266) + [CH2][C]([CH2])O(2067) <=> [CH2]C(=C)[O](2054) + [CH2]C=C(643)
    [CH2][C]=C(1237) + [CH2][C]([CH2])O(2067) <=> [CH2]C(=C)[O](2054) + [CH2]C=C(643)
    [CH]C=C(2266) + [CH2][C]([CH2])O(2067) <=> [CH2]C(=C)[O](2054) + [CH2]C=C(643)
    [CH]C=C(2266) + C=C(C)[O](376) <=> [CH2]C(=C)[O](2054) + [CH2]C=C(643)
    [CH]C=C(2266) + C=C(C)[O](376) <=> [CH2]C(=C)[O](2054) + [CH2]C=C(643)
    [CH2]C(=C)[O](2054) + [CH2]C=C(643) <=> [CH2]C([CH2])CC(=C)[O](2267)
    [CH2]C(=C)[O](2054) + [CH2]C=C(643) <=> [CH2][CH]CCC(=C)[O](2269)
    [CH2]C(=C)[O](2054) + [CH2]C=C(643) <=> [CH2][CH]COC([CH2])=C(2270)
    [CH2]C(=C)[O](2054) + [CH2]C=C(643) <=> C=CCCC(=C)[O](2273)
    [CH2][C]([O])CC[CH]CC(2278) <=> [CH2]C(=C)[O](2054) + C=CCC(466)
    [CH2]C([CH2])([O])C[CH]CC(2279) <=> [CH2]C(=C)[O](2054) + C=CCC(466)
    [CH2][C]([O])CC([CH2])CC(2280) <=> [CH2]C(=C)[O](2054) + C=CCC(466)
    [CH2]C(CC)C([CH2])([CH2])[O](2281) <=> [CH2]C(=C)[O](2054) + C=CCC(466)
    [CH2]C([CH2])[O](2063) + C=C[CH]C(1344) <=> [CH2]C(=C)[O](2054) + C=CCC(466)
    [CH2][C](C)[O](2064) + C=C[CH]C(1344) <=> [CH2]C(=C)[O](2054) + C=CCC(466)
    [CH2]C([CH2])[O](2063) + [CH2]CC=C(538) <=> [CH2]C(=C)[O](2054) + C=CCC(466)
    [CH2][C](C)[O](2064) + [CH2]CC=C(538) <=> [CH2]C(=C)[O](2054) + C=CCC(466)
    [CH2]C([CH2])[O](2063) + C=[C]CC(1345) <=> [CH2]C(=C)[O](2054) + C=CCC(466)
    [CH2][C](C)[O](2064) + C=[C]CC(1345) <=> [CH2]C(=C)[O](2054) + C=CCC(466)
    [CH2]C([CH2])[O](2063) + [CH]=CCC(1346) <=> [CH2]C(=C)[O](2054) + C=CCC(466)
    [CH2][C](C)[O](2064) + [CH]=CCC(1346) <=> [CH2]C(=C)[O](2054) + C=CCC(466)
    [CH]C(=C)[O](2057) + [CH2]CCC(41) <=> [CH2]C(=C)[O](2054) + C=CCC(466)
    [CH]C(=C)[O](2057) + [CH2]CCC(41) <=> [CH2]C(=C)[O](2054) + C=CCC(466)
    [CH]C(=C)[O](2057) + C[CH]CC(469) <=> [CH2]C(=C)[O](2054) + C=CCC(466)
    [CH]C(=C)[O](2057) + C[CH]CC(469) <=> [CH2]C(=C)[O](2054) + C=CCC(466)
    [CH2]C(=C)O(1915) + C=C[CH]C(1344) <=> [CH2]C(=C)[O](2054) + C=CCC(466)
    [CH2]C(=C)[O](2054) + C=CCC(466) <=> C=C(C)[O](376) + C=C[CH]C(1344)
    [CH2]C(=C)O(1915) + [CH2]CC=C(538) <=> [CH2]C(=C)[O](2054) + C=CCC(466)
    C=C(C)[O](376) + [CH2]CC=C(538) <=> [CH2]C(=C)[O](2054) + C=CCC(466)
    [CH2]C(=C)O(1915) + C=[C]CC(1345) <=> [CH2]C(=C)[O](2054) + C=CCC(466)
    C=C(C)[O](376) + C=[C]CC(1345) <=> [CH2]C(=C)[O](2054) + C=CCC(466)
    [CH2]C(=C)O(1915) + [CH]=CCC(1346) <=> [CH2]C(=C)[O](2054) + C=CCC(466)
    C=C(C)[O](376) + [CH]=CCC(1346) <=> [CH2]C(=C)[O](2054) + C=CCC(466)
    [CH2]C(=C)[O](2054) + C=CCC(466) <=> [CH2]C(CC)CC(=C)[O](2282)
    [CH2]C(=C)[O](2054) + C=CCC(466) <=> [CH2]C(=C)OC([CH2])CC(2283)
    [CH2]C(=C)[O](2054) + C=CCC(466) <=> C=C([O])CC[CH]CC(2284)
    [CH2]C(=C)[O](2054) + C=CCC(466) <=> [CH2]C(=C)OC[CH]CC(2285)
    [CH2]C(C)([O])CC=CC(2286) <=> [CH2]C(=C)[O](2054) + C=CCC(466)
    [CH2]C([O])CCC=CC(2287) <=> [CH2]C(=C)[O](2054) + C=CCC(466)
    [CH2][C]([CH2])OC[CH]CC(2288) <=> [CH2]C(=C)[O](2054) + C=CCC(466)
    [CH2][C]([CH2])OC([CH2])CC(2289) <=> [CH2]C(=C)[O](2054) + C=CCC(466)
    [CH2]C(=C)[O](2054) + C=CCC(466) <=> [CH2]C1([CH2])CC(CC)O1(2290)
    [CH2]C(=C)[O](2054) + C=CCC(466) <=> [CH2]C1([CH2])OCC1CC(2291)
    [CH2][C]([CH2])O(2067) + C=C[CH]C(1344) <=> [CH2]C(=C)[O](2054) + C=CCC(466)
    [CH2][C]([CH2])O(2067) + [CH2]CC=C(538) <=> [CH2]C(=C)[O](2054) + C=CCC(466)
    [CH2][C]([CH2])O(2067) + C=[C]CC(1345) <=> [CH2]C(=C)[O](2054) + C=CCC(466)
    [CH2][C]([CH2])O(2067) + [CH]=CCC(1346) <=> [CH2]C(=C)[O](2054) + C=CCC(466)
    [CH2]C(=C)[O](2054) + C=CCC(466) <=> C=C(C)[O](376) + C=C[CH]C(1344)
    C=C(C)[O](376) + [CH2]CC=C(538) <=> [CH2]C(=C)[O](2054) + C=CCC(466)
    C=C(C)[O](376) + C=[C]CC(1345) <=> [CH2]C(=C)[O](2054) + C=CCC(466)
    C=C(C)[O](376) + [CH]=CCC(1346) <=> [CH2]C(=C)[O](2054) + C=CCC(466)
    [CH2]C(=C)[O](2054) + C=CCC(466) <=> [CH2]C(CC)CC(=C)[O](2282)
    [CH2]C(=C)[O](2054) + C=CCC(466) <=> C=C([O])CC[CH]CC(2284)
    [CH2]C([CH2])OCC=CC(2292) <=> [CH2]C(=C)[O](2054) + C=CCC(466)
    [CH2]C([CH2])(O)CC=CC(2293) <=> [CH2]C(=C)[O](2054) + C=CCC(466)
    [CH2][C]([O])CC([O])O[O](2294) <=> [O]OC=O(106) + [CH2]C(=C)[O](2054)
    [CH2]C([CH2])([O])C([O])O[O](2295) <=> [O]OC=O(106) + [CH2]C(=C)[O](2054)
    [CH2][C]([O])CO[CH]O[O](2296) <=> [O]OC=O(106) + [CH2]C(=C)[O](2054)
    [CH2]C([CH2])([O])O[CH]O[O](2297) <=> [O]OC=O(106) + [CH2]C(=C)[O](2054)
    [O]OC=O(106) + [CH2]C(=C)[O](2054) <=> [CH2]C1([O])CC(O[O])O1(2298)
    [O]OC=O(106) + [CH2]C(=C)[O](2054) <=> [CH2]C1([O])COC1O[O](2299)
    CO3t2(231) + [CH2]C([CH2])[O](2063) <=> [O]OC=O(106) + [CH2]C(=C)[O](2054)
    CO3t2(231) + [CH2][C](C)[O](2064) <=> [O]OC=O(106) + [CH2]C(=C)[O](2054)
    [O]O[CH]O(1482) + [CH]C(=C)[O](2057) <=> [O]OC=O(106) + [CH2]C(=C)[O](2054)
    [O]O[CH]O(1482) + [CH]C(=C)[O](2057) <=> [O]OC=O(106) + [CH2]C(=C)[O](2054)
    [O]CO[O](110) + [CH]C(=C)[O](2057) <=> [O]OC=O(106) + [CH2]C(=C)[O](2054)
    [O]CO[O](110) + [CH]C(=C)[O](2057) <=> [O]OC=O(106) + [CH2]C(=C)[O](2054)
    CO3t2(231) + [CH2]C(=C)O(1915) <=> [O]OC=O(106) + [CH2]C(=C)[O](2054)
    CO3t2(231) + C=C(C)[O](376) <=> [O]OC=O(106) + [CH2]C(=C)[O](2054)
    O=COO(268) + [CH]C(=C)[O](2057) <=> [O]OC=O(106) + [CH2]C(=C)[O](2054)
    O=COO(268) + [CH]C(=C)[O](2057) <=> [O]OC=O(106) + [CH2]C(=C)[O](2054)
    [O]OC=O(106) + [CH2]C(=C)[O](2054) <=> C=C([O])CO[CH]O[O](2300)
    [O]OC=O(106) + [CH2]C(=C)[O](2054) <=> [CH2]C(=C)OO[CH]O[O](2301)
    [O]OC=O(106) + [CH2]C(=C)[O](2054) <=> C=C([O])CC([O])O[O](2302)
    [O]OC=O(106) + [CH2]C(=C)[O](2054) <=> [CH2]C(=C)OC([O])O[O](2303)
    [O]OC=O(106) + [CH2]C(=C)[O](2054) <=> [CH2]C([CH2])([O])OOC=O(2304)
    [O]OC=O(106) + [CH2]C(=C)[O](2054) <=> [CH2][C]([O])COOC=O(2305)
    [O]OC=O(106) + [CH2]C(=C)[O](2054) <=> [CH2]C(=C)OOOC=O(2306)
    [O]OC=O(106) + [CH2]C(=C)[O](2054) <=> C=C([O])COOC=O(2307)
    [CH2][C]([CH2])OC([O])O[O](2308) <=> [O]OC=O(106) + [CH2]C(=C)[O](2054)
    [CH2][C]([CH2])OO[CH]O[O](2309) <=> [O]OC=O(106) + [CH2]C(=C)[O](2054)
    [O]OC=O(106) + [CH2]C(=C)[O](2054) <=> [CH2]C1([CH2])OOC1O[O](2310)
    [O]OC=O(106) + [CH2]C(=C)[O](2054) <=> [CH2]C1([CH2])OC(O[O])O1(2311)
    CO3t2(231) + [CH2][C]([CH2])O(2067) <=> [O]OC=O(106) + [CH2]C(=C)[O](2054)
    CO3t2(231) + C=C(C)[O](376) <=> [O]OC=O(106) + [CH2]C(=C)[O](2054)
    [O]OC=O(106) + [CH2]C(=C)[O](2054) <=> C=C([O])CO[CH]O[O](2300)
    [O]OC=O(106) + [CH2]C(=C)[O](2054) <=> C=C([O])CC([O])O[O](2302)
    [O]OC=O(106) + [CH2]C(=C)[O](2054) <=> [CH2][C]([CH2])OOOC=O(2312)
    [O]OC=O(106) + [CH2]C(=C)[O](2054) <=> C=C([O])COOC=O(2307)
    [CH2][C]([O])CC[CH]CCC=C(2313) <=> [CH2]C(=C)[O](2054) + C=CCCC=C(1328)
    [CH2]C([CH2])([O])C[CH]CCC=C(2314) <=> [CH2]C(=C)[O](2054) + C=CCCC=C(1328)
    [CH2][C]([O])CC([CH2])CCC=C(2315) <=> [CH2]C(=C)[O](2054) + C=CCCC=C(1328)
    [CH2]C(CCC=C)C([CH2])([CH2])[O](2316) <=> [CH2]C(=C)[O](2054) + C=CCCC=C(1328)
    [CH2]C([CH2])[O](2063) + C=C[CH]CC=C(1625) <=> [CH2]C(=C)[O](2054) + C=CCCC=C(1328)
    [CH2][C](C)[O](2064) + C=C[CH]CC=C(1625) <=> [CH2]C(=C)[O](2054) + C=CCCC=C(1328)
    [CH2]C([CH2])[O](2063) + C=[C]CCC=C(1626) <=> [CH2]C(=C)[O](2054) + C=CCCC=C(1328)
    [CH2][C](C)[O](2064) + C=[C]CCC=C(1626) <=> [CH2]C(=C)[O](2054) + C=CCCC=C(1328)
    [CH2]C([CH2])[O](2063) + [CH]=CCCC=C(1627) <=> [CH2]C(=C)[O](2054) + C=CCCC=C(1328)
    [CH2][C](C)[O](2064) + [CH]=CCCC=C(1627) <=> [CH2]C(=C)[O](2054) + C=CCCC=C(1328)
    [CH]C(=C)[O](2057) + [CH2]CCCC=C(868) <=> [CH2]C(=C)[O](2054) + C=CCCC=C(1328)
    [CH]C(=C)[O](2057) + [CH2]CCCC=C(868) <=> [CH2]C(=C)[O](2054) + C=CCCC=C(1328)
    [CH]C(=C)[O](2057) + C=CCC[CH]C(997) <=> [CH2]C(=C)[O](2054) + C=CCCC=C(1328)
    [CH]C(=C)[O](2057) + C=CCC[CH]C(997) <=> [CH2]C(=C)[O](2054) + C=CCCC=C(1328)
    [CH2]C(=C)O(1915) + C=C[CH]CC=C(1625) <=> [CH2]C(=C)[O](2054) + C=CCCC=C(1328)
    [CH2]C(=C)[O](2054) + C=CCCC=C(1328) <=> C=C(C)[O](376) + C=C[CH]CC=C(1625)
    [CH2]C(=C)O(1915) + C=[C]CCC=C(1626) <=> [CH2]C(=C)[O](2054) + C=CCCC=C(1328)
    C=C(C)[O](376) + C=[C]CCC=C(1626) <=> [CH2]C(=C)[O](2054) + C=CCCC=C(1328)
    [CH2]C(=C)O(1915) + [CH]=CCCC=C(1627) <=> [CH2]C(=C)[O](2054) + C=CCCC=C(1328)
    C=C(C)[O](376) + [CH]=CCCC=C(1627) <=> [CH2]C(=C)[O](2054) + C=CCCC=C(1328)
    [CH2]C(=C)[O](2054) + C=CCCC=C(1328) <=> [CH2]C(CCC=C)CC(=C)[O](2317)
    [CH2]C(=C)[O](2054) + C=CCCC=C(1328) <=> [CH2]C(=C)OC([CH2])CCC=C(2318)
    [CH2]C(=C)[O](2054) + C=CCCC=C(1328) <=> C=CCC[CH]CCC(=C)[O](2319)
    [CH2]C(=C)[O](2054) + C=CCCC=C(1328) <=> [CH2]C(=C)OC[CH]CCC=C(2320)
    [CH2]C(C)([O])CC=CCC=C(2321) <=> [CH2]C(=C)[O](2054) + C=CCCC=C(1328)
    [CH2]C([O])CCC=CCC=C(2322) <=> [CH2]C(=C)[O](2054) + C=CCCC=C(1328)
    [CH2][C]([CH2])OC[CH]CCC=C(2323) <=> [CH2]C(=C)[O](2054) + C=CCCC=C(1328)
    [CH2][C]([CH2])OC([CH2])CCC=C(2324) <=> [CH2]C(=C)[O](2054) + C=CCCC=C(1328)
    [CH2]C(=C)[O](2054) + C=CCCC=C(1328) <=> [CH2]C1([CH2])CC(CCC=C)O1(2325)
    [CH2]C(=C)[O](2054) + C=CCCC=C(1328) <=> [CH2]C1([CH2])OCC1CCC=C(2326)
    [CH2][C]([CH2])O(2067) + C=C[CH]CC=C(1625) <=> [CH2]C(=C)[O](2054) + C=CCCC=C(1328)
    [CH2][C]([CH2])O(2067) + C=[C]CCC=C(1626) <=> [CH2]C(=C)[O](2054) + C=CCCC=C(1328)
    [CH2][C]([CH2])O(2067) + [CH]=CCCC=C(1627) <=> [CH2]C(=C)[O](2054) + C=CCCC=C(1328)
    [CH2]C(=C)[O](2054) + C=CCCC=C(1328) <=> C=C(C)[O](376) + C=C[CH]CC=C(1625)
    C=C(C)[O](376) + C=[C]CCC=C(1626) <=> [CH2]C(=C)[O](2054) + C=CCCC=C(1328)
    C=C(C)[O](376) + [CH]=CCCC=C(1627) <=> [CH2]C(=C)[O](2054) + C=CCCC=C(1328)
    [CH2]C(=C)[O](2054) + C=CCCC=C(1328) <=> [CH2]C(CCC=C)CC(=C)[O](2317)
    [CH2]C(=C)[O](2054) + C=CCCC=C(1328) <=> C=CCC[CH]CCC(=C)[O](2319)
    [CH2]C([CH2])OCC=CCC=C(2327) <=> [CH2]C(=C)[O](2054) + C=CCCC=C(1328)
    [CH2]C([CH2])(O)CC=CCC=C(2328) <=> [CH2]C(=C)[O](2054) + C=CCCC=C(1328)
    [CH2][C]([O])CC[CH]O(2329) <=> C2H3OH(72) + [CH2]C(=C)[O](2054)
    [CH2]C([CH2])([O])C[CH]O(2330) <=> C2H3OH(72) + [CH2]C(=C)[O](2054)
    [CH2][C]([O])CC([CH2])O(2331) <=> C2H3OH(72) + [CH2]C(=C)[O](2054)
    [CH2]C(O)C([CH2])([CH2])[O](2332) <=> C2H3OH(72) + [CH2]C(=C)[O](2054)
    C=[C]O(69) + [CH2]C([CH2])[O](2063) <=> C2H3OH(72) + [CH2]C(=C)[O](2054)
    C=[C]O(69) + [CH2][C](C)[O](2064) <=> C2H3OH(72) + [CH2]C(=C)[O](2054)
    [CH]=CO(70) + [CH2]C([CH2])[O](2063) <=> C2H3OH(72) + [CH2]C(=C)[O](2054)
    [CH]=CO(70) + [CH2][C](C)[O](2064) <=> C2H3OH(72) + [CH2]C(=C)[O](2054)
    CH2CHO(36) + [CH2]C([CH2])[O](2063) <=> C2H3OH(72) + [CH2]C(=C)[O](2054)
    CH2CHO(36) + [CH2][C](C)[O](2064) <=> C2H3OH(72) + [CH2]C(=C)[O](2054)
    CH2CH2OH(241) + [CH]C(=C)[O](2057) <=> C2H3OH(72) + [CH2]C(=C)[O](2054)
    CH2CH2OH(241) + [CH]C(=C)[O](2057) <=> C2H3OH(72) + [CH2]C(=C)[O](2054)
    CH3CHOH(133) + [CH]C(=C)[O](2057) <=> C2H3OH(72) + [CH2]C(=C)[O](2054)
    CH3CHOH(133) + [CH]C(=C)[O](2057) <=> C2H3OH(72) + [CH2]C(=C)[O](2054)
    CH2CHO(36) + [CH2]C(=C)O(1915) <=> C2H3OH(72) + [CH2]C(=C)[O](2054)
    C2H3OH(72) + [CH2]C(=C)[O](2054) <=> CH2CHO(36) + C=C(C)[O](376)
    C=[C]O(69) + [CH2]C(=C)O(1915) <=> C2H3OH(72) + [CH2]C(=C)[O](2054)
    C=[C]O(69) + C=C(C)[O](376) <=> C2H3OH(72) + [CH2]C(=C)[O](2054)
    [CH]=CO(70) + [CH2]C(=C)O(1915) <=> C2H3OH(72) + [CH2]C(=C)[O](2054)
    [CH]=CO(70) + C=C(C)[O](376) <=> C2H3OH(72) + [CH2]C(=C)[O](2054)
    C2H3OH(72) + [CH2]C(=C)[O](2054) <=> [CH2]C(O)CC(=C)[O](2333)
    C2H3OH(72) + [CH2]C(=C)[O](2054) <=> [CH2]C(=C)OC([CH2])O(2334)
    C2H3OH(72) + [CH2]C(=C)[O](2054) <=> C=C([O])CC[CH]O(2335)
    C2H3OH(72) + [CH2]C(=C)[O](2054) <=> [CH2]C(=C)OC[CH]O(2336)
    [CH2]C(C)([O])CC=O(2337) <=> C2H3OH(72) + [CH2]C(=C)[O](2054)
    [CH2]C([O])CCC=O(2338) <=> C2H3OH(72) + [CH2]C(=C)[O](2054)
    [CH2][C]([CH2])OC[CH]O(2339) <=> C2H3OH(72) + [CH2]C(=C)[O](2054)
    [CH2][C]([CH2])OC([CH2])O(2340) <=> C2H3OH(72) + [CH2]C(=C)[O](2054)
    C2H3OH(72) + [CH2]C(=C)[O](2054) <=> [CH2]C1([CH2])CC(O)O1(2341)
    C2H3OH(72) + [CH2]C(=C)[O](2054) <=> [CH2]C1([CH2])OCC1O(2342)
    C=[C]O(69) + [CH2][C]([CH2])O(2067) <=> C2H3OH(72) + [CH2]C(=C)[O](2054)
    [CH]=CO(70) + [CH2][C]([CH2])O(2067) <=> C2H3OH(72) + [CH2]C(=C)[O](2054)
    CH2CHO(36) + [CH2][C]([CH2])O(2067) <=> C2H3OH(72) + [CH2]C(=C)[O](2054)
    C2H3OH(72) + [CH2]C(=C)[O](2054) <=> CH2CHO(36) + C=C(C)[O](376)
    C=[C]O(69) + C=C(C)[O](376) <=> C2H3OH(72) + [CH2]C(=C)[O](2054)
    [CH]=CO(70) + C=C(C)[O](376) <=> C2H3OH(72) + [CH2]C(=C)[O](2054)
    C2H3OH(72) + [CH2]C(=C)[O](2054) <=> [CH2]C(O)CC(=C)[O](2333)
    C2H3OH(72) + [CH2]C(=C)[O](2054) <=> C=C([O])CC[CH]O(2335)
    [CH2]C([CH2])OCC=O(2343) <=> C2H3OH(72) + [CH2]C(=C)[O](2054)
    [CH2]C([CH2])(O)CC=O(2344) <=> C2H3OH(72) + [CH2]C(=C)[O](2054)
    [CH2]COOC([CH2])=C(2345) <=> CH2OCH2(1871) + [CH2]C(=C)[O](2054)
    C2H3O(67) + [CH2]C([CH2])[O](2063) <=> CH2OCH2(1871) + [CH2]C(=C)[O](2054)
    C2H3O(67) + [CH2][C](C)[O](2064) <=> CH2OCH2(1871) + [CH2]C(=C)[O](2054)
    C2H3O(67) + [CH2]C(=C)O(1915) <=> CH2OCH2(1871) + [CH2]C(=C)[O](2054)
    C2H3O(67) + C=C(C)[O](376) <=> CH2OCH2(1871) + [CH2]C(=C)[O](2054)
    C2H3O(67) + [CH2][C]([CH2])O(2067) <=> CH2OCH2(1871) + [CH2]C(=C)[O](2054)
    C2H3O(67) + C=C(C)[O](376) <=> CH2OCH2(1871) + [CH2]C(=C)[O](2054)
    [CH2][C]([O])CC([CH2])=C(2346) <=> C=C=C(1236) + [CH2]C(=C)[O](2054)
    [CH2]C(=C)C([CH2])([CH2])[O](2347) <=> C=C=C(1236) + [CH2]C(=C)[O](2054)
    [CH2][C]([O])CC[C]=C(2348) <=> C=C=C(1236) + [CH2]C(=C)[O](2054)
    [CH2]C([CH2])([O])C[C]=C(2349) <=> C=C=C(1236) + [CH2]C(=C)[O](2054)
    [CH]=C=C(1912) + [CH2]C([CH2])[O](2063) <=> C=C=C(1236) + [CH2]C(=C)[O](2054)
    [CH]=C=C(1912) + [CH2][C](C)[O](2064) <=> C=C=C(1236) + [CH2]C(=C)[O](2054)
    [CH]C(=C)[O](2057) + C=[C]C(644) <=> C=C=C(1236) + [CH2]C(=C)[O](2054)
    [CH]C(=C)[O](2057) + C=[C]C(644) <=> C=C=C(1236) + [CH2]C(=C)[O](2054)
    [CH]C(=C)[O](2057) + [CH2]C=C(643) <=> C=C=C(1236) + [CH2]C(=C)[O](2054)
    [CH]C(=C)[O](2057) + [CH2]C=C(643) <=> C=C=C(1236) + [CH2]C(=C)[O](2054)
    [CH]=C=C(1912) + [CH2]C(=C)O(1915) <=> C=C=C(1236) + [CH2]C(=C)[O](2054)
    C=C=C(1236) + [CH2]C(=C)[O](2054) <=> [CH]=C=C(1912) + C=C(C)[O](376)
    C=C=C(1236) + [CH2]C(=C)[O](2054) <=> C=[C]CCC(=C)[O](2350)
    C=C=C(1236) + [CH2]C(=C)[O](2054) <=> [CH2]C(=C)OC[C]=C(2351)
    C=C=C(1236) + [CH2]C(=C)[O](2054) <=> [CH2]C(=C)CC(=C)[O](2352)
    C=C=C(1236) + [CH2]C(=C)[O](2054) <=> [CH2]C(=C)OC([CH2])=C(2353)
    C#CCC([CH2])(C)[O](2354) <=> C=C=C(1236) + [CH2]C(=C)[O](2054)
    C#CCCC([CH2])[O](2355) <=> C=C=C(1236) + [CH2]C(=C)[O](2054)
    [CH2][C]([CH2])OC([CH2])=C(2356) <=> C=C=C(1236) + [CH2]C(=C)[O](2054)
    [CH2][C]([CH2])OC[C]=C(2357) <=> C=C=C(1236) + [CH2]C(=C)[O](2054)
    [CH]=C=C(1912) + [CH2][C]([CH2])O(2067) <=> C=C=C(1236) + [CH2]C(=C)[O](2054)
    C=C=C(1236) + [CH2]C(=C)[O](2054) <=> [CH]=C=C(1912) + C=C(C)[O](376)
    C=C=C(1236) + [CH2]C(=C)[O](2054) <=> C=[C]CCC(=C)[O](2350)
    C=C=C(1236) + [CH2]C(=C)[O](2054) <=> [CH2]C(=C)CC(=C)[O](2352)
    C#CCOC([CH2])[CH2](2358) <=> C=C=C(1236) + [CH2]C(=C)[O](2054)
    C#CCC([CH2])([CH2])O(2359) <=> C=C=C(1236) + [CH2]C(=C)[O](2054)
    [CH2][C]([O])CC[C]([CH2])[O](2360) <=> [CH2]C(=C)[O](2054) + [CH2]C(=C)[O](2054)
    [CH2][C]([O])CC([CH2])([CH2])[O](2361) <=> [CH2]C(=C)[O](2054) + [CH2]C(=C)[O](2054)
    [CH2]C([CH2])([O])C([CH2])([CH2])[O](2362) <=> [CH2]C(=C)[O](2054) + [CH2]C(=C)[O](2054)
    [CH]C(=C)[O](2057) + [CH2]C([CH2])[O](2063) <=> [CH2]C(=C)[O](2054) + [CH2]C(=C)[O](2054)
    [CH]C(=C)[O](2057) + [CH2][C](C)[O](2064) <=> [CH2]C(=C)[O](2054) + [CH2]C(=C)[O](2054)
    [CH]C(=C)[O](2057) + [CH2]C([CH2])[O](2063) <=> [CH2]C(=C)[O](2054) + [CH2]C(=C)[O](2054)
    [CH]C(=C)[O](2057) + [CH2][C](C)[O](2064) <=> [CH2]C(=C)[O](2054) + [CH2]C(=C)[O](2054)
    [CH]C(=C)[O](2057) + [CH2]C(=C)O(1915) <=> [CH2]C(=C)[O](2054) + [CH2]C(=C)[O](2054)
    [CH]C(=C)[O](2057) + C=C(C)[O](376) <=> [CH2]C(=C)[O](2054) + [CH2]C(=C)[O](2054)
    [CH]C(=C)[O](2057) + [CH2]C(=C)O(1915) <=> [CH2]C(=C)[O](2054) + [CH2]C(=C)[O](2054)
    [CH]C(=C)[O](2057) + C=C(C)[O](376) <=> [CH2]C(=C)[O](2054) + [CH2]C(=C)[O](2054)
    [CH2]C(=C)[O](2054) + [CH2]C(=C)[O](2054) <=> [CH2]C([CH2])([O])CC(=C)[O](2363)
    [CH2]C(=C)[O](2054) + [CH2]C(=C)[O](2054) <=> [CH2]C(=C)OC([CH2])([CH2])[O](2364)
    [CH2]C(=C)[O](2054) + [CH2]C(=C)[O](2054) <=> [CH2][C]([O])CCC(=C)[O](2365)
    [CH2]C(=C)[O](2054) + [CH2]C(=C)[O](2054) <=> [CH2][C]([O])COC([CH2])=C(2366)
    [CH2]C(=C)[O](2054) + [CH2]C(=C)[O](2054) <=> [CH2]C(=C)OOC([CH2])=C(2367)
    [CH2]C(=C)[O](2054) + [CH2]C(=C)[O](2054) <=> [CH2]C(=C)OCC(=C)[O](2368)
    [CH2]C(=C)[O](2054) + [CH2]C(=C)[O](2054) <=> C=C([O])CCC(=C)[O](2369)
    [CH2][C]([O])CO[C]([CH2])[CH2](2370) <=> [CH2]C(=C)[O](2054) + [CH2]C(=C)[O](2054)
    [CH2][C]([CH2])OC([CH2])([CH2])[O](2371) <=> [CH2]C(=C)[O](2054) + [CH2]C(=C)[O](2054)
    [CH2]C(=C)[O](2054) + [CH2]C(=C)[O](2054) <=> [CH2]C1([CH2])CC([CH2])([O])O1(2372)
    [CH2]C(=C)[O](2054) + [CH2]C(=C)[O](2054) <=> [CH2]C1([O])COC1([CH2])[CH2](2373)
    [CH]C(=C)[O](2057) + [CH2][C]([CH2])O(2067) <=> [CH2]C(=C)[O](2054) + [CH2]C(=C)[O](2054)
    [CH]C(=C)[O](2057) + [CH2][C]([CH2])O(2067) <=> [CH2]C(=C)[O](2054) + [CH2]C(=C)[O](2054)
    [CH]C(=C)[O](2057) + C=C(C)[O](376) <=> [CH2]C(=C)[O](2054) + [CH2]C(=C)[O](2054)
    [CH]C(=C)[O](2057) + C=C(C)[O](376) <=> [CH2]C(=C)[O](2054) + [CH2]C(=C)[O](2054)
    [CH2]C(=C)[O](2054) + [CH2]C(=C)[O](2054) <=> [CH2]C([CH2])([O])CC(=C)[O](2363)
    [CH2]C(=C)[O](2054) + [CH2]C(=C)[O](2054) <=> [CH2][C]([O])CCC(=C)[O](2365)
    [CH2]C(=C)[O](2054) + [CH2]C(=C)[O](2054) <=> [CH2][C]([O])COC([CH2])=C(2366)
    [CH2]C(=C)[O](2054) + [CH2]C(=C)[O](2054) <=> [CH2][C]([CH2])OOC([CH2])=C(2374)
    [CH2]C(=C)[O](2054) + [CH2]C(=C)[O](2054) <=> [CH2]C(=C)OCC(=C)[O](2368)
    [CH2]C(=C)[O](2054) + [CH2]C(=C)[O](2054) <=> C=C([O])CCC(=C)[O](2369)
    [CH2][C]([CH2])OO[C]([CH2])[CH2](2375) <=> [CH2]C(=C)[O](2054) + [CH2]C(=C)[O](2054)
    [CH2]C(=C)[O](2054) + [CH2]C(=C)[O](2054) <=> [CH2]C1([CH2])OOC1([CH2])[CH2](2376)
    [CH2]C(=C)[O](2054) + [CH2]C(=C)[O](2054) <=> [CH2]C1([CH2])OC([CH2])([CH2])O1(2377)
    [CH2]C(=C)[O](2054) + [CH2]C(=C)[O](2054) <=> C=C([O])CCC(=C)[O](2369)

After model enlargement:
    The model core has 73 species and 863 reactions
    The model edge has 2303 species and 6718 reactions


Saving current model core to Chemkin file...
Chemkin file contains 870 reactions.
Saving annotated version of Chemkin file...
Chemkin file contains 870 reactions.
Saving current model core and edge to Chemkin file...
Chemkin file contains 7588 reactions.
Saving annotated version of Chemkin file...
Chemkin file contains 7588 reactions.
Saving current model core to HTML file...
Saving current model edge to HTML file...
Updating RMG execution statistics...
    Execution time (DD:HH:MM:SS): 00:00:04:14
    Memory used: 1001.57 MB

Making seed mechanism...
Conducting simulation of reaction system 1...
At time 3.8698e-07 s, species C=C1CO1(2051) at 0.11067584080190022 exceeded the minimum rate for simulation interruption of 0.1
At time 3.8698e-07 s, species C=C1CO1(2051) at rate ratio 0.11067584080190022 exceeded the minimum rate for moving to model core of 0.1
terminating simulation due to interrupt...


Adding species C=C1CO1(2051) to model core

Summary of Model Enlargement
---------------------------------
Added 1 new core species
    C=C1CO1(2051)
Created 0 new edge species
Moved 2 reactions from edge to core
    [CH2]C(=C)OO(1917) <=> OH(5) + C=C1CO1(2051)
    [CH2]C(=C)[O](2054) <=> C=C1CO1(2051)
Added 0 new core reactions
Created 0 new edge reactions

After model enlargement:
    The model core has 74 species and 865 reactions
    The model edge has 2302 species and 6716 reactions


At time 5.8722e-05 s, reached target termination conversion: 0.900000 of C12H24(1)
    C12H24(1) conversion: 0.9       

For reaction generation 1 process is used.
Generating thermo for new species...
Generating kinetics for new reactions...
For reaction O2(2) + C=C1CO1(2051) <=> [O]OC[C]1CO1(2442), Ea raised from 123.0 to 124.7 kJ/mol to match endothermicity of reaction.

Summary of Secondary Model Edge Enlargement
---------------------------------
Added 0 new core species
Created 90 new edge species
    [CH2]O[C]=C(2378)
    C=[C]C[O](2379)
    [CH2]C1[CH]O1(2380)
    C[C]1[CH]O1(2381)
    C=C1[CH]O1(2382)
    [CH]=C1CO1(2383)
    [CH]C1CO1(2384)
    [CH2]C1CO1(2385)
    C[C]1CO1(2386)
    OCC1CO1(2387)
    CC1(O)CO1(2388)
    C=C1OC1C=O(2389)
    O=CC=C1CO1(2390)
    [C-]=[O+]CC1=CO1(2391)
    [OH+]=[C-]CC1=CO1(2392)
    C=C1OC1OC=O(2393)
    O=COC=C1CO1(2394)
    C=C1OC1C(=O)O(2395)
    O=C(O)C=C1CO1(2396)
    [O]C(=O)C[C]1CO1(2397)
    [CH2]C1(C([O])=O)CO1(2398)
    O=[C]OC[C]1CO1(2399)
    [CH2]C1(O[C]=O)CO1(2400)
    O=COCC1=CO1(2401)
    O=C(O)CC1=CO1(2402)
    [O]CC[C]1CO1(2403)
    [CH2]C1(C[O])CO1(2404)
    [CH2]OC[C]1CO1(2405)
    [CH2]OC1([CH2])CO1(2406)
    C1CC2(CO2)O1(2407)
    C1OCC12CO2(2408)
    COCC1=CO1(2409)
    OCCC1=CO1(2410)
    CC(=O)CO(2411)
    C=[C]OCC(2412)
    C=C([O])C[C]1CO1(2413)
    [CH2]C1(C(=C)[O])CO1(2414)
    C=[C]OC[C]1CO1(2415)
    [CH2]C1(O[C]=C)CO1(2416)
    O=[C]CC[C]1CO1(2417)
    [CH2]C1(C[C]=O)CO1(2418)
    O=C1CCC12CO2(2419)
    O=C1CC2(CO2)C1(2420)
    C#COC1(C)CO1(2421)
    C#COCC1CO1(2422)
    C=COCC1=CO1(2423)
    O=CCCC1=CO1(2424)
    C=C(O)CC1=CO1(2425)
    CC(=O)CC1=CO1(2426)
    [CH2]CC[C]1CO1(2427)
    [CH2]CC1([CH2])CO1(2428)
    CCCC1=CO1(2429)
    CC([O])C[C]1CO1(2430)
    [CH2]C1(C(C)[O])CO1(2431)
    C[CH]OC[C]1CO1(2432)
    [CH2]C1(O[CH]C)CO1(2433)
    CC1CC2(CO2)O1(2434)
    CC1OCC12CO2(2435)
    C=COC1(C)CO1(2436)
    C=COCC1CO1(2437)
    CCOCC1=CO1(2438)
    CC(O)CC1=CO1(2439)
    C=[C]COO[O](2440)
    [CH2]C1(O[O])CO1(2441)
    [O]OC[C]1CO1(2442)
    C[CH]CC[C]1CO1(2443)
    [CH2]C1(C[CH]C)CO1(2444)
    [CH2]C(C)C[C]1CO1(2445)
    [CH2]C(C)C1([CH2])CO1(2446)
    C=CCC1(C)CO1(2447)
    C=CCCC1CO1(2448)
    CC(C)CC1=CO1(2449)
    CCCCC1=CO1(2450)
    CC[CH]CC[C]1CO1(2451)
    [CH2]C1(C[CH]CC)CO1(2452)
    [CH2]C(CC)C[C]1CO1(2453)
    [CH2]C(CC)C1([CH2])CO1(2454)
    CC=CCC1(C)CO1(2455)
    CC=CCCC1CO1(2456)
    CCC(C)CC1=CO1(2457)
    CCCCCC1=CO1(2458)
    C=CC1(CO)CO1(2459)
    C=CCC1(O)CO1(2460)
    O[CH]CC[C]1CO1(2461)
    [CH2]C1(C[CH]O)CO1(2462)
    [CH2]C(O)C[C]1CO1(2463)
    [CH2]C(O)C1([CH2])CO1(2464)
    CC1(CC=O)CO1(2465)
    O=CCCC1CO1(2466)
    OCCCC1=CO1(2467)
Added 7 new core reactions
    CH2(S)(24) + CH2CO(28) <=> C=C1CO1(2051)
    CH2(T)(17) + C2H4(30) <=> CH3(18) + C2H3(29)
    CH2OH(34) + CH3CO(35) <=> CH3OH(26) + CH2CO(28)
    CH2OH(34) + CH2CHO(36) <=> CH3OH(26) + CH2CO(28)
    CH3O(27) + CH3CO(35) <=> CH3OH(26) + CH2CO(28)
    CH3O(27) + CH2CHO(36) <=> CH3OH(26) + CH2CO(28)
    HCCO(20) + C2H6(32) <=> CH2CO(28) + C2H5(33)
Created 197 new edge reactions
    O(S)(1905) + C=C=C(1236) <=> C=C1CO1(2051)
    [CH2]O[C]=C(2378) <=> C=C1CO1(2051)
    C=[C]C[O](2379) <=> C=C1CO1(2051)
    [CH2]C1[CH]O1(2380) <=> C=C1CO1(2051)
    C[C]1[CH]O1(2381) <=> C=C1CO1(2051)
    H(3) + C=C1[CH]O1(2382) <=> C=C1CO1(2051)
    H(3) + [CH]=C1CO1(2383) <=> C=C1CO1(2051)
    [CH]C1CO1(2384) <=> C=C1CO1(2051)
    C=C1CO1(2051) <=> O=C1CC1(2062)
    H(3) + [CH2]C1CO1(2385) <=> H2(6) + C=C1CO1(2051)
    H(3) + C[C]1CO1(2386) <=> H2(6) + C=C1CO1(2051)
    H2O(7) + C=C1CO1(2051) <=> OCC1CO1(2387)
    H2O(7) + C=C1CO1(2051) <=> CC1(O)CO1(2388)
    OH(5) + [CH2]C1CO1(2385) <=> H2O(7) + C=C1CO1(2051)
    OH(5) + C[C]1CO1(2386) <=> H2O(7) + C=C1CO1(2051)
    HO2(10) + [CH2]C1CO1(2385) <=> H2O2(11) + C=C1CO1(2051)
    HO2(10) + C[C]1CO1(2386) <=> H2O2(11) + C=C1CO1(2051)
    CO(12) + C=C1CO1(2051) <=> C=C1OC1C=O(2389)
    CO(12) + C=C1CO1(2051) <=> O=CC=C1CO1(2390)
    HCO(14) + C=C1[CH]O1(2382) <=> CO(12) + C=C1CO1(2051)
    HCO(14) + [CH]=C1CO1(2383) <=> CO(12) + C=C1CO1(2051)
    [C-]=[O+]CC1=CO1(2391) <=> CO(12) + C=C1CO1(2051)
    [OH+]=[C-]CC1=CO1(2392) <=> CO(12) + C=C1CO1(2051)
    CO2(13) + C=C1CO1(2051) <=> C=C1OC1OC=O(2393)
    CO2(13) + C=C1CO1(2051) <=> O=COC=C1CO1(2394)
    CO2(13) + C=C1CO1(2051) <=> C=C1OC1C(=O)O(2395)
    CO2(13) + C=C1CO1(2051) <=> O=C(O)C=C1CO1(2396)
    [O]C(=O)C[C]1CO1(2397) <=> CO2(13) + C=C1CO1(2051)
    [CH2]C1(C([O])=O)CO1(2398) <=> CO2(13) + C=C1CO1(2051)
    O=[C]OC[C]1CO1(2399) <=> CO2(13) + C=C1CO1(2051)
    [CH2]C1(O[C]=O)CO1(2400) <=> CO2(13) + C=C1CO1(2051)
    HOCO(102) + C=C1[CH]O1(2382) <=> CO2(13) + C=C1CO1(2051)
    HOCO(102) + [CH]=C1CO1(2383) <=> CO2(13) + C=C1CO1(2051)
    [O]C=O(103) + C=C1[CH]O1(2382) <=> CO2(13) + C=C1CO1(2051)
    [O]C=O(103) + [CH]=C1CO1(2383) <=> CO2(13) + C=C1CO1(2051)
    O=COCC1=CO1(2401) <=> CO2(13) + C=C1CO1(2051)
    O=C(O)CC1=CO1(2402) <=> CO2(13) + C=C1CO1(2051)
    [CH](107) + C2H5(33) <=> CH2(T)(17) + C2H4(30)
    CH2(T)(17) + C2H4(30) <=> [CH2]C[CH2](146)
    [O]CC[C]1CO1(2403) <=> CH2O(19) + C=C1CO1(2051)
    [CH2]C1(C[O])CO1(2404) <=> CH2O(19) + C=C1CO1(2051)
    [CH2]OC[C]1CO1(2405) <=> CH2O(19) + C=C1CO1(2051)
    [CH2]OC1([CH2])CO1(2406) <=> CH2O(19) + C=C1CO1(2051)
    CH2O(19) + C=C1CO1(2051) <=> C1CC2(CO2)O1(2407)
    CH2O(19) + C=C1CO1(2051) <=> C1OCC12CO2(2408)
    HCO(14) + [CH2]C1CO1(2385) <=> CH2O(19) + C=C1CO1(2051)
    HCO(14) + C[C]1CO1(2386) <=> CH2O(19) + C=C1CO1(2051)
    CH2OH(34) + C=C1[CH]O1(2382) <=> CH2O(19) + C=C1CO1(2051)
    CH2OH(34) + [CH]=C1CO1(2383) <=> CH2O(19) + C=C1CO1(2051)
    CH3O(27) + C=C1[CH]O1(2382) <=> CH2O(19) + C=C1CO1(2051)
    CH3O(27) + [CH]=C1CO1(2383) <=> CH2O(19) + C=C1CO1(2051)
    COCC1=CO1(2409) <=> CH2O(19) + C=C1CO1(2051)
    OCCC1=CO1(2410) <=> CH2O(19) + C=C1CO1(2051)
    CH3OH(26) + CH2CO(28) <=> COC(C)=O(330)
    CH3OH(26) + CH2CO(28) <=> COCC=O(1764)
    CH3OH(26) + CH2CO(28) <=> CCC(=O)O(331)
    CH3OH(26) + CH2CO(28) <=> CC(=O)CO(2411)
    CH2OH(34) + C=[C]O(69) <=> CH3OH(26) + CH2CO(28)
    CH3O(27) + C=[C]O(69) <=> CH3OH(26) + CH2CO(28)
    C=[C]O(69) + [CH]C(65) <=> CH2CO(28) + C2H5(33)
    C=[C]O(69) + [CH2][CH2](66) <=> CH2CO(28) + C2H5(33)
    CH3CO(35) + [CH]C(65) <=> CH2CO(28) + C2H5(33)
    CH3CO(35) + [CH2][CH2](66) <=> CH2CO(28) + C2H5(33)
    CH2CHO(36) + [CH]C(65) <=> CH2CO(28) + C2H5(33)
    CH2CHO(36) + [CH2][CH2](66) <=> CH2CO(28) + C2H5(33)
    CH2CO(28) + C2H5(33) <=> C=[C]OCC(2412)
    CH2CO(28) + C2H5(33) <=> CCC[C]=O(180)
    CH2CO(28) + C2H5(33) <=> C=C([O])CC(2093)
    C=C([O])C[C]1CO1(2413) <=> CH2CO(28) + C=C1CO1(2051)
    [CH2]C1(C(=C)[O])CO1(2414) <=> CH2CO(28) + C=C1CO1(2051)
    C=[C]OC[C]1CO1(2415) <=> CH2CO(28) + C=C1CO1(2051)
    [CH2]C1(O[C]=C)CO1(2416) <=> CH2CO(28) + C=C1CO1(2051)
    O=[C]CC[C]1CO1(2417) <=> CH2CO(28) + C=C1CO1(2051)
    [CH2]C1(C[C]=O)CO1(2418) <=> CH2CO(28) + C=C1CO1(2051)
    CH2CO(28) + C=C1CO1(2051) <=> O=C1CCC12CO2(2419)
    CH2CO(28) + C=C1CO1(2051) <=> O=C1CC2(CO2)C1(2420)
    HCCO(20) + [CH2]C1CO1(2385) <=> CH2CO(28) + C=C1CO1(2051)
    HCCO(20) + C[C]1CO1(2386) <=> CH2CO(28) + C=C1CO1(2051)
    C=[C]O(69) + C=C1[CH]O1(2382) <=> CH2CO(28) + C=C1CO1(2051)
    C=[C]O(69) + [CH]=C1CO1(2383) <=> CH2CO(28) + C=C1CO1(2051)
    CH3CO(35) + C=C1[CH]O1(2382) <=> CH2CO(28) + C=C1CO1(2051)
    CH3CO(35) + [CH]=C1CO1(2383) <=> CH2CO(28) + C=C1CO1(2051)
    CH2CHO(36) + C=C1[CH]O1(2382) <=> CH2CO(28) + C=C1CO1(2051)
    CH2CHO(36) + [CH]=C1CO1(2383) <=> CH2CO(28) + C=C1CO1(2051)
    C#COC1(C)CO1(2421) <=> CH2CO(28) + C=C1CO1(2051)
    C#COCC1CO1(2422) <=> CH2CO(28) + C=C1CO1(2051)
    C=COCC1=CO1(2423) <=> CH2CO(28) + C=C1CO1(2051)
    O=CCCC1=CO1(2424) <=> CH2CO(28) + C=C1CO1(2051)
    C=C(O)CC1=CO1(2425) <=> CH2CO(28) + C=C1CO1(2051)
    CC(=O)CC1=CO1(2426) <=> CH2CO(28) + C=C1CO1(2051)
    [CH2]CC[C]1CO1(2427) <=> C2H4(30) + C=C1CO1(2051)
    [CH2]CC1([CH2])CO1(2428) <=> C2H4(30) + C=C1CO1(2051)
    C2H3(29) + [CH2]C1CO1(2385) <=> C2H4(30) + C=C1CO1(2051)
    C2H3(29) + C[C]1CO1(2386) <=> C2H4(30) + C=C1CO1(2051)
    C2H5(33) + C=C1[CH]O1(2382) <=> C2H4(30) + C=C1CO1(2051)
    C2H5(33) + [CH]=C1CO1(2383) <=> C2H4(30) + C=C1CO1(2051)
    CCCC1=CO1(2429) <=> C2H4(30) + C=C1CO1(2051)
    CH3(18) + [CH2]C1CO1(2385) <=> CH4(31) + C=C1CO1(2051)
    CH3(18) + C[C]1CO1(2386) <=> CH4(31) + C=C1CO1(2051)
    C2H5(33) + [CH2]C1CO1(2385) <=> C2H6(32) + C=C1CO1(2051)
    C2H5(33) + C[C]1CO1(2386) <=> C2H6(32) + C=C1CO1(2051)
    CC([O])C[C]1CO1(2430) <=> CH3CHO(37) + C=C1CO1(2051)
    [CH2]C1(C(C)[O])CO1(2431) <=> CH3CHO(37) + C=C1CO1(2051)
    C[CH]OC[C]1CO1(2432) <=> CH3CHO(37) + C=C1CO1(2051)
    [CH2]C1(O[CH]C)CO1(2433) <=> CH3CHO(37) + C=C1CO1(2051)
    CH3CHO(37) + C=C1CO1(2051) <=> CC1CC2(CO2)O1(2434)
    CH3CHO(37) + C=C1CO1(2051) <=> CC1OCC12CO2(2435)
    CH2CHO(36) + [CH2]C1CO1(2385) <=> CH3CHO(37) + C=C1CO1(2051)
    CH2CHO(36) + C[C]1CO1(2386) <=> CH3CHO(37) + C=C1CO1(2051)
    CH3CO(35) + [CH2]C1CO1(2385) <=> CH3CHO(37) + C=C1CO1(2051)
    CH3CO(35) + C[C]1CO1(2386) <=> CH3CHO(37) + C=C1CO1(2051)
    CH3CHOH(133) + C=C1[CH]O1(2382) <=> CH3CHO(37) + C=C1CO1(2051)
    CH3CHOH(133) + [CH]=C1CO1(2383) <=> CH3CHO(37) + C=C1CO1(2051)
    CH3CH2O(134) + C=C1[CH]O1(2382) <=> CH3CHO(37) + C=C1CO1(2051)
    CH3CH2O(134) + [CH]=C1CO1(2383) <=> CH3CHO(37) + C=C1CO1(2051)
    C=COC1(C)CO1(2436) <=> CH3CHO(37) + C=C1CO1(2051)
    C=COCC1CO1(2437) <=> CH3CHO(37) + C=C1CO1(2051)
    CCOCC1=CO1(2438) <=> CH3CHO(37) + C=C1CO1(2051)
    CC(O)CC1=CO1(2439) <=> CH3CHO(37) + C=C1CO1(2051)
    [CH2]C1CO1(2385) + CCCC[CH]CCCCCCC(43) <=> C=C1CO1(2051) + C12H24(1)
    C[C]1CO1(2386) + CCCC[CH]CCCCCCC(43) <=> C=C1CO1(2051) + C12H24(1)
    [CH2]C1CO1(2385) + CCCCC[CH]CCCCCC(45) <=> C=C1CO1(2051) + C12H24(1)
    C[C]1CO1(2386) + CCCCC[CH]CCCCCC(45) <=> C=C1CO1(2051) + C12H24(1)
    [CH2]C1CO1(2385) + CCC[CH]CCCCCCCC(48) <=> C=C1CO1(2051) + C12H24(1)
    C[C]1CO1(2386) + CCC[CH]CCCCCCCC(48) <=> C=C1CO1(2051) + C12H24(1)
    [CH2]C1CO1(2385) + CC[CH]CCCCCCCCC(50) <=> C=C1CO1(2051) + C12H24(1)
    C[C]1CO1(2386) + CC[CH]CCCCCCCCC(50) <=> C=C1CO1(2051) + C12H24(1)
    [CH2]C1CO1(2385) + C[CH]CCCCCCCCCC(52) <=> C=C1CO1(2051) + C12H24(1)
    C[C]1CO1(2386) + C[CH]CCCCCCCCCC(52) <=> C=C1CO1(2051) + C12H24(1)
    [CH2]C1CO1(2385) + [CH2]CCCCCCCCCCC(53) <=> C=C1CO1(2051) + C12H24(1)
    C[C]1CO1(2386) + [CH2]CCCCCCCCCCC(53) <=> C=C1CO1(2051) + C12H24(1)
    C=[C]COO[O](2440) <=> O2(2) + C=C1CO1(2051)
    [CH2]C(=C)OO[O](2195) <=> O2(2) + C=C1CO1(2051)
    HO2(10) + C=C1[CH]O1(2382) <=> O2(2) + C=C1CO1(2051)
    O2(2) + C=C1CO1(2051) <=> HO2(10) + [CH]=C1CO1(2383)
    O2(2) + C=C1CO1(2051) <=> [CH2]C1(O[O])CO1(2441)
    O2(2) + C=C1CO1(2051) <=> [O]OC[C]1CO1(2442)
    C[CH]CC[C]1CO1(2443) <=> C=C1CO1(2051) + C=CC(158)
    [CH2]C1(C[CH]C)CO1(2444) <=> C=C1CO1(2051) + C=CC(158)
    [CH2]C(C)C[C]1CO1(2445) <=> C=C1CO1(2051) + C=CC(158)
    [CH2]C(C)C1([CH2])CO1(2446) <=> C=C1CO1(2051) + C=CC(158)
    [CH2]C=C(643) + [CH2]C1CO1(2385) <=> C=C1CO1(2051) + C=CC(158)
    [CH2]C=C(643) + C[C]1CO1(2386) <=> C=C1CO1(2051) + C=CC(158)
    C=[C]C(644) + [CH2]C1CO1(2385) <=> C=C1CO1(2051) + C=CC(158)
    C=[C]C(644) + C[C]1CO1(2386) <=> C=C1CO1(2051) + C=CC(158)
    [CH]=CC(374) + [CH2]C1CO1(2385) <=> C=C1CO1(2051) + C=CC(158)
    [CH]=CC(374) + C[C]1CO1(2386) <=> C=C1CO1(2051) + C=CC(158)
    C=C1[CH]O1(2382) + [CH2]CC(47) <=> C=C1CO1(2051) + C=CC(158)
    [CH]=C1CO1(2383) + [CH2]CC(47) <=> C=C1CO1(2051) + C=CC(158)
    C=C1[CH]O1(2382) + C[CH]C(160) <=> C=C1CO1(2051) + C=CC(158)
    [CH]=C1CO1(2383) + C[CH]C(160) <=> C=C1CO1(2051) + C=CC(158)
    C=CCC1(C)CO1(2447) <=> C=C1CO1(2051) + C=CC(158)
    C=CCCC1CO1(2448) <=> C=C1CO1(2051) + C=CC(158)
    CC(C)CC1=CO1(2449) <=> C=C1CO1(2051) + C=CC(158)
    CCCCC1=CO1(2450) <=> C=C1CO1(2051) + C=CC(158)
    CC[CH]CC[C]1CO1(2451) <=> C=C1CO1(2051) + C=CCC(466)
    [CH2]C1(C[CH]CC)CO1(2452) <=> C=C1CO1(2051) + C=CCC(466)
    [CH2]C(CC)C[C]1CO1(2453) <=> C=C1CO1(2051) + C=CCC(466)
    [CH2]C(CC)C1([CH2])CO1(2454) <=> C=C1CO1(2051) + C=CCC(466)
    [CH2]C1CO1(2385) + C=C[CH]C(1344) <=> C=C1CO1(2051) + C=CCC(466)
    C[C]1CO1(2386) + C=C[CH]C(1344) <=> C=C1CO1(2051) + C=CCC(466)
    [CH2]C1CO1(2385) + [CH2]CC=C(538) <=> C=C1CO1(2051) + C=CCC(466)
    C[C]1CO1(2386) + [CH2]CC=C(538) <=> C=C1CO1(2051) + C=CCC(466)
    [CH2]C1CO1(2385) + C=[C]CC(1345) <=> C=C1CO1(2051) + C=CCC(466)
    C[C]1CO1(2386) + C=[C]CC(1345) <=> C=C1CO1(2051) + C=CCC(466)
    [CH2]C1CO1(2385) + [CH]=CCC(1346) <=> C=C1CO1(2051) + C=CCC(466)
    C[C]1CO1(2386) + [CH]=CCC(1346) <=> C=C1CO1(2051) + C=CCC(466)
    C=C1[CH]O1(2382) + [CH2]CCC(41) <=> C=C1CO1(2051) + C=CCC(466)
    [CH]=C1CO1(2383) + [CH2]CCC(41) <=> C=C1CO1(2051) + C=CCC(466)
    C=C1[CH]O1(2382) + C[CH]CC(469) <=> C=C1CO1(2051) + C=CCC(466)
    [CH]=C1CO1(2383) + C[CH]CC(469) <=> C=C1CO1(2051) + C=CCC(466)
    CC=CCC1(C)CO1(2455) <=> C=C1CO1(2051) + C=CCC(466)
    CC=CCCC1CO1(2456) <=> C=C1CO1(2051) + C=CCC(466)
    CCC(C)CC1=CO1(2457) <=> C=C1CO1(2051) + C=CCC(466)
    CCCCCC1=CO1(2458) <=> C=C1CO1(2051) + C=CCC(466)
    C2H3OH(72) + C=C1CO1(2051) <=> C=COCC1CO1(2437)
    C2H3OH(72) + C=C1CO1(2051) <=> C=COC1(C)CO1(2436)
    C2H3OH(72) + C=C1CO1(2051) <=> C=CC1(CO)CO1(2459)
    C2H3OH(72) + C=C1CO1(2051) <=> C=CCC1(O)CO1(2460)
    O[CH]CC[C]1CO1(2461) <=> C2H3OH(72) + C=C1CO1(2051)
    [CH2]C1(C[CH]O)CO1(2462) <=> C2H3OH(72) + C=C1CO1(2051)
    [CH2]C(O)C[C]1CO1(2463) <=> C2H3OH(72) + C=C1CO1(2051)
    [CH2]C(O)C1([CH2])CO1(2464) <=> C2H3OH(72) + C=C1CO1(2051)
    C=[C]O(69) + [CH2]C1CO1(2385) <=> C2H3OH(72) + C=C1CO1(2051)
    C=[C]O(69) + C[C]1CO1(2386) <=> C2H3OH(72) + C=C1CO1(2051)
    [CH]=CO(70) + [CH2]C1CO1(2385) <=> C2H3OH(72) + C=C1CO1(2051)
    [CH]=CO(70) + C[C]1CO1(2386) <=> C2H3OH(72) + C=C1CO1(2051)
    CH2CHO(36) + [CH2]C1CO1(2385) <=> C2H3OH(72) + C=C1CO1(2051)
    CH2CHO(36) + C[C]1CO1(2386) <=> C2H3OH(72) + C=C1CO1(2051)
    CH2CH2OH(241) + C=C1[CH]O1(2382) <=> C2H3OH(72) + C=C1CO1(2051)
    CH2CH2OH(241) + [CH]=C1CO1(2383) <=> C2H3OH(72) + C=C1CO1(2051)
    CH3CHOH(133) + C=C1[CH]O1(2382) <=> C2H3OH(72) + C=C1CO1(2051)
    CH3CHOH(133) + [CH]=C1CO1(2383) <=> C2H3OH(72) + C=C1CO1(2051)
    CC1(CC=O)CO1(2465) <=> C2H3OH(72) + C=C1CO1(2051)
    O=CCCC1CO1(2466) <=> C2H3OH(72) + C=C1CO1(2051)
    CC(O)CC1=CO1(2439) <=> C2H3OH(72) + C=C1CO1(2051)
    OCCCC1=CO1(2467) <=> C2H3OH(72) + C=C1CO1(2051)

After model enlargement:
    The model core has 74 species and 872 reactions
    The model edge has 2392 species and 6913 reactions


Saving current model core to Chemkin file...
Chemkin file contains 879 reactions.
Saving annotated version of Chemkin file...
Chemkin file contains 879 reactions.
Saving current model core and edge to Chemkin file...
Chemkin file contains 7792 reactions.
Saving annotated version of Chemkin file...
Chemkin file contains 7792 reactions.
Saving current model core to HTML file...
Saving current model edge to HTML file...
Updating RMG execution statistics...
    Execution time (DD:HH:MM:SS): 00:00:04:23
    Memory used: 1001.58 MB

Making seed mechanism...
Conducting simulation of reaction system 1...
At time 1.4901e-06 s, species O=C1CC1(2062) at 0.10484179969967655 exceeded the minimum rate for simulation interruption of 0.1
At time 1.4901e-06 s, species O=C1CC1(2062) at rate ratio 0.10484179969967655 exceeded the minimum rate for moving to model core of 0.1
terminating simulation due to interrupt...


Adding species O=C1CC1(2062) to model core

Summary of Model Enlargement
---------------------------------
Added 1 new core species
    O=C1CC1(2062)
Created 0 new edge species
Moved 2 reactions from edge to core
    [CH2]C(=C)[O](2054) <=> O=C1CC1(2062)
    C=C1CO1(2051) <=> O=C1CC1(2062)
Added 0 new core reactions
Created 0 new edge reactions

After model enlargement:
    The model core has 75 species and 874 reactions
    The model edge has 2391 species and 6911 reactions


At time 6.1792e-05 s, reached target termination conversion: 0.900000 of C12H24(1)
    C12H24(1) conversion: 0.9006    

For reaction generation 1 process is used.
Generating thermo for new species...
Generating kinetics for new reactions...
For reaction OH(5) + O=C1CC1(2062) <=> OO[C]1CC1(2053), Ea raised from 92.1 to 97.8 kJ/mol to match endothermicity of reaction.
For reaction HO2(10) + O=C1CC1(2062) <=> OOO[C]1CC1(2477), Ea raised from 153.8 to 159.4 kJ/mol to match endothermicity of reaction.
For reaction O2(2) + O=C1CC1(2062) <=> [O]OO[C]1CC1(2531), Ea raised from 317.1 to 322.5 kJ/mol to match endothermicity of reaction.
For reaction O2(2) + O=C1CC1(2062) <=> [O]OC1([O])CC1(2532), Ea raised from 115.2 to 119.8 kJ/mol to match endothermicity of reaction.
For reaction [O]OC=O(106) + O=C1CC1(2062) <=> O=COOO[C]1CC1(2599), Ea raised from 109.1 to 115.0 kJ/mol to match endothermicity of reaction.
For reaction O=C1CC1(2062) + [CH2]C(=C)[O](2054) <=> [CH2]C(=C)OO[C]1CC1(2638), Ea raised from 254.9 to 259.5 kJ/mol to match endothermicity of reaction.
For reaction O=C1CC1(2062) + [CH2]C(=C)[O](2054) <=> [CH2]C1([CH2])OOC12CC2(2644), Ea raised from 330.1 to 334.1 kJ/mol to match endothermicity of reaction.

Summary of Secondary Model Edge Enlargement
---------------------------------
Added 0 new core species
Created 187 new edge species
    [CH2]C[C]=O(2468)
    [O]C1[CH]C1(2469)
    O[C]1[CH]C1(2470)
    O=C1[CH]C1(2471)
    OC1=CC1(2472)
    O[C]1CC1(2473)
    [O]C1CC1(2474)
    [O]C1(O)CC1(2475)
    [O]OC1(O)CC1(2476)
    OOO[C]1CC1(2477)
    [O]C1(OO)CC1(2478)
    O=CC1CC1=O(2479)
    [C-]=[O+]OC1=CC1(2480)
    [OH+]=[C-]OC1=CC1(2481)
    O=COC1CC1=O(2482)
    O=C(O)C1CC1=O(2483)
    [O]C(=O)C1([O])CC1(2484)
    [O]C(=O)O[C]1CC1(2485)
    [O]C1(O[C]=O)CC1(2486)
    O=[C]OO[C]1CC1(2487)
    O=COOC1=CC1(2488)
    O=C(O)OC1=CC1(2489)
    CO[C]1CC1(2490)
    CC1([O])CC1(2491)
    [O]CC1([O])CC1(2492)
    [O]CO[C]1CC1(2493)
    [CH2]OC1([O])CC1(2494)
    [CH2]OO[C]1CC1(2495)
    C1CC12COO2(2496)
    C1OC2(CC2)O1(2497)
    COOC1=CC1(2498)
    OCOC1=CC1(2499)
    [CH]=CC1([O])CC1(2500)
    [CH]=CO[C]1CC1(2501)
    C=COC1=CC1(2502)
    C=C([O])C1([O])CC1(2503)
    C=C([O])O[C]1CC1(2504)
    C=[C]OC1([O])CC1(2505)
    C=[C]OO[C]1CC1(2506)
    [O]C1(C[C]=O)CC1(2507)
    O=[C]CO[C]1CC1(2508)
    O=C1CC2(CC2)O1(2509)
    O=C1COC12CC2(2510)
    C#COOC1CC1(2511)
    C#COC1(O)CC1(2512)
    C=COOC1=CC1(2513)
    O=CCOC1=CC1(2514)
    C=C(O)OC1=CC1(2515)
    CC(=O)OC1=CC1(2516)
    [CH2]CC1([O])CC1(2517)
    [CH2]CO[C]1CC1(2518)
    C1CC2(CC2)O1(2519)
    CCOC1=CC1(2520)
    CC([O])C1([O])CC1(2521)
    CC([O])O[C]1CC1(2522)
    C[CH]OC1([O])CC1(2523)
    C[CH]OO[C]1CC1(2524)
    CC1OOC12CC2(2525)
    CC1OC2(CC2)O1(2526)
    C=COOC1CC1(2527)
    C=COC1(O)CC1(2528)
    CCOOC1=CC1(2529)
    CC(O)OC1=CC1(2530)
    [O]OO[C]1CC1(2531)
    [O]OC1([O])CC1(2532)
    C[CH]CC1([O])CC1(2533)
    C[CH]CO[C]1CC1(2534)
    [CH2]C(C)C1([O])CC1(2535)
    [CH2]C(C)O[C]1CC1(2536)
    CC1CC2(CC2)O1(2537)
    CC1COC12CC2(2538)
    C=CCOC1CC1(2539)
    C=CCC1(O)CC1(2540)
    CC(C)OC1=CC1(2541)
    CCCOC1=CC1(2542)
    CCCCCCC[CH]CC1([O])CC1(2543)
    CCCCCCC[CH]CO[C]1CC1(2544)
    [CH2]C(CCCCCCC)C1([O])CC1(2545)
    [CH2]C(CCCCCCC)O[C]1CC1(2546)
    CCCCCCCC1CC2(CC2)O1(2547)
    CCCCCCCC1COC12CC2(2548)
    CCCCCCC=CCOC1CC1(2549)
    CCCCCCC=CCC1(O)CC1(2550)
    CCCCCCCC(C)OC1=CC1(2551)
    CCCCCCCCCOC1=CC1(2552)
    CCCC[CH]CC1([O])CC1(2553)
    CCCC[CH]CO[C]1CC1(2554)
    [CH2]C(CCCC)C1([O])CC1(2555)
    [CH2]C(CCCC)O[C]1CC1(2556)
    CCCCC1CC2(CC2)O1(2557)
    CCCCC1COC12CC2(2558)
    CCCC=CCOC1CC1(2559)
    CCCC=CCC1(O)CC1(2560)
    CCCCC(C)OC1=CC1(2561)
    CCCCCCOC1=CC1(2562)
    CCCCC[CH]CC1([O])CC1(2563)
    CCCCC[CH]CO[C]1CC1(2564)
    [CH2]C(CCCCC)C1([O])CC1(2565)
    [CH2]C(CCCCC)O[C]1CC1(2566)
    CCCCCC1CC2(CC2)O1(2567)
    CCCCCC1COC12CC2(2568)
    CCCCC=CCOC1CC1(2569)
    CCCCC=CCC1(O)CC1(2570)
    CCCCCC(C)OC1=CC1(2571)
    CCCCCCCOC1=CC1(2572)
    [CH2][CH]CC1([O])CC1(2573)
    [CH2][CH]CO[C]1CC1(2574)
    [CH2]C([CH2])C1([O])CC1(2575)
    [CH2]C([CH2])O[C]1CC1(2576)
    [CH2]C1CC2(CC2)O1(2577)
    [CH2]C1COC12CC2(2578)
    C=CCO[C]1CC1(2579)
    C=CCC1([O])CC1(2580)
    [CH2]C(C)OC1=CC1(2581)
    [CH2]CCOC1=CC1(2582)
    CC[CH]CC1([O])CC1(2583)
    CC[CH]CO[C]1CC1(2584)
    [CH2]C(CC)C1([O])CC1(2585)
    [CH2]C(CC)O[C]1CC1(2586)
    CCC1CC2(CC2)O1(2587)
    CCC1COC12CC2(2588)
    CC=CCOC1CC1(2589)
    CC=CCC1(O)CC1(2590)
    CCC(C)OC1=CC1(2591)
    CCCCOC1=CC1(2592)
    [O]OC([O])C1([O])CC1(2593)
    [O]OC([O])O[C]1CC1(2594)
    [O]O[CH]OC1([O])CC1(2595)
    [O]O[CH]OO[C]1CC1(2596)
    [O]OC1OOC12CC2(2597)
    [O]OC1OC2(CC2)O1(2598)
    O=COOO[C]1CC1(2599)
    [O]C1(OOC=O)CC1(2600)
    [O]OCOOC1=CC1(2601)
    [O]OC(O)OC1=CC1(2602)
    C=CCC[CH]CC1([O])CC1(2603)
    C=CCC[CH]CO[C]1CC1(2604)
    [CH2]C(CCC=C)C1([O])CC1(2605)
    [CH2]C(CCC=C)O[C]1CC1(2606)
    C=CCCC1CC2(CC2)O1(2607)
    C=CCCC1COC12CC2(2608)
    C=CCC=CCOC1CC1(2609)
    C=CCC=CCC1(O)CC1(2610)
    C=CCCC(C)OC1=CC1(2611)
    C=CCCCCOC1=CC1(2612)
    [O]C1(C[CH]O)CC1(2613)
    O[CH]CO[C]1CC1(2614)
    [CH2]C(O)C1([O])CC1(2615)
    [CH2]C(O)O[C]1CC1(2616)
    OC1CC2(CC2)O1(2617)
    OC1COC12CC2(2618)
    O=CCOC1CC1(2619)
    O=CCC1(O)CC1(2620)
    OCCOC1=CC1(2621)
    [CH2]C(=C)C1([O])CC1(2622)
    [CH2]C(=C)O[C]1CC1(2623)
    C=[C]CC1([O])CC1(2624)
    C=[C]CO[C]1CC1(2625)
    C#CCOC1CC1(2626)
    C#CCC1(O)CC1(2627)
    C=CCOC1=CC1(2628)
    C=C(C)OC1=CC1(2629)
    [CH2][C]([O])CC1([O])CC1(2630)
    [CH2][C]([O])CO[C]1CC1(2631)
    [CH2]C([CH2])([O])C1([O])CC1(2632)
    [CH2]C([CH2])([O])O[C]1CC1(2633)
    [CH2]C1([O])CC2(CC2)O1(2634)
    [CH2]C1([O])COC12CC2(2635)
    C=C([O])CO[C]1CC1(2636)
    C=C([O])CC1([O])CC1(2637)
    [CH2]C(=C)OO[C]1CC1(2638)
    [CH2]C(=C)OC1([O])CC1(2639)
    [CH2]C(C)([O])OC1=CC1(2640)
    [CH2]C([O])COC1=CC1(2641)
    [CH2][C]([CH2])OC1([O])CC1(2642)
    [CH2][C]([CH2])OO[C]1CC1(2643)
    [CH2]C1([CH2])OOC12CC2(2644)
    [CH2]C1([CH2])OC2(CC2)O1(2645)
    [CH2]C([CH2])OOC1=CC1(2646)
    [CH2]C([CH2])(O)OC1=CC1(2647)
    [O]C1(C2([O])CC2)CC1(2648)
    [O]C1(O[C]2CC2)CC1(2649)
    C1C[C]1OO[C]1CC1(2650)
    C1CC12OOC21CC1(2651)
    C1CC12OC1(CC1)O2(2652)
    C1=C(OOC2CC2)C1(2653)
    OC1(OC2=CC2)CC1(2654)
Added 1 new core reactions
    CH2(S)(24) + CH2CO(28) <=> O=C1CC1(2062)
Created 362 new edge reactions
    [CH2]C[C]=O(2468) <=> O=C1CC1(2062)
    [O]C1[CH]C1(2469) <=> O=C1CC1(2062)
    O[C]1[CH]C1(2470) <=> O=C1CC1(2062)
    H(3) + O=C1[CH]C1(2471) <=> O=C1CC1(2062)
    OC1=CC1(2472) <=> O=C1CC1(2062)
    O(4) + O[C]1CC1(2473) <=> OH(5) + O=C1CC1(2062)
    O(4) + [O]C1CC1(2474) <=> OH(5) + O=C1CC1(2062)
    OH(5) + O=C1CC1(2062) <=> H2O(7) + O=C1[CH]C1(2471)
    OH(5) + O=C1CC1(2062) <=> OO[C]1CC1(2053)
    OH(5) + O=C1CC1(2062) <=> [O]C1(O)CC1(2475)
    H(3) + O[C]1CC1(2473) <=> H2(6) + O=C1CC1(2062)
    H(3) + [O]C1CC1(2474) <=> H2(6) + O=C1CC1(2062)
    OH(5) + O[C]1CC1(2473) <=> H2O(7) + O=C1CC1(2062)
    OH(5) + [O]C1CC1(2474) <=> H2O(7) + O=C1CC1(2062)
    O2(2) + O[C]1CC1(2473) <=> HO2(10) + O=C1CC1(2062)
    O2(2) + [O]C1CC1(2474) <=> HO2(10) + O=C1CC1(2062)
    [O]OC1(O)CC1(2476) <=> HO2(10) + O=C1CC1(2062)
    H2O2(11) + O=C1[CH]C1(2471) <=> HO2(10) + O=C1CC1(2062)
    HO2(10) + O=C1CC1(2062) <=> OOO[C]1CC1(2477)
    HO2(10) + O=C1CC1(2062) <=> [O]C1(OO)CC1(2478)
    HO2(10) + O[C]1CC1(2473) <=> H2O2(11) + O=C1CC1(2062)
    HO2(10) + [O]C1CC1(2474) <=> H2O2(11) + O=C1CC1(2062)
    CO(12) + O=C1CC1(2062) <=> O=CC1CC1=O(2479)
    HCO(14) + O=C1[CH]C1(2471) <=> CO(12) + O=C1CC1(2062)
    [C-]=[O+]OC1=CC1(2480) <=> CO(12) + O=C1CC1(2062)
    [OH+]=[C-]OC1=CC1(2481) <=> CO(12) + O=C1CC1(2062)
    CO2(13) + O=C1CC1(2062) <=> O=COC1CC1=O(2482)
    CO2(13) + O=C1CC1(2062) <=> O=C(O)C1CC1=O(2483)
    [O]C(=O)C1([O])CC1(2484) <=> CO2(13) + O=C1CC1(2062)
    [O]C(=O)O[C]1CC1(2485) <=> CO2(13) + O=C1CC1(2062)
    [O]C1(O[C]=O)CC1(2486) <=> CO2(13) + O=C1CC1(2062)
    O=[C]OO[C]1CC1(2487) <=> CO2(13) + O=C1CC1(2062)
    HOCO(102) + O=C1[CH]C1(2471) <=> CO2(13) + O=C1CC1(2062)
    [O]C=O(103) + O=C1[CH]C1(2471) <=> CO2(13) + O=C1CC1(2062)
    O=COOC1=CC1(2488) <=> CO2(13) + O=C1CC1(2062)
    O=C(O)OC1=CC1(2489) <=> CO2(13) + O=C1CC1(2062)
    CH2(T)(17) + O[C]1CC1(2473) <=> CH3(18) + O=C1CC1(2062)
    CH2(T)(17) + [O]C1CC1(2474) <=> CH3(18) + O=C1CC1(2062)
    CH3(18) + O=C1CC1(2062) <=> CH4(31) + O=C1[CH]C1(2471)
    CH3(18) + O=C1CC1(2062) <=> CO[C]1CC1(2490)
    CH3(18) + O=C1CC1(2062) <=> CC1([O])CC1(2491)
    [O]CC1([O])CC1(2492) <=> CH2O(19) + O=C1CC1(2062)
    [O]CO[C]1CC1(2493) <=> CH2O(19) + O=C1CC1(2062)
    [CH2]OC1([O])CC1(2494) <=> CH2O(19) + O=C1CC1(2062)
    [CH2]OO[C]1CC1(2495) <=> CH2O(19) + O=C1CC1(2062)
    CH2O(19) + O=C1CC1(2062) <=> C1CC12COO2(2496)
    CH2O(19) + O=C1CC1(2062) <=> C1OC2(CC2)O1(2497)
    HCO(14) + O[C]1CC1(2473) <=> CH2O(19) + O=C1CC1(2062)
    HCO(14) + [O]C1CC1(2474) <=> CH2O(19) + O=C1CC1(2062)
    CH2OH(34) + O=C1[CH]C1(2471) <=> CH2O(19) + O=C1CC1(2062)
    CH3O(27) + O=C1[CH]C1(2471) <=> CH2O(19) + O=C1CC1(2062)
    COOC1=CC1(2498) <=> CH2O(19) + O=C1CC1(2062)
    OCOC1=CC1(2499) <=> CH2O(19) + O=C1CC1(2062)
    [CH]=CC1([O])CC1(2500) <=> C2H2(22) + O=C1CC1(2062)
    [CH]=CO[C]1CC1(2501) <=> C2H2(22) + O=C1CC1(2062)
    C2H(21) + O[C]1CC1(2473) <=> C2H2(22) + O=C1CC1(2062)
    C2H(21) + [O]C1CC1(2474) <=> C2H2(22) + O=C1CC1(2062)
    C2H3(29) + O=C1[CH]C1(2471) <=> C2H2(22) + O=C1CC1(2062)
    C=COC1=CC1(2502) <=> C2H2(22) + O=C1CC1(2062)
    C=C([O])C1([O])CC1(2503) <=> CH2CO(28) + O=C1CC1(2062)
    C=C([O])O[C]1CC1(2504) <=> CH2CO(28) + O=C1CC1(2062)
    C=[C]OC1([O])CC1(2505) <=> CH2CO(28) + O=C1CC1(2062)
    C=[C]OO[C]1CC1(2506) <=> CH2CO(28) + O=C1CC1(2062)
    [O]C1(C[C]=O)CC1(2507) <=> CH2CO(28) + O=C1CC1(2062)
    O=[C]CO[C]1CC1(2508) <=> CH2CO(28) + O=C1CC1(2062)
    CH2CO(28) + O=C1CC1(2062) <=> O=C1CC2(CC2)O1(2509)
    CH2CO(28) + O=C1CC1(2062) <=> O=C1COC12CC2(2510)
    HCCO(20) + O[C]1CC1(2473) <=> CH2CO(28) + O=C1CC1(2062)
    HCCO(20) + [O]C1CC1(2474) <=> CH2CO(28) + O=C1CC1(2062)
    C=[C]O(69) + O=C1[CH]C1(2471) <=> CH2CO(28) + O=C1CC1(2062)
    CH3CO(35) + O=C1[CH]C1(2471) <=> CH2CO(28) + O=C1CC1(2062)
    CH2CHO(36) + O=C1[CH]C1(2471) <=> CH2CO(28) + O=C1CC1(2062)
    C#COOC1CC1(2511) <=> CH2CO(28) + O=C1CC1(2062)
    C#COC1(O)CC1(2512) <=> CH2CO(28) + O=C1CC1(2062)
    C=COOC1=CC1(2513) <=> CH2CO(28) + O=C1CC1(2062)
    O=CCOC1=CC1(2514) <=> CH2CO(28) + O=C1CC1(2062)
    C=C(O)OC1=CC1(2515) <=> CH2CO(28) + O=C1CC1(2062)
    CC(=O)OC1=CC1(2516) <=> CH2CO(28) + O=C1CC1(2062)
    [CH2]CC1([O])CC1(2517) <=> C2H4(30) + O=C1CC1(2062)
    [CH2]CO[C]1CC1(2518) <=> C2H4(30) + O=C1CC1(2062)
    C2H4(30) + O=C1CC1(2062) <=> C1CC2(CC2)O1(2519)
    C2H4(30) + O=C1CC1(2062) <=> C1CC2(CC2)O1(2519)
    C2H3(29) + O[C]1CC1(2473) <=> C2H4(30) + O=C1CC1(2062)
    C2H3(29) + [O]C1CC1(2474) <=> C2H4(30) + O=C1CC1(2062)
    C2H5(33) + O=C1[CH]C1(2471) <=> C2H4(30) + O=C1CC1(2062)
    CCOC1=CC1(2520) <=> C2H4(30) + O=C1CC1(2062)
    CH3(18) + O[C]1CC1(2473) <=> CH4(31) + O=C1CC1(2062)
    CH3(18) + [O]C1CC1(2474) <=> CH4(31) + O=C1CC1(2062)
    C2H5(33) + O[C]1CC1(2473) <=> C2H6(32) + O=C1CC1(2062)
    C2H5(33) + [O]C1CC1(2474) <=> C2H6(32) + O=C1CC1(2062)
    CC([O])C1([O])CC1(2521) <=> CH3CHO(37) + O=C1CC1(2062)
    CC([O])O[C]1CC1(2522) <=> CH3CHO(37) + O=C1CC1(2062)
    C[CH]OC1([O])CC1(2523) <=> CH3CHO(37) + O=C1CC1(2062)
    C[CH]OO[C]1CC1(2524) <=> CH3CHO(37) + O=C1CC1(2062)
    CH3CHO(37) + O=C1CC1(2062) <=> CC1OOC12CC2(2525)
    CH3CHO(37) + O=C1CC1(2062) <=> CC1OC2(CC2)O1(2526)
    CH2CHO(36) + O[C]1CC1(2473) <=> CH3CHO(37) + O=C1CC1(2062)
    CH2CHO(36) + [O]C1CC1(2474) <=> CH3CHO(37) + O=C1CC1(2062)
    CH3CO(35) + O[C]1CC1(2473) <=> CH3CHO(37) + O=C1CC1(2062)
    CH3CO(35) + [O]C1CC1(2474) <=> CH3CHO(37) + O=C1CC1(2062)
    CH3CHOH(133) + O=C1[CH]C1(2471) <=> CH3CHO(37) + O=C1CC1(2062)
    CH3CH2O(134) + O=C1[CH]C1(2471) <=> CH3CHO(37) + O=C1CC1(2062)
    C=COOC1CC1(2527) <=> CH3CHO(37) + O=C1CC1(2062)
    C=COC1(O)CC1(2528) <=> CH3CHO(37) + O=C1CC1(2062)
    CCOOC1=CC1(2529) <=> CH3CHO(37) + O=C1CC1(2062)
    CC(O)OC1=CC1(2530) <=> CH3CHO(37) + O=C1CC1(2062)
    O[C]1CC1(2473) + CCCC[CH]CCCCCCC(43) <=> O=C1CC1(2062) + C12H24(1)
    [O]C1CC1(2474) + CCCC[CH]CCCCCCC(43) <=> O=C1CC1(2062) + C12H24(1)
    O[C]1CC1(2473) + CCCCC[CH]CCCCCC(45) <=> O=C1CC1(2062) + C12H24(1)
    [O]C1CC1(2474) + CCCCC[CH]CCCCCC(45) <=> O=C1CC1(2062) + C12H24(1)
    O[C]1CC1(2473) + CCC[CH]CCCCCCCC(48) <=> O=C1CC1(2062) + C12H24(1)
    [O]C1CC1(2474) + CCC[CH]CCCCCCCC(48) <=> O=C1CC1(2062) + C12H24(1)
    O[C]1CC1(2473) + CC[CH]CCCCCCCCC(50) <=> O=C1CC1(2062) + C12H24(1)
    [O]C1CC1(2474) + CC[CH]CCCCCCCCC(50) <=> O=C1CC1(2062) + C12H24(1)
    O[C]1CC1(2473) + C[CH]CCCCCCCCCC(52) <=> O=C1CC1(2062) + C12H24(1)
    [O]C1CC1(2474) + C[CH]CCCCCCCCCC(52) <=> O=C1CC1(2062) + C12H24(1)
    O[C]1CC1(2473) + [CH2]CCCCCCCCCCC(53) <=> O=C1CC1(2062) + C12H24(1)
    [O]C1CC1(2474) + [CH2]CCCCCCCCCCC(53) <=> O=C1CC1(2062) + C12H24(1)
    HO2(10) + O=C1[CH]C1(2471) <=> O2(2) + O=C1CC1(2062)
    O2(2) + O=C1CC1(2062) <=> [O]OO[C]1CC1(2531)
    O2(2) + O=C1CC1(2062) <=> [O]OC1([O])CC1(2532)
    C[CH]CC1([O])CC1(2533) <=> O=C1CC1(2062) + C=CC(158)
    C[CH]CO[C]1CC1(2534) <=> O=C1CC1(2062) + C=CC(158)
    [CH2]C(C)C1([O])CC1(2535) <=> O=C1CC1(2062) + C=CC(158)
    [CH2]C(C)O[C]1CC1(2536) <=> O=C1CC1(2062) + C=CC(158)
    O=C1CC1(2062) + C=CC(158) <=> CC1CC2(CC2)O1(2537)
    O=C1CC1(2062) + C=CC(158) <=> CC1COC12CC2(2538)
    [CH2]C=C(643) + O[C]1CC1(2473) <=> O=C1CC1(2062) + C=CC(158)
    [CH2]C=C(643) + [O]C1CC1(2474) <=> O=C1CC1(2062) + C=CC(158)
    C=[C]C(644) + O[C]1CC1(2473) <=> O=C1CC1(2062) + C=CC(158)
    C=[C]C(644) + [O]C1CC1(2474) <=> O=C1CC1(2062) + C=CC(158)
    [CH]=CC(374) + O[C]1CC1(2473) <=> O=C1CC1(2062) + C=CC(158)
    [CH]=CC(374) + [O]C1CC1(2474) <=> O=C1CC1(2062) + C=CC(158)
    O=C1[CH]C1(2471) + [CH2]CC(47) <=> O=C1CC1(2062) + C=CC(158)
    O=C1[CH]C1(2471) + C[CH]C(160) <=> O=C1CC1(2062) + C=CC(158)
    C=CCOC1CC1(2539) <=> O=C1CC1(2062) + C=CC(158)
    C=CCC1(O)CC1(2540) <=> O=C1CC1(2062) + C=CC(158)
    CC(C)OC1=CC1(2541) <=> O=C1CC1(2062) + C=CC(158)
    CCCOC1=CC1(2542) <=> O=C1CC1(2062) + C=CC(158)
    CCCCCCC[CH]CC1([O])CC1(2543) <=> O=C1CC1(2062) + C=CCCCCCCC(138)
    CCCCCCC[CH]CO[C]1CC1(2544) <=> O=C1CC1(2062) + C=CCCCCCCC(138)
    [CH2]C(CCCCCCC)C1([O])CC1(2545) <=> O=C1CC1(2062) + C=CCCCCCCC(138)
    [CH2]C(CCCCCCC)O[C]1CC1(2546) <=> O=C1CC1(2062) + C=CCCCCCCC(138)
    O=C1CC1(2062) + C=CCCCCCCC(138) <=> CCCCCCCC1CC2(CC2)O1(2547)
    O=C1CC1(2062) + C=CCCCCCCC(138) <=> CCCCCCCC1COC12CC2(2548)
    O[C]1CC1(2473) + C=CC[CH]CCCCC(872) <=> O=C1CC1(2062) + C=CCCCCCCC(138)
    [O]C1CC1(2474) + C=CC[CH]CCCCC(872) <=> O=C1CC1(2062) + C=CCCCCCCC(138)
    O[C]1CC1(2473) + C=CCC[CH]CCCC(867) <=> O=C1CC1(2062) + C=CCCCCCCC(138)
    [O]C1CC1(2474) + C=CCC[CH]CCCC(867) <=> O=C1CC1(2062) + C=CCCCCCCC(138)
    O[C]1CC1(2473) + C=CCCC[CH]CCC(869) <=> O=C1CC1(2062) + C=CCCCCCCC(138)
    [O]C1CC1(2474) + C=CCCC[CH]CCC(869) <=> O=C1CC1(2062) + C=CCCCCCCC(138)
    O[C]1CC1(2473) + C=CCCCC[CH]CC(871) <=> O=C1CC1(2062) + C=CCCCCCCC(138)
    [O]C1CC1(2474) + C=CCCCC[CH]CC(871) <=> O=C1CC1(2062) + C=CCCCCCCC(138)
    O[C]1CC1(2473) + C=CCCCCC[CH]C(874) <=> O=C1CC1(2062) + C=CCCCCCCC(138)
    [O]C1CC1(2474) + C=CCCCCC[CH]C(874) <=> O=C1CC1(2062) + C=CCCCCCCC(138)
    O[C]1CC1(2473) + C=C[CH]CCCCCC(875) <=> O=C1CC1(2062) + C=CCCCCCCC(138)
    [O]C1CC1(2474) + C=C[CH]CCCCCC(875) <=> O=C1CC1(2062) + C=CCCCCCCC(138)
    O[C]1CC1(2473) + [CH2]CCCCCCC=C(876) <=> O=C1CC1(2062) + C=CCCCCCCC(138)
    [O]C1CC1(2474) + [CH2]CCCCCCC=C(876) <=> O=C1CC1(2062) + C=CCCCCCCC(138)
    O[C]1CC1(2473) + C=[C]CCCCCCC(877) <=> O=C1CC1(2062) + C=CCCCCCCC(138)
    [O]C1CC1(2474) + C=[C]CCCCCCC(877) <=> O=C1CC1(2062) + C=CCCCCCCC(138)
    O[C]1CC1(2473) + [CH]=CCCCCCCC(585) <=> O=C1CC1(2062) + C=CCCCCCCC(138)
    [O]C1CC1(2474) + [CH]=CCCCCCCC(585) <=> O=C1CC1(2062) + C=CCCCCCCC(138)
    O=C1[CH]C1(2471) + [CH2]CCCCCCCC(46) <=> O=C1CC1(2062) + C=CCCCCCCC(138)
    O=C1[CH]C1(2471) + C[CH]CCCCCCC(153) <=> O=C1CC1(2062) + C=CCCCCCCC(138)
    CCCCCCC=CCOC1CC1(2549) <=> O=C1CC1(2062) + C=CCCCCCCC(138)
    CCCCCCC=CCC1(O)CC1(2550) <=> O=C1CC1(2062) + C=CCCCCCCC(138)
    CCCCCCCC(C)OC1=CC1(2551) <=> O=C1CC1(2062) + C=CCCCCCCC(138)
    CCCCCCCCCOC1=CC1(2552) <=> O=C1CC1(2062) + C=CCCCCCCC(138)
    CCCC[CH]CC1([O])CC1(2553) <=> O=C1CC1(2062) + C=CCCCC(514)
    CCCC[CH]CO[C]1CC1(2554) <=> O=C1CC1(2062) + C=CCCCC(514)
    [CH2]C(CCCC)C1([O])CC1(2555) <=> O=C1CC1(2062) + C=CCCCC(514)
    [CH2]C(CCCC)O[C]1CC1(2556) <=> O=C1CC1(2062) + C=CCCCC(514)
    O=C1CC1(2062) + C=CCCCC(514) <=> CCCCC1CC2(CC2)O1(2557)
    O=C1CC1(2062) + C=CCCCC(514) <=> CCCCC1COC12CC2(2558)
    O[C]1CC1(2473) + C=CC[CH]CC(996) <=> O=C1CC1(2062) + C=CCCCC(514)
    [O]C1CC1(2474) + C=CC[CH]CC(996) <=> O=C1CC1(2062) + C=CCCCC(514)
    O[C]1CC1(2473) + C=CCC[CH]C(997) <=> O=C1CC1(2062) + C=CCCCC(514)
    [O]C1CC1(2474) + C=CCC[CH]C(997) <=> O=C1CC1(2062) + C=CCCCC(514)
    O[C]1CC1(2473) + C=C[CH]CCC(998) <=> O=C1CC1(2062) + C=CCCCC(514)
    [O]C1CC1(2474) + C=C[CH]CCC(998) <=> O=C1CC1(2062) + C=CCCCC(514)
    O[C]1CC1(2473) + [CH2]CCCC=C(868) <=> O=C1CC1(2062) + C=CCCCC(514)
    [O]C1CC1(2474) + [CH2]CCCC=C(868) <=> O=C1CC1(2062) + C=CCCCC(514)
    O[C]1CC1(2473) + C=[C]CCCC(999) <=> O=C1CC1(2062) + C=CCCCC(514)
    [O]C1CC1(2474) + C=[C]CCCC(999) <=> O=C1CC1(2062) + C=CCCCC(514)
    O[C]1CC1(2473) + [CH]=CCCCC(500) <=> O=C1CC1(2062) + C=CCCCC(514)
    [O]C1CC1(2474) + [CH]=CCCCC(500) <=> O=C1CC1(2062) + C=CCCCC(514)
    O=C1[CH]C1(2471) + [CH2]CCCCC(44) <=> O=C1CC1(2062) + C=CCCCC(514)
    O=C1[CH]C1(2471) + C[CH]CCCC(519) <=> O=C1CC1(2062) + C=CCCCC(514)
    CCCC=CCOC1CC1(2559) <=> O=C1CC1(2062) + C=CCCCC(514)
    CCCC=CCC1(O)CC1(2560) <=> O=C1CC1(2062) + C=CCCCC(514)
    CCCCC(C)OC1=CC1(2561) <=> O=C1CC1(2062) + C=CCCCC(514)
    CCCCCCOC1=CC1(2562) <=> O=C1CC1(2062) + C=CCCCC(514)
    CCCCC[CH]CC1([O])CC1(2563) <=> O=C1CC1(2062) + C=CCCCCC(546)
    CCCCC[CH]CO[C]1CC1(2564) <=> O=C1CC1(2062) + C=CCCCCC(546)
    [CH2]C(CCCCC)C1([O])CC1(2565) <=> O=C1CC1(2062) + C=CCCCCC(546)
    [CH2]C(CCCCC)O[C]1CC1(2566) <=> O=C1CC1(2062) + C=CCCCCC(546)
    O=C1CC1(2062) + C=CCCCCC(546) <=> CCCCCC1CC2(CC2)O1(2567)
    O=C1CC1(2062) + C=CCCCCC(546) <=> CCCCCC1COC12CC2(2568)
    O[C]1CC1(2473) + C=CC[CH]CCC(1117) <=> O=C1CC1(2062) + C=CCCCCC(546)
    [O]C1CC1(2474) + C=CC[CH]CCC(1117) <=> O=C1CC1(2062) + C=CCCCCC(546)
    O[C]1CC1(2473) + C=CCC[CH]CC(1116) <=> O=C1CC1(2062) + C=CCCCCC(546)
    [O]C1CC1(2474) + C=CCC[CH]CC(1116) <=> O=C1CC1(2062) + C=CCCCCC(546)
    O[C]1CC1(2473) + C=CCCC[CH]C(1118) <=> O=C1CC1(2062) + C=CCCCCC(546)
    [O]C1CC1(2474) + C=CCCC[CH]C(1118) <=> O=C1CC1(2062) + C=CCCCCC(546)
    O[C]1CC1(2473) + C=C[CH]CCCC(1119) <=> O=C1CC1(2062) + C=CCCCCC(546)
    [O]C1CC1(2474) + C=C[CH]CCCC(1119) <=> O=C1CC1(2062) + C=CCCCCC(546)
    O[C]1CC1(2473) + [CH2]CCCCC=C(870) <=> O=C1CC1(2062) + C=CCCCCC(546)
    [O]C1CC1(2474) + [CH2]CCCCC=C(870) <=> O=C1CC1(2062) + C=CCCCCC(546)
    O[C]1CC1(2473) + C=[C]CCCCC(1120) <=> O=C1CC1(2062) + C=CCCCCC(546)
    [O]C1CC1(2474) + C=[C]CCCCC(1120) <=> O=C1CC1(2062) + C=CCCCCC(546)
    O[C]1CC1(2473) + [CH]=CCCCCC(1121) <=> O=C1CC1(2062) + C=CCCCCC(546)
    [O]C1CC1(2474) + [CH]=CCCCCC(1121) <=> O=C1CC1(2062) + C=CCCCCC(546)
    O=C1[CH]C1(2471) + [CH2]CCCCCC(40) <=> O=C1CC1(2062) + C=CCCCCC(546)
    O=C1[CH]C1(2471) + C[CH]CCCCC(552) <=> O=C1CC1(2062) + C=CCCCCC(546)
    CCCCC=CCOC1CC1(2569) <=> O=C1CC1(2062) + C=CCCCCC(546)
    CCCCC=CCC1(O)CC1(2570) <=> O=C1CC1(2062) + C=CCCCCC(546)
    CCCCCC(C)OC1=CC1(2571) <=> O=C1CC1(2062) + C=CCCCCC(546)
    CCCCCCCOC1=CC1(2572) <=> O=C1CC1(2062) + C=CCCCCC(546)
    [CH2][CH]CC1([O])CC1(2573) <=> O=C1CC1(2062) + [CH2]C=C(643)
    [CH2][CH]CO[C]1CC1(2574) <=> O=C1CC1(2062) + [CH2]C=C(643)
    [CH2]C([CH2])C1([O])CC1(2575) <=> O=C1CC1(2062) + [CH2]C=C(643)
    [CH2]C([CH2])O[C]1CC1(2576) <=> O=C1CC1(2062) + [CH2]C=C(643)
    O=C1CC1(2062) + [CH2]C=C(643) <=> [CH2]C1CC2(CC2)O1(2577)
    O=C1CC1(2062) + [CH2]C=C(643) <=> [CH2]C1COC12CC2(2578)
    [CH]C=C(2266) + O[C]1CC1(2473) <=> O=C1CC1(2062) + [CH2]C=C(643)
    [CH]C=C(2266) + [O]C1CC1(2474) <=> O=C1CC1(2062) + [CH2]C=C(643)
    [CH2][C]=C(1237) + O[C]1CC1(2473) <=> O=C1CC1(2062) + [CH2]C=C(643)
    [CH2][C]=C(1237) + [O]C1CC1(2474) <=> O=C1CC1(2062) + [CH2]C=C(643)
    [CH]C=C(2266) + O[C]1CC1(2473) <=> O=C1CC1(2062) + [CH2]C=C(643)
    [CH]C=C(2266) + [O]C1CC1(2474) <=> O=C1CC1(2062) + [CH2]C=C(643)
    O=C1[CH]C1(2471) + [CH2]C[CH2](146) <=> O=C1CC1(2062) + [CH2]C=C(643)
    O=C1[CH]C1(2471) + [CH2][CH]C(159) <=> O=C1CC1(2062) + [CH2]C=C(643)
    O=C1[CH]C1(2471) + C=CC(158) <=> O=C1CC1(2062) + [CH2]C=C(643)
    O=C1CC1(2062) + [CH2]C=C(643) <=> C=CCO[C]1CC1(2579)
    O=C1CC1(2062) + [CH2]C=C(643) <=> C=CCC1([O])CC1(2580)
    [CH2]C(C)OC1=CC1(2581) <=> O=C1CC1(2062) + [CH2]C=C(643)
    [CH2]CCOC1=CC1(2582) <=> O=C1CC1(2062) + [CH2]C=C(643)
    CC[CH]CC1([O])CC1(2583) <=> O=C1CC1(2062) + C=CCC(466)
    CC[CH]CO[C]1CC1(2584) <=> O=C1CC1(2062) + C=CCC(466)
    [CH2]C(CC)C1([O])CC1(2585) <=> O=C1CC1(2062) + C=CCC(466)
    [CH2]C(CC)O[C]1CC1(2586) <=> O=C1CC1(2062) + C=CCC(466)
    O=C1CC1(2062) + C=CCC(466) <=> CCC1CC2(CC2)O1(2587)
    O=C1CC1(2062) + C=CCC(466) <=> CCC1COC12CC2(2588)
    O[C]1CC1(2473) + C=C[CH]C(1344) <=> O=C1CC1(2062) + C=CCC(466)
    [O]C1CC1(2474) + C=C[CH]C(1344) <=> O=C1CC1(2062) + C=CCC(466)
    O[C]1CC1(2473) + [CH2]CC=C(538) <=> O=C1CC1(2062) + C=CCC(466)
    [O]C1CC1(2474) + [CH2]CC=C(538) <=> O=C1CC1(2062) + C=CCC(466)
    O[C]1CC1(2473) + C=[C]CC(1345) <=> O=C1CC1(2062) + C=CCC(466)
    [O]C1CC1(2474) + C=[C]CC(1345) <=> O=C1CC1(2062) + C=CCC(466)
    O[C]1CC1(2473) + [CH]=CCC(1346) <=> O=C1CC1(2062) + C=CCC(466)
    [O]C1CC1(2474) + [CH]=CCC(1346) <=> O=C1CC1(2062) + C=CCC(466)
    O=C1[CH]C1(2471) + [CH2]CCC(41) <=> O=C1CC1(2062) + C=CCC(466)
    O=C1[CH]C1(2471) + C[CH]CC(469) <=> O=C1CC1(2062) + C=CCC(466)
    CC=CCOC1CC1(2589) <=> O=C1CC1(2062) + C=CCC(466)
    CC=CCC1(O)CC1(2590) <=> O=C1CC1(2062) + C=CCC(466)
    CCC(C)OC1=CC1(2591) <=> O=C1CC1(2062) + C=CCC(466)
    CCCCOC1=CC1(2592) <=> O=C1CC1(2062) + C=CCC(466)
    [O]OC([O])C1([O])CC1(2593) <=> [O]OC=O(106) + O=C1CC1(2062)
    [O]OC([O])O[C]1CC1(2594) <=> [O]OC=O(106) + O=C1CC1(2062)
    [O]O[CH]OC1([O])CC1(2595) <=> [O]OC=O(106) + O=C1CC1(2062)
    [O]O[CH]OO[C]1CC1(2596) <=> [O]OC=O(106) + O=C1CC1(2062)
    [O]OC=O(106) + O=C1CC1(2062) <=> [O]OC1OOC12CC2(2597)
    [O]OC=O(106) + O=C1CC1(2062) <=> [O]OC1OC2(CC2)O1(2598)
    CO3t2(231) + O[C]1CC1(2473) <=> [O]OC=O(106) + O=C1CC1(2062)
    CO3t2(231) + [O]C1CC1(2474) <=> [O]OC=O(106) + O=C1CC1(2062)
    [O]O[CH]O(1482) + O=C1[CH]C1(2471) <=> [O]OC=O(106) + O=C1CC1(2062)
    [O]CO[O](110) + O=C1[CH]C1(2471) <=> [O]OC=O(106) + O=C1CC1(2062)
    [O]OC=O(106) + O=C1CC1(2062) <=> O=COO(268) + O=C1[CH]C1(2471)
    [O]OC=O(106) + O=C1CC1(2062) <=> O=COOO[C]1CC1(2599)
    [O]OC=O(106) + O=C1CC1(2062) <=> [O]C1(OOC=O)CC1(2600)
    [O]OCOOC1=CC1(2601) <=> [O]OC=O(106) + O=C1CC1(2062)
    [O]OC(O)OC1=CC1(2602) <=> [O]OC=O(106) + O=C1CC1(2062)
    C=CCC[CH]CC1([O])CC1(2603) <=> O=C1CC1(2062) + C=CCCC=C(1328)
    C=CCC[CH]CO[C]1CC1(2604) <=> O=C1CC1(2062) + C=CCCC=C(1328)
    [CH2]C(CCC=C)C1([O])CC1(2605) <=> O=C1CC1(2062) + C=CCCC=C(1328)
    [CH2]C(CCC=C)O[C]1CC1(2606) <=> O=C1CC1(2062) + C=CCCC=C(1328)
    O=C1CC1(2062) + C=CCCC=C(1328) <=> C=CCCC1CC2(CC2)O1(2607)
    O=C1CC1(2062) + C=CCCC=C(1328) <=> C=CCCC1COC12CC2(2608)
    O[C]1CC1(2473) + C=C[CH]CC=C(1625) <=> O=C1CC1(2062) + C=CCCC=C(1328)
    [O]C1CC1(2474) + C=C[CH]CC=C(1625) <=> O=C1CC1(2062) + C=CCCC=C(1328)
    O[C]1CC1(2473) + C=[C]CCC=C(1626) <=> O=C1CC1(2062) + C=CCCC=C(1328)
    [O]C1CC1(2474) + C=[C]CCC=C(1626) <=> O=C1CC1(2062) + C=CCCC=C(1328)
    O[C]1CC1(2473) + [CH]=CCCC=C(1627) <=> O=C1CC1(2062) + C=CCCC=C(1328)
    [O]C1CC1(2474) + [CH]=CCCC=C(1627) <=> O=C1CC1(2062) + C=CCCC=C(1328)
    O=C1[CH]C1(2471) + [CH2]CCCC=C(868) <=> O=C1CC1(2062) + C=CCCC=C(1328)
    O=C1[CH]C1(2471) + C=CCC[CH]C(997) <=> O=C1CC1(2062) + C=CCCC=C(1328)
    C=CCC=CCOC1CC1(2609) <=> O=C1CC1(2062) + C=CCCC=C(1328)
    C=CCC=CCC1(O)CC1(2610) <=> O=C1CC1(2062) + C=CCCC=C(1328)
    C=CCCC(C)OC1=CC1(2611) <=> O=C1CC1(2062) + C=CCCC=C(1328)
    C=CCCCCOC1=CC1(2612) <=> O=C1CC1(2062) + C=CCCC=C(1328)
    [O]C1(C[CH]O)CC1(2613) <=> C2H3OH(72) + O=C1CC1(2062)
    O[CH]CO[C]1CC1(2614) <=> C2H3OH(72) + O=C1CC1(2062)
    [CH2]C(O)C1([O])CC1(2615) <=> C2H3OH(72) + O=C1CC1(2062)
    [CH2]C(O)O[C]1CC1(2616) <=> C2H3OH(72) + O=C1CC1(2062)
    C2H3OH(72) + O=C1CC1(2062) <=> OC1CC2(CC2)O1(2617)
    C2H3OH(72) + O=C1CC1(2062) <=> OC1COC12CC2(2618)
    C=[C]O(69) + O[C]1CC1(2473) <=> C2H3OH(72) + O=C1CC1(2062)
    C=[C]O(69) + [O]C1CC1(2474) <=> C2H3OH(72) + O=C1CC1(2062)
    [CH]=CO(70) + O[C]1CC1(2473) <=> C2H3OH(72) + O=C1CC1(2062)
    [CH]=CO(70) + [O]C1CC1(2474) <=> C2H3OH(72) + O=C1CC1(2062)
    CH2CHO(36) + O[C]1CC1(2473) <=> C2H3OH(72) + O=C1CC1(2062)
    CH2CHO(36) + [O]C1CC1(2474) <=> C2H3OH(72) + O=C1CC1(2062)
    CH2CH2OH(241) + O=C1[CH]C1(2471) <=> C2H3OH(72) + O=C1CC1(2062)
    CH3CHOH(133) + O=C1[CH]C1(2471) <=> C2H3OH(72) + O=C1CC1(2062)
    O=CCOC1CC1(2619) <=> C2H3OH(72) + O=C1CC1(2062)
    O=CCC1(O)CC1(2620) <=> C2H3OH(72) + O=C1CC1(2062)
    CC(O)OC1=CC1(2530) <=> C2H3OH(72) + O=C1CC1(2062)
    OCCOC1=CC1(2621) <=> C2H3OH(72) + O=C1CC1(2062)
    C2H3O(67) + O[C]1CC1(2473) <=> CH2OCH2(1871) + O=C1CC1(2062)
    C2H3O(67) + [O]C1CC1(2474) <=> CH2OCH2(1871) + O=C1CC1(2062)
    [CH2]C(=C)C1([O])CC1(2622) <=> C=C=C(1236) + O=C1CC1(2062)
    [CH2]C(=C)O[C]1CC1(2623) <=> C=C=C(1236) + O=C1CC1(2062)
    C=[C]CC1([O])CC1(2624) <=> C=C=C(1236) + O=C1CC1(2062)
    C=[C]CO[C]1CC1(2625) <=> C=C=C(1236) + O=C1CC1(2062)
    [CH]=C=C(1912) + O[C]1CC1(2473) <=> C=C=C(1236) + O=C1CC1(2062)
    [CH]=C=C(1912) + [O]C1CC1(2474) <=> C=C=C(1236) + O=C1CC1(2062)
    O=C1[CH]C1(2471) + C=[C]C(644) <=> C=C=C(1236) + O=C1CC1(2062)
    O=C1[CH]C1(2471) + [CH2]C=C(643) <=> C=C=C(1236) + O=C1CC1(2062)
    C#CCOC1CC1(2626) <=> C=C=C(1236) + O=C1CC1(2062)
    C#CCC1(O)CC1(2627) <=> C=C=C(1236) + O=C1CC1(2062)
    C=CCOC1=CC1(2628) <=> C=C=C(1236) + O=C1CC1(2062)
    C=C(C)OC1=CC1(2629) <=> C=C=C(1236) + O=C1CC1(2062)
    [CH2][C]([O])CC1([O])CC1(2630) <=> O=C1CC1(2062) + [CH2]C(=C)[O](2054)
    [CH2][C]([O])CO[C]1CC1(2631) <=> O=C1CC1(2062) + [CH2]C(=C)[O](2054)
    [CH2]C([CH2])([O])C1([O])CC1(2632) <=> O=C1CC1(2062) + [CH2]C(=C)[O](2054)
    [CH2]C([CH2])([O])O[C]1CC1(2633) <=> O=C1CC1(2062) + [CH2]C(=C)[O](2054)
    O=C1CC1(2062) + [CH2]C(=C)[O](2054) <=> [CH2]C1([O])CC2(CC2)O1(2634)
    O=C1CC1(2062) + [CH2]C(=C)[O](2054) <=> [CH2]C1([O])COC12CC2(2635)
    [CH]C(=C)[O](2057) + O[C]1CC1(2473) <=> O=C1CC1(2062) + [CH2]C(=C)[O](2054)
    [CH]C(=C)[O](2057) + [O]C1CC1(2474) <=> O=C1CC1(2062) + [CH2]C(=C)[O](2054)
    [CH]C(=C)[O](2057) + O[C]1CC1(2473) <=> O=C1CC1(2062) + [CH2]C(=C)[O](2054)
    [CH]C(=C)[O](2057) + [O]C1CC1(2474) <=> O=C1CC1(2062) + [CH2]C(=C)[O](2054)
    O=C1[CH]C1(2471) + [CH2]C([CH2])[O](2063) <=> O=C1CC1(2062) + [CH2]C(=C)[O](2054)
    O=C1[CH]C1(2471) + [CH2][C](C)[O](2064) <=> O=C1CC1(2062) + [CH2]C(=C)[O](2054)
    O=C1[CH]C1(2471) + [CH2]C(=C)O(1915) <=> O=C1CC1(2062) + [CH2]C(=C)[O](2054)
    O=C1[CH]C1(2471) + C=C(C)[O](376) <=> O=C1CC1(2062) + [CH2]C(=C)[O](2054)
    O=C1CC1(2062) + [CH2]C(=C)[O](2054) <=> C=C([O])CO[C]1CC1(2636)
    O=C1CC1(2062) + [CH2]C(=C)[O](2054) <=> C=C([O])CC1([O])CC1(2637)
    O=C1CC1(2062) + [CH2]C(=C)[O](2054) <=> [CH2]C(=C)OO[C]1CC1(2638)
    O=C1CC1(2062) + [CH2]C(=C)[O](2054) <=> [CH2]C(=C)OC1([O])CC1(2639)
    [CH2]C(C)([O])OC1=CC1(2640) <=> O=C1CC1(2062) + [CH2]C(=C)[O](2054)
    [CH2]C([O])COC1=CC1(2641) <=> O=C1CC1(2062) + [CH2]C(=C)[O](2054)
    [CH2][C]([CH2])OC1([O])CC1(2642) <=> O=C1CC1(2062) + [CH2]C(=C)[O](2054)
    [CH2][C]([CH2])OO[C]1CC1(2643) <=> O=C1CC1(2062) + [CH2]C(=C)[O](2054)
    O=C1CC1(2062) + [CH2]C(=C)[O](2054) <=> [CH2]C1([CH2])OOC12CC2(2644)
    O=C1CC1(2062) + [CH2]C(=C)[O](2054) <=> [CH2]C1([CH2])OC2(CC2)O1(2645)
    O=C1[CH]C1(2471) + [CH2][C]([CH2])O(2067) <=> O=C1CC1(2062) + [CH2]C(=C)[O](2054)
    O=C1[CH]C1(2471) + C=C(C)[O](376) <=> O=C1CC1(2062) + [CH2]C(=C)[O](2054)
    O=C1CC1(2062) + [CH2]C(=C)[O](2054) <=> C=C([O])CO[C]1CC1(2636)
    O=C1CC1(2062) + [CH2]C(=C)[O](2054) <=> C=C([O])CC1([O])CC1(2637)
    [CH2]C([CH2])OOC1=CC1(2646) <=> O=C1CC1(2062) + [CH2]C(=C)[O](2054)
    [CH2]C([CH2])(O)OC1=CC1(2647) <=> O=C1CC1(2062) + [CH2]C(=C)[O](2054)
    [O]C1(C2([O])CC2)CC1(2648) <=> O=C1CC1(2062) + O=C1CC1(2062)
    [O]C1(O[C]2CC2)CC1(2649) <=> O=C1CC1(2062) + O=C1CC1(2062)
    C1C[C]1OO[C]1CC1(2650) <=> O=C1CC1(2062) + O=C1CC1(2062)
    O=C1CC1(2062) + O=C1CC1(2062) <=> C1CC12OOC21CC1(2651)
    O=C1CC1(2062) + O=C1CC1(2062) <=> C1CC12OC1(CC1)O2(2652)
    O=C1[CH]C1(2471) + O[C]1CC1(2473) <=> O=C1CC1(2062) + O=C1CC1(2062)
    O=C1[CH]C1(2471) + [O]C1CC1(2474) <=> O=C1CC1(2062) + O=C1CC1(2062)
    C1=C(OOC2CC2)C1(2653) <=> O=C1CC1(2062) + O=C1CC1(2062)
    OC1(OC2=CC2)CC1(2654) <=> O=C1CC1(2062) + O=C1CC1(2062)

After model enlargement:
    The model core has 75 species and 875 reactions
    The model edge has 2578 species and 7273 reactions


Saving current model core to Chemkin file...
Chemkin file contains 882 reactions.
Saving annotated version of Chemkin file...
Chemkin file contains 882 reactions.
Saving current model core and edge to Chemkin file...
Chemkin file contains 8155 reactions.
Saving annotated version of Chemkin file...
Chemkin file contains 8155 reactions.
Saving current model core to HTML file...
Saving current model edge to HTML file...
Updating RMG execution statistics...
    Execution time (DD:HH:MM:SS): 00:00:04:34
    Memory used: 1001.58 MB

Making seed mechanism...
Conducting simulation of reaction system 1...
At time 1.9137e-06 s, species [CH2]C[C]=O(2468) at 0.10112826253163575 exceeded the minimum rate for simulation interruption of 0.1
At time 1.9137e-06 s, species [CH2]C[C]=O(2468) at rate ratio 0.10112826253163575 exceeded the minimum rate for moving to model core of 0.1
terminating simulation due to interrupt...


Adding species [CH2]C[C]=O(2468) to model core

Summary of Model Enlargement
---------------------------------
Added 1 new core species
    [CH2]C[C]=O(2468)
Created 0 new edge species
Moved 1 reactions from edge to core
    [CH2]C[C]=O(2468) <=> O=C1CC1(2062)
Added 0 new core reactions
Created 0 new edge reactions

After model enlargement:
    The model core has 76 species and 876 reactions
    The model edge has 2577 species and 7272 reactions


At time 6.1841e-05 s, reached target termination conversion: 0.900000 of C12H24(1)
    C12H24(1) conversion: 0.9009    

For reaction generation 1 process is used.
Generating thermo for new species...
Generating kinetics for new reactions...

Summary of Secondary Model Edge Enlargement
---------------------------------
Added 0 new core species
Created 7 new edge species
    [CH]C[C]=O(2655)
    CC=C=O(2656)
    [CH2][CH][C]=O(2657)
    C[CH][C]=O(2658)
    [CH2][CH]C=O(2659)
    [O]OCC[C]=O(2660)
    [CH2]CC(=O)O[O](2661)
Added 1 new core reactions
    CH2(T)(17) + CH2CO(28) <=> [CH2]C[C]=O(2468)
Created 15 new edge reactions
    CH2(T)(17) + [CH2][C]=O(68) <=> [CH2]C[C]=O(2468)
    [C]=O(54) + [CH2][CH2](66) <=> [CH2]C[C]=O(2468)
    H(3) + [CH]C[C]=O(2655) <=> [CH2]C[C]=O(2468)
    [CH2]C[C]=O(2468) <=> CC=C=O(2656)
    [CH2]C[C]=O(2468) <=> C=CC=O(278)
    CO(12) + [CH2][CH2](66) <=> [CH2]C[C]=O(2468)
    H(3) + C=C[C]=O(277) <=> [CH2]C[C]=O(2468)
    [C]=O(54) + C2H4(30) <=> [CH2]C[C]=O(2468)
    H(3) + [CH2][CH][C]=O(2657) <=> [CH2]C[C]=O(2468)
    [CH2]C[C]=O(2468) <=> C[CH][C]=O(2658)
    [CH2]C[C]=O(2468) <=> [CH2][CH]C=O(2659)
    O2(2) + [CH2]C[C]=O(2468) <=> HO2(10) + C=C[C]=O(277)
    HO2(10) + [CH]C[C]=O(2655) <=> O2(2) + [CH2]C[C]=O(2468)
    O2(2) + [CH2]C[C]=O(2468) <=> [O]OCC[C]=O(2660)
    O2(2) + [CH2]C[C]=O(2468) <=> [CH2]CC(=O)O[O](2661)

After model enlargement:
    The model core has 76 species and 877 reactions
    The model edge has 2584 species and 7287 reactions


Saving current model core to Chemkin file...
Chemkin file contains 884 reactions.
Saving annotated version of Chemkin file...
Chemkin file contains 884 reactions.
Saving current model core and edge to Chemkin file...
Chemkin file contains 8171 reactions.
Saving annotated version of Chemkin file...
Chemkin file contains 8171 reactions.
Saving current model core to HTML file...
Saving current model edge to HTML file...
Updating RMG execution statistics...
    Execution time (DD:HH:MM:SS): 00:00:04:42
    Memory used: 1001.58 MB

Making seed mechanism...
Conducting simulation of reaction system 1...
At time 3.3818e-06 s, species C=CC=O(278) at 0.10302051571134206 exceeded the minimum rate for simulation interruption of 0.1
At time 3.3818e-06 s, species CC=C=O(2656) at 0.10302051571132165 exceeded the minimum rate for simulation interruption of 0.1
Exceeded max number of objects...removing excess objects
At time 3.3818e-06 s, species C=CC=O(278) at rate ratio 0.10302051571134206 exceeded the minimum rate for moving to model core of 0.1
terminating simulation due to interrupt...


Adding species C=CC=O(278) to model core

Summary of Model Enlargement
---------------------------------
Added 1 new core species
    C=CC=O(278)
Created 0 new edge species
Moved 2 reactions from edge to core
    CO(12) + C2H4(30) <=> C=CC=O(278)
    [CH2]C[C]=O(2468) <=> C=CC=O(278)
Added 0 new core reactions
Created 0 new edge reactions

After model enlargement:
    The model core has 77 species and 879 reactions
    The model edge has 2583 species and 7285 reactions


At time 6.4430e-05 s, reached target termination conversion: 0.900000 of C12H24(1)
    C12H24(1) conversion: 0.9013    

For reaction generation 1 process is used.
Generating thermo for new species...
Generating kinetics for new reactions...
For reaction OH(5) + C=CC=O(278) <=> C=C[CH]OO(1334), Ea raised from 88.6 to 94.7 kJ/mol to match endothermicity of reaction.
For reaction HO2(10) + C=CC=O(278) <=> C=C[CH]OOO(2676), Ea raised from 150.4 to 156.6 kJ/mol to match endothermicity of reaction.
For reaction CH2CHO(36) + C=CC=O(278) <=> C=C[CH]OOC=C(2796), Ea raised from 222.7 to 227.2 kJ/mol to match endothermicity of reaction.
For reaction O2(2) + C=CC=O(278) <=> C=C[CH]OO[O](2824), Ea raised from 313.7 to 319.7 kJ/mol to match endothermicity of reaction.
For reaction O2(2) + C=CC=O(278) <=> [CH2]C(C=O)O[O](2825), Ea raised from 149.8 to 154.2 kJ/mol to match endothermicity of reaction.
For reaction O2(2) + C=CC=O(278) <=> [O]OC[CH]C=O(2826), Ea raised from 98.7 to 99.1 kJ/mol to match endothermicity of reaction.
For reaction O2(2) + C=CC=O(278) <=> C=CC([O])O[O](2827), Ea raised from 181.8 to 185.2 kJ/mol to match endothermicity of reaction.
For reaction C=CC=O(278) + [CH2]C=C(643) <=> C=CCC([O])C=C(2913), Ea raised from 39.9 to 45.0 kJ/mol to match endothermicity of reaction.
For reaction [O]OC=O(106) + C=CC=O(278) <=> C=CC1OOC1O[O](2944), Ea raised from 347.8 to 351.6 kJ/mol to match endothermicity of reaction.
For reaction [O]OC=O(106) + C=CC=O(278) <=> C=C[CH]OOOC=O(2948), Ea raised from 105.7 to 112.2 kJ/mol to match endothermicity of reaction.

Summary of Secondary Model Edge Enlargement
---------------------------------
Added 0 new core species
Created 368 new edge species
    [CH]=C[CH]O(2662)
    C=[C]C=O(2663)
    C[C]C=O(2664)
    [CH]CC=O(2665)
    C=C=CO(2666)
    C=C[CH]O(2667)
    C[CH]C=O(2668)
    [CH2]C(O)C=O(2669)
    O=C[CH]CO(2670)
    C=CC([O])O(2671)
    CC(O)C=O(2672)
    CC(C=O)O[O](2673)
    [O]OCCC=O(2674)
    C=CC(O)O[O](2675)
    C=C[CH]OOO(2676)
    [CH2]C(C=O)OO(2677)
    O=C[CH]COO(2678)
    C=CC([O])OO(2679)
    C=C(C=O)C=O(2680)
    O=CC=CC=O(2681)
    C=CC(=O)C=O(2682)
    [C-]=[O+]OC=C=C(2683)
    [C-]=[O+]CC=C=O(2684)
    C=C=CO[C-]=[OH+](2685)
    O=C=CC[C-]=[OH+](2686)
    C=C(C=O)OC=O(2687)
    O=CC=COC=O(2688)
    C=C(C=O)C(=O)O(2689)
    O=CC=CC(=O)O(2690)
    C=CC([O])C([O])=O(2691)
    [O]C(=O)C[CH]C=O(2692)
    [CH2]C(C=O)C([O])=O(2693)
    C=C[CH]OC([O])=O(2694)
    C=CC([O])O[C]=O(2695)
    O=[C]OC[CH]C=O(2696)
    [CH2]C(C=O)O[C]=O(2697)
    C=C[CH]OO[C]=O(2698)
    C=C=COOC=O(2699)
    O=C=CCOC=O(2700)
    C=C=COC(=O)O(2701)
    O=C=CCC(=O)O(2702)
    C=C[CH]OC(2703)
    CC[CH]C=O(2704)
    C=CC(C)[O](2705)
    C=CC([O])C[O](2706)
    [O]CC[CH]C=O(2707)
    [CH2]C(C=O)C[O](2708)
    C=C[CH]OC[O](2709)
    [CH2]OC([O])C=C(2710)
    [CH2]OC[CH]C=O(2711)
    [CH2]OC([CH2])C=O(2712)
    [CH2]OO[CH]C=C(2713)
    C=CC1COO1(2714)
    C=CC1OCO1(2715)
    O=CC1CCO1(2716)
    O=CC1COC1(2717)
    C=C=COOC(2718)
    COCC=C=O(2719)
    C=C=COCO(2720)
    O=C=CCCO(2721)
    [CH]=CC([O])C=C(2722)
    [CH]=CC[CH]C=O(2723)
    [CH]=CC([CH2])C=O(2724)
    [CH]=CO[CH]C=C(2725)
    C=C=COC=C(2726)
    C=CCC=C=O(2727)
    COCCC=O(2728)
    COC(C)C=O(2729)
    CC(C=O)CO(2730)
    CCC(O)C=O(2731)
    C=CC([O])C(=C)[O](2732)
    C=C([O])C[CH]C=O(2733)
    [CH2]C(C=O)C(=C)[O](2734)
    C=C[CH]OC(=C)[O](2735)
    C=[C]OC([O])C=C(2736)
    C=[C]OC[CH]C=O(2737)
    [CH2]C(C=O)O[C]=C(2738)
    C=[C]OO[CH]C=C(2739)
    C=CC([O])C[C]=O(2740)
    O=[C]CC[CH]C=O(2741)
    [CH2]C(C=O)C[C]=O(2742)
    C=C[CH]OC[C]=O(2743)
    C=CC1CC(=O)O1(2744)
    C=CC1OCC1=O(2745)
    O=CC1CCC1=O(2746)
    O=CC1CC(=O)C1(2747)
    C#COOCC=C(2748)
    C#COC(C)C=O(2749)
    C#COCCC=O(2750)
    C#COC(O)C=C(2751)
    C=C=COOC=C(2752)
    C=COCC=C=O(2753)
    C=C=COCC=O(2754)
    O=C=CCCC=O(2755)
    C=C=COC(=C)O(2756)
    C=C(O)CC=C=O(2757)
    C=C=COC(C)=O(2758)
    CC(=O)CC=C=O(2759)
    [CH2]CC([O])C=C(2760)
    [CH2]CC[CH]C=O(2761)
    [CH2]CC([CH2])C=O(2762)
    [CH2]CO[CH]C=C(2763)
    C=CC1CCO1(2764)
    C=C=COCC(2765)
    CCCC=C=O(2766)
    C=C[CH]OCC(2767)
    CCC[CH]C=O(2768)
    C=CC([O])CC(2769)
    [CH2]C([O])C([O])C=C(2770)
    [CH2]C([O])C[CH]C=O(2771)
    [CH2]C([O])C([CH2])C=O(2772)
    [CH2]C([O])O[CH]C=C(2773)
    [CH2][CH]OC([O])C=C(2774)
    [CH2][CH]OC[CH]C=O(2775)
    [CH2][CH]OC([CH2])C=O(2776)
    [CH2][CH]OO[CH]C=C(2777)
    [CH2]C1OOC1C=C(2778)
    [CH2]C1OC(C=C)O1(2779)
    [CH2]C1CC(C=O)O1(2780)
    [CH2]C1OCC1C=O(2781)
    C=C[CH]OCC=O(2782)
    [CH2]C(C=O)CC=O(2783)
    O=C[CH]CCC=O(2784)
    C=CC([O])CC=O(2785)
    [CH2]COOC=C=C(2786)
    [CH2]COCC=C=O(2787)
    [CH2]C(O)OC=C=C(2788)
    [CH2]C(O)CC=C=O(2789)
    C=CC([O])C[CH][O](2790)
    [O][CH]CC[CH]C=O(2791)
    [CH2]C(C=O)C[CH][O](2792)
    C=C[CH]OC[CH][O](2793)
    C=CC1CC([O])O1(2794)
    C=CC1OCC1[O](2795)
    C=C[CH]OOC=C(2796)
    [CH2]C(C=O)OC=C(2797)
    C=COC[CH]C=O(2798)
    C=COC([O])C=C(2799)
    C=C=COCC[O](2800)
    [O]CCCC=C=O(2801)
    C=C=COC(C)[O](2802)
    CC([O])CC=C=O(2803)
    C=CC([O])C(C)[O](2804)
    CC([O])C[CH]C=O(2805)
    [CH2]C(C=O)C(C)[O](2806)
    C=C[CH]OC(C)[O](2807)
    C=CC([O])O[CH]C(2808)
    C[CH]OC[CH]C=O(2809)
    [CH2]C(C=O)O[CH]C(2810)
    C=C[CH]OO[CH]C(2811)
    C=CC1OOC1C(2812)
    C=CC1OC(C)O1(2813)
    CC1CC(C=O)O1(2814)
    CC1OCC1C=O(2815)
    C=CCOOC=C(2816)
    C=COC(C)C=O(2817)
    C=COCCC=O(2818)
    C=COC(O)C=C(2819)
    C=C=COOCC(2820)
    CCOCC=C=O(2821)
    C=C=COC(C)O(2822)
    CC(O)CC=C=O(2823)
    C=C[CH]OO[O](2824)
    [CH2]C(C=O)O[O](2825)
    [O]OC[CH]C=O(2826)
    C=CC([O])O[O](2827)
    C=CC([O])C[CH]C(2828)
    C[CH]CC[CH]C=O(2829)
    [CH2]C(C=O)C[CH]C(2830)
    C=C[CH]OC[CH]C(2831)
    [CH2]C(C)C([O])C=C(2832)
    [CH2]C(C)C[CH]C=O(2833)
    [CH2]C(C)C([CH2])C=O(2834)
    [CH2]C(C)O[CH]C=C(2835)
    C=CC1CC(C)O1(2836)
    C=CC1OCC1C(2837)
    C=CCOCC=C(2838)
    C=CCC(C)C=O(2839)
    C=CCCCC=O(2840)
    C=CCC(O)C=C(2841)
    C=C=COC(C)C(2842)
    CC(C)CC=C=O(2843)
    C=C=COCCC(2844)
    CCCCC=C=O(2845)
    C=CC([O])C[CH]CCCCCCC(2846)
    CCCCCCC[CH]CC[CH]C=O(2847)
    [CH2]C(C=O)C[CH]CCCCCCC(2848)
    C=C[CH]OC[CH]CCCCCCC(2849)
    [CH2]C(CCCCCCC)C([O])C=C(2850)
    [CH2]C(C[CH]C=O)CCCCCCC(2851)
    [CH2]C(C=O)C([CH2])CCCCCCC(2852)
    [CH2]C(CCCCCCC)O[CH]C=C(2853)
    C=CC1CC(CCCCCCC)O1(2854)
    C=CC1OCC1CCCCCCC(2855)
    C=CCOCC=CCCCCCC(2856)
    CCCCCCC=CCC(C)C=O(2857)
    CCCCCCC=CCCCC=O(2858)
    C=CC(O)CC=CCCCCCC(2859)
    C=C=COC(C)CCCCCCC(2860)
    CCCCCCCC(C)CC=C=O(2861)
    C=C=COCCCCCCCCC(2862)
    CCCCCCCCCCC=C=O(2863)
    C=CC([O])C[CH]CCCC(2864)
    CCCC[CH]CC[CH]C=O(2865)
    [CH2]C(C=O)C[CH]CCCC(2866)
    C=C[CH]OC[CH]CCCC(2867)
    [CH2]C(CCCC)C([O])C=C(2868)
    [CH2]C(C[CH]C=O)CCCC(2869)
    [CH2]C(C=O)C([CH2])CCCC(2870)
    [CH2]C(CCCC)O[CH]C=C(2871)
    C=CC1CC(CCCC)O1(2872)
    C=CC1OCC1CCCC(2873)
    C=CCOCC=CCCC(2874)
    CCCC=CCC(C)C=O(2875)
    CCCC=CCCCC=O(2876)
    C=CC(O)CC=CCCC(2877)
    C=C=COC(C)CCCC(2878)
    CCCCC(C)CC=C=O(2879)
    C=C=COCCCCCC(2880)
    CCCCCCCC=C=O(2881)
    C=CC([O])C[CH]CCCCC(2882)
    CCCCC[CH]CC[CH]C=O(2883)
    [CH2]C(C=O)C[CH]CCCCC(2884)
    C=C[CH]OC[CH]CCCCC(2885)
    [CH2]C(CCCCC)C([O])C=C(2886)
    [CH2]C(C[CH]C=O)CCCCC(2887)
    [CH2]C(C=O)C([CH2])CCCCC(2888)
    [CH2]C(CCCCC)O[CH]C=C(2889)
    C=CC1CC(CCCCC)O1(2890)
    C=CC1OCC1CCCCC(2891)
    C=CCOCC=CCCCC(2892)
    CCCCC=CCC(C)C=O(2893)
    CCCCC=CCCCC=O(2894)
    C=CC(O)CC=CCCCC(2895)
    C=C=COC(C)CCCCC(2896)
    CCCCCC(C)CC=C=O(2897)
    C=C=COCCCCCCC(2898)
    CCCCCCCCC=C=O(2899)
    [CH2][CH]CC([O])C=C(2900)
    [CH2][CH]CC[CH]C=O(2901)
    [CH2][CH]CC([CH2])C=O(2902)
    [CH2][CH]CO[CH]C=C(2903)
    [CH2]C([CH2])C([O])C=C(2904)
    [CH2]C([CH2])C[CH]C=O(2905)
    [CH2]C([CH2])C([CH2])C=O(2906)
    [CH2]C([CH2])O[CH]C=C(2907)
    [CH2]C1CC(C=C)O1(2908)
    [CH2]C1COC1C=C(2909)
    C=C[CH]OCC=C(2910)
    [CH2]C(C=O)CC=C(2911)
    C=CCC[CH]C=O(2912)
    C=CCC([O])C=C(2913)
    [CH2]C(C)OC=C=C(2914)
    [CH2]C(C)CC=C=O(2915)
    [CH2]CCOC=C=C(2916)
    [CH2]CCCC=C=O(2917)
    C=CC([O])C[CH]CC(2918)
    CC[CH]CC[CH]C=O(2919)
    [CH2]C(C=O)C[CH]CC(2920)
    C=C[CH]OC[CH]CC(2921)
    [CH2]C(CC)C([O])C=C(2922)
    [CH2]C(CC)C[CH]C=O(2923)
    [CH2]C(C=O)C([CH2])CC(2924)
    [CH2]C(CC)O[CH]C=C(2925)
    C=CC1CC(CC)O1(2926)
    C=CC1OCC1CC(2927)
    C=CCOCC=CC(2928)
    CC=CCC(C)C=O(2929)
    CC=CCCCC=O(2930)
    C=CC(O)CC=CC(2931)
    C=C=COC(C)CC(2932)
    CCC(C)CC=C=O(2933)
    C=C=COCCCC(2934)
    CCCCCC=C=O(2935)
    C=CC([O])C([O])O[O](2936)
    [O]OC([O])C[CH]C=O(2937)
    [CH2]C(C=O)C([O])O[O](2938)
    C=C[CH]OC([O])O[O](2939)
    C=CC([O])O[CH]O[O](2940)
    [O]O[CH]OC[CH]C=O(2941)
    [CH2]C(C=O)O[CH]O[O](2942)
    C=C[CH]OO[CH]O[O](2943)
    C=CC1OOC1O[O](2944)
    C=CC1OC(O[O])O1(2945)
    [O]OC1CC(C=O)O1(2946)
    [O]OC1OCC1C=O(2947)
    C=C[CH]OOOC=O(2948)
    [CH2]C(C=O)OOC=O(2949)
    O=C[CH]COOC=O(2950)
    C=CC([O])OOC=O(2951)
    C=C=COOCO[O](2952)
    [O]OCOCC=C=O(2953)
    C=C=COC(O)O[O](2954)
    [O]OC(O)CC=C=O(2955)
    C=CCC[CH]CC([O])C=C(2956)
    C=CCC[CH]CC[CH]C=O(2957)
    [CH2]C(C=O)C[CH]CCC=C(2958)
    C=C[CH]OC[CH]CCC=C(2959)
    [CH2]C(CCC=C)C([O])C=C(2960)
    [CH2]C(C[CH]C=O)CCC=C(2961)
    [CH2]C(C=O)C([CH2])CCC=C(2962)
    [CH2]C(CCC=C)O[CH]C=C(2963)
    C=CCCC1CC(C=C)O1(2964)
    C=CCCC1COC1C=C(2965)
    C=CCC=CCOCC=C(2966)
    C=CCC=CCC(C)C=O(2967)
    C=CCC=CCCCC=O(2968)
    C=CCC=CCC(O)C=C(2969)
    C=C=COC(C)CCC=C(2970)
    C=CCCC(C)CC=C=O(2971)
    C=C=COCCCCC=C(2972)
    C=CCCCCCC=C=O(2973)
    C=CC(C=O)CO(2974)
    C=CCC(O)C=O(2975)
    C=CC([O])C[CH]O(2976)
    O=C[CH]CC[CH]O(2977)
    [CH2]C(C=O)C[CH]O(2978)
    C=C[CH]OC[CH]O(2979)
    [CH2]C(O)C([O])C=C(2980)
    [CH2]C(O)C[CH]C=O(2981)
    [CH2]C(O)C([CH2])C=O(2982)
    [CH2]C(O)O[CH]C=C(2983)
    C=CC1CC(O)O1(2984)
    C=CC1OCC1O(2985)
    C=CCOCC=O(2986)
    CC(C=O)CC=O(2987)
    O=CCCCC=O(2988)
    C=CC(O)CC=O(2989)
    C=C=COCCO(2990)
    O=C=CCCCO(2991)
    [CH2]C(=C)C([O])C=C(2992)
    [CH2]C(=C)C[CH]C=O(2993)
    [CH2]C(=C)C([CH2])C=O(2994)
    [CH2]C(=C)O[CH]C=C(2995)
    C=[C]CC([O])C=C(2996)
    C=[C]CC[CH]C=O(2997)
    [CH2]C(C=O)C[C]=C(2998)
    C=[C]CO[CH]C=C(2999)
    C#CCOCC=C(3000)
    C#CCC(C)C=O(3001)
    C#CCCCC=O(3002)
    C#CCC(O)C=C(3003)
    C=C=COCC=C(3004)
    C=CCCC=C=O(3005)
    C=C=COC(=C)C(3006)
    C=C(C)CC=C=O(3007)
    C=CC([O])C([O])C=C(3008)
    C=CC([O])C[CH]C=O(3009)
    [CH2]C(C=O)C([O])C=C(3010)
    C=C[CH]OC([O])C=C(3011)
    O=C[CH]CC[CH]C=O(3012)
    [CH2]C(C=O)C[CH]C=O(3013)
    C=C[CH]OC[CH]C=O(3014)
    [CH2]C(C=O)C([CH2])C=O(3015)
    [CH2]C(C=O)O[CH]C=C(3016)
    C=C[CH]OO[CH]C=C(3017)
    C=CC1OOC1C=C(3018)
    C=CC1OC(C=C)O1(3019)
    C=CC1CC(C=O)O1(3020)
    C=CC1OCC1C=O(3021)
    C=C=COOCC=C(3022)
    C=C=COC(C)C=O(3023)
    C=C=COCCC=O(3024)
    C=C=COC(O)C=C(3025)
    C=CCOCC=C=O(3026)
    CC(C=O)CC=C=O(3027)
    O=C=CCCCC=O(3028)
    C=CC(O)CC=C=O(3029)
Added 1 new core reactions
    HCO(14) + C2H3(29) <=> C=CC=O(278)
Created 791 new edge reactions
    C=[C]C[O](2379) <=> C=CC=O(278)
    [CH]=CC[O](385) <=> C=CC=O(278)
    [CH]=C[CH]O(2662) <=> C=CC=O(278)
    H(3) + C=[C]C=O(2663) <=> C=CC=O(278)
    H(3) + [CH]=CC=O(276) <=> C=CC=O(278)
    H(3) + C=C[C]=O(277) <=> C=CC=O(278)
    C[C]C=O(2664) <=> C=CC=O(278)
    [CH]CC=O(2665) <=> C=CC=O(278)
    C=C=CO(2666) <=> C=CC=O(278)
    O(4) + C=C[CH]O(2667) <=> OH(5) + C=CC=O(278)
    O(4) + [CH2]CC=O(281) <=> OH(5) + C=CC=O(278)
    O(4) + C[CH]C=O(2668) <=> OH(5) + C=CC=O(278)
    O(4) + C=CC[O](605) <=> OH(5) + C=CC=O(278)
    OH(5) + C=CC=O(278) <=> H2O(7) + C=[C]C=O(2663)
    OH(5) + C=CC=O(278) <=> H2O(7) + [CH]=CC=O(276)
    OH(5) + C=CC=O(278) <=> H2O(7) + C=C[C]=O(277)
    OH(5) + C=CC=O(278) <=> C=C[CH]OO(1334)
    OH(5) + C=CC=O(278) <=> [CH2]C(O)C=O(2669)
    OH(5) + C=CC=O(278) <=> O=C[CH]CO(2670)
    OH(5) + C=CC=O(278) <=> C=CC([O])O(2671)
    H(3) + C=C[CH]O(2667) <=> H2(6) + C=CC=O(278)
    H(3) + [CH2]CC=O(281) <=> H2(6) + C=CC=O(278)
    H(3) + C[CH]C=O(2668) <=> H2(6) + C=CC=O(278)
    H(3) + C=CC[O](605) <=> H2(6) + C=CC=O(278)
    H2O(7) + C=CC=O(278) <=> O=CCCO(1765)
    H2O(7) + C=CC=O(278) <=> CC(O)C=O(2672)
    OH(5) + C=C[CH]O(2667) <=> H2O(7) + C=CC=O(278)
    OH(5) + [CH2]CC=O(281) <=> H2O(7) + C=CC=O(278)
    OH(5) + C[CH]C=O(2668) <=> H2O(7) + C=CC=O(278)
    OH(5) + C=CC[O](605) <=> H2O(7) + C=CC=O(278)
    O2(2) + C=C[CH]O(2667) <=> HO2(10) + C=CC=O(278)
    O2(2) + [CH2]CC=O(281) <=> HO2(10) + C=CC=O(278)
    O2(2) + C[CH]C=O(2668) <=> HO2(10) + C=CC=O(278)
    O2(2) + C=CC[O](605) <=> HO2(10) + C=CC=O(278)
    CC(C=O)O[O](2673) <=> HO2(10) + C=CC=O(278)
    [O]OCCC=O(2674) <=> HO2(10) + C=CC=O(278)
    C=CC(O)O[O](2675) <=> HO2(10) + C=CC=O(278)
    H2O2(11) + C=[C]C=O(2663) <=> HO2(10) + C=CC=O(278)
    H2O2(11) + [CH]=CC=O(276) <=> HO2(10) + C=CC=O(278)
    H2O2(11) + C=C[C]=O(277) <=> HO2(10) + C=CC=O(278)
    HO2(10) + C=CC=O(278) <=> C=C[CH]OOO(2676)
    HO2(10) + C=CC=O(278) <=> [CH2]C(C=O)OO(2677)
    HO2(10) + C=CC=O(278) <=> O=C[CH]COO(2678)
    HO2(10) + C=CC=O(278) <=> C=CC([O])OO(2679)
    HO2(10) + C=C[CH]O(2667) <=> H2O2(11) + C=CC=O(278)
    HO2(10) + [CH2]CC=O(281) <=> H2O2(11) + C=CC=O(278)
    HO2(10) + C[CH]C=O(2668) <=> H2O2(11) + C=CC=O(278)
    HO2(10) + C=CC[O](605) <=> H2O2(11) + C=CC=O(278)
    CO(12) + C=CC=O(278) <=> C=C(C=O)C=O(2680)
    CO(12) + C=CC=O(278) <=> O=CC=CC=O(2681)
    CO(12) + C=CC=O(278) <=> C=CC(=O)C=O(2682)
    HCO(14) + C=[C]C=O(2663) <=> CO(12) + C=CC=O(278)
    HCO(14) + [CH]=CC=O(276) <=> CO(12) + C=CC=O(278)
    HCO(14) + C=C[C]=O(277) <=> CO(12) + C=CC=O(278)
    [C-]=[O+]OC=C=C(2683) <=> CO(12) + C=CC=O(278)
    [C-]=[O+]CC=C=O(2684) <=> CO(12) + C=CC=O(278)
    C=C=CO[C-]=[OH+](2685) <=> CO(12) + C=CC=O(278)
    O=C=CC[C-]=[OH+](2686) <=> CO(12) + C=CC=O(278)
    CO2(13) + C=CC=O(278) <=> C=C(C=O)OC=O(2687)
    CO2(13) + C=CC=O(278) <=> O=CC=COC=O(2688)
    CO2(13) + C=CC=O(278) <=> C=C(C=O)C(=O)O(2689)
    CO2(13) + C=CC=O(278) <=> O=CC=CC(=O)O(2690)
    C=CC([O])C([O])=O(2691) <=> CO2(13) + C=CC=O(278)
    [O]C(=O)C[CH]C=O(2692) <=> CO2(13) + C=CC=O(278)
    [CH2]C(C=O)C([O])=O(2693) <=> CO2(13) + C=CC=O(278)
    C=C[CH]OC([O])=O(2694) <=> CO2(13) + C=CC=O(278)
    C=CC([O])O[C]=O(2695) <=> CO2(13) + C=CC=O(278)
    O=[C]OC[CH]C=O(2696) <=> CO2(13) + C=CC=O(278)
    [CH2]C(C=O)O[C]=O(2697) <=> CO2(13) + C=CC=O(278)
    C=C[CH]OO[C]=O(2698) <=> CO2(13) + C=CC=O(278)
    HOCO(102) + C=[C]C=O(2663) <=> CO2(13) + C=CC=O(278)
    HOCO(102) + C=C[C]=O(277) <=> CO2(13) + C=CC=O(278)
    HOCO(102) + [CH]=CC=O(276) <=> CO2(13) + C=CC=O(278)
    [O]C=O(103) + C=[C]C=O(2663) <=> CO2(13) + C=CC=O(278)
    [O]C=O(103) + C=C[C]=O(277) <=> CO2(13) + C=CC=O(278)
    [O]C=O(103) + [CH]=CC=O(276) <=> CO2(13) + C=CC=O(278)
    C=C=COOC=O(2699) <=> CO2(13) + C=CC=O(278)
    O=C=CCOC=O(2700) <=> CO2(13) + C=CC=O(278)
    C=C=COC(=O)O(2701) <=> CO2(13) + C=CC=O(278)
    O=C=CCC(=O)O(2702) <=> CO2(13) + C=CC=O(278)
    CH2(T)(17) + C=C[CH]O(2667) <=> CH3(18) + C=CC=O(278)
    CH2(T)(17) + [CH2]CC=O(281) <=> CH3(18) + C=CC=O(278)
    CH2(T)(17) + C[CH]C=O(2668) <=> CH3(18) + C=CC=O(278)
    CH2(T)(17) + C=CC[O](605) <=> CH3(18) + C=CC=O(278)
    CH3(18) + C=CC=O(278) <=> CH4(31) + C=[C]C=O(2663)
    CH3(18) + C=CC=O(278) <=> CH4(31) + [CH]=CC=O(276)
    CH3(18) + C=CC=O(278) <=> CH4(31) + C=C[C]=O(277)
    CH3(18) + C=CC=O(278) <=> C=C[CH]OC(2703)
    CH3(18) + C=CC=O(278) <=> [CH2]C(C)C=O(177)
    CH3(18) + C=CC=O(278) <=> CC[CH]C=O(2704)
    CH3(18) + C=CC=O(278) <=> C=CC(C)[O](2705)
    C=CC([O])C[O](2706) <=> CH2O(19) + C=CC=O(278)
    [O]CC[CH]C=O(2707) <=> CH2O(19) + C=CC=O(278)
    [CH2]C(C=O)C[O](2708) <=> CH2O(19) + C=CC=O(278)
    C=C[CH]OC[O](2709) <=> CH2O(19) + C=CC=O(278)
    [CH2]OC([O])C=C(2710) <=> CH2O(19) + C=CC=O(278)
    [CH2]OC[CH]C=O(2711) <=> CH2O(19) + C=CC=O(278)
    [CH2]OC([CH2])C=O(2712) <=> CH2O(19) + C=CC=O(278)
    [CH2]OO[CH]C=C(2713) <=> CH2O(19) + C=CC=O(278)
    CH2O(19) + C=CC=O(278) <=> C=CC1COO1(2714)
    CH2O(19) + C=CC=O(278) <=> C=CC1OCO1(2715)
    CH2O(19) + C=CC=O(278) <=> O=CC1CCO1(2716)
    CH2O(19) + C=CC=O(278) <=> O=CC1COC1(2717)
    HCO(14) + C=C[CH]O(2667) <=> CH2O(19) + C=CC=O(278)
    HCO(14) + [CH2]CC=O(281) <=> CH2O(19) + C=CC=O(278)
    HCO(14) + C[CH]C=O(2668) <=> CH2O(19) + C=CC=O(278)
    HCO(14) + C=CC[O](605) <=> CH2O(19) + C=CC=O(278)
    CH2OH(34) + C=[C]C=O(2663) <=> CH2O(19) + C=CC=O(278)
    CH2OH(34) + C=C[C]=O(277) <=> CH2O(19) + C=CC=O(278)
    CH2OH(34) + [CH]=CC=O(276) <=> CH2O(19) + C=CC=O(278)
    CH3O(27) + C=[C]C=O(2663) <=> CH2O(19) + C=CC=O(278)
    CH3O(27) + C=C[C]=O(277) <=> CH2O(19) + C=CC=O(278)
    CH3O(27) + [CH]=CC=O(276) <=> CH2O(19) + C=CC=O(278)
    C=C=COOC(2718) <=> CH2O(19) + C=CC=O(278)
    COCC=C=O(2719) <=> CH2O(19) + C=CC=O(278)
    C=C=COCO(2720) <=> CH2O(19) + C=CC=O(278)
    O=C=CCCO(2721) <=> CH2O(19) + C=CC=O(278)
    [CH]=CC([O])C=C(2722) <=> C2H2(22) + C=CC=O(278)
    [CH]=CC[CH]C=O(2723) <=> C2H2(22) + C=CC=O(278)
    [CH]=CC([CH2])C=O(2724) <=> C2H2(22) + C=CC=O(278)
    [CH]=CO[CH]C=C(2725) <=> C2H2(22) + C=CC=O(278)
    C2H(21) + C=C[CH]O(2667) <=> C2H2(22) + C=CC=O(278)
    C2H(21) + [CH2]CC=O(281) <=> C2H2(22) + C=CC=O(278)
    C2H(21) + C[CH]C=O(2668) <=> C2H2(22) + C=CC=O(278)
    C2H(21) + C=CC[O](605) <=> C2H2(22) + C=CC=O(278)
    C2H3(29) + C=[C]C=O(2663) <=> C2H2(22) + C=CC=O(278)
    C2H3(29) + C=C[C]=O(277) <=> C2H2(22) + C=CC=O(278)
    C2H3(29) + [CH]=CC=O(276) <=> C2H2(22) + C=CC=O(278)
    C=C=COC=C(2726) <=> C2H2(22) + C=CC=O(278)
    C=CCC=C=O(2727) <=> C2H2(22) + C=CC=O(278)
    CH3OH(26) + C=CC=O(278) <=> COCCC=O(2728)
    CH3OH(26) + C=CC=O(278) <=> COC(C)C=O(2729)
    CH3OH(26) + C=CC=O(278) <=> CC(C=O)CO(2730)
    CH3OH(26) + C=CC=O(278) <=> CCC(O)C=O(2731)
    CH2OH(34) + C=C[CH]O(2667) <=> CH3OH(26) + C=CC=O(278)
    CH2OH(34) + [CH2]CC=O(281) <=> CH3OH(26) + C=CC=O(278)
    CH2OH(34) + C[CH]C=O(2668) <=> CH3OH(26) + C=CC=O(278)
    CH2OH(34) + C=CC[O](605) <=> CH3OH(26) + C=CC=O(278)
    CH3O(27) + C=C[CH]O(2667) <=> CH3OH(26) + C=CC=O(278)
    CH3O(27) + [CH2]CC=O(281) <=> CH3OH(26) + C=CC=O(278)
    CH3O(27) + C[CH]C=O(2668) <=> CH3OH(26) + C=CC=O(278)
    CH3O(27) + C=CC[O](605) <=> CH3OH(26) + C=CC=O(278)
    C=CC([O])C(=C)[O](2732) <=> CH2CO(28) + C=CC=O(278)
    C=C([O])C[CH]C=O(2733) <=> CH2CO(28) + C=CC=O(278)
    [CH2]C(C=O)C(=C)[O](2734) <=> CH2CO(28) + C=CC=O(278)
    C=C[CH]OC(=C)[O](2735) <=> CH2CO(28) + C=CC=O(278)
    C=[C]OC([O])C=C(2736) <=> CH2CO(28) + C=CC=O(278)
    C=[C]OC[CH]C=O(2737) <=> CH2CO(28) + C=CC=O(278)
    [CH2]C(C=O)O[C]=C(2738) <=> CH2CO(28) + C=CC=O(278)
    C=[C]OO[CH]C=C(2739) <=> CH2CO(28) + C=CC=O(278)
    C=CC([O])C[C]=O(2740) <=> CH2CO(28) + C=CC=O(278)
    O=[C]CC[CH]C=O(2741) <=> CH2CO(28) + C=CC=O(278)
    [CH2]C(C=O)C[C]=O(2742) <=> CH2CO(28) + C=CC=O(278)
    C=C[CH]OC[C]=O(2743) <=> CH2CO(28) + C=CC=O(278)
    CH2CO(28) + C=CC=O(278) <=> C=CC1CC(=O)O1(2744)
    CH2CO(28) + C=CC=O(278) <=> C=CC1OCC1=O(2745)
    CH2CO(28) + C=CC=O(278) <=> O=CC1CCC1=O(2746)
    CH2CO(28) + C=CC=O(278) <=> O=CC1CC(=O)C1(2747)
    HCCO(20) + C=C[CH]O(2667) <=> CH2CO(28) + C=CC=O(278)
    HCCO(20) + [CH2]CC=O(281) <=> CH2CO(28) + C=CC=O(278)
    HCCO(20) + C[CH]C=O(2668) <=> CH2CO(28) + C=CC=O(278)
    HCCO(20) + C=CC[O](605) <=> CH2CO(28) + C=CC=O(278)
    C=[C]O(69) + C=[C]C=O(2663) <=> CH2CO(28) + C=CC=O(278)
    C=[C]O(69) + C=C[C]=O(277) <=> CH2CO(28) + C=CC=O(278)
    C=[C]O(69) + [CH]=CC=O(276) <=> CH2CO(28) + C=CC=O(278)
    CH3CO(35) + C=[C]C=O(2663) <=> CH2CO(28) + C=CC=O(278)
    CH3CO(35) + C=C[C]=O(277) <=> CH2CO(28) + C=CC=O(278)
    CH3CO(35) + [CH]=CC=O(276) <=> CH2CO(28) + C=CC=O(278)
    CH2CHO(36) + C=[C]C=O(2663) <=> CH2CO(28) + C=CC=O(278)
    CH2CHO(36) + C=C[C]=O(277) <=> CH2CO(28) + C=CC=O(278)
    CH2CHO(36) + [CH]=CC=O(276) <=> CH2CO(28) + C=CC=O(278)
    C#COOCC=C(2748) <=> CH2CO(28) + C=CC=O(278)
    C#COC(C)C=O(2749) <=> CH2CO(28) + C=CC=O(278)
    C#COCCC=O(2750) <=> CH2CO(28) + C=CC=O(278)
    C#COC(O)C=C(2751) <=> CH2CO(28) + C=CC=O(278)
    C=C=COOC=C(2752) <=> CH2CO(28) + C=CC=O(278)
    C=COCC=C=O(2753) <=> CH2CO(28) + C=CC=O(278)
    C=C=COCC=O(2754) <=> CH2CO(28) + C=CC=O(278)
    O=C=CCCC=O(2755) <=> CH2CO(28) + C=CC=O(278)
    C=C=COC(=C)O(2756) <=> CH2CO(28) + C=CC=O(278)
    C=C(O)CC=C=O(2757) <=> CH2CO(28) + C=CC=O(278)
    C=C=COC(C)=O(2758) <=> CH2CO(28) + C=CC=O(278)
    CC(=O)CC=C=O(2759) <=> CH2CO(28) + C=CC=O(278)
    [CH2]CC([O])C=C(2760) <=> C2H4(30) + C=CC=O(278)
    [CH2]CC[CH]C=O(2761) <=> C2H4(30) + C=CC=O(278)
    [CH2]CC([CH2])C=O(2762) <=> C2H4(30) + C=CC=O(278)
    [CH2]CO[CH]C=C(2763) <=> C2H4(30) + C=CC=O(278)
    C2H4(30) + C=CC=O(278) <=> C=CC1CCO1(2764)
    C2H4(30) + C=CC=O(278) <=> C=CC1CCO1(2764)
    C2H3(29) + C=C[CH]O(2667) <=> C2H4(30) + C=CC=O(278)
    C2H3(29) + [CH2]CC=O(281) <=> C2H4(30) + C=CC=O(278)
    C2H3(29) + C[CH]C=O(2668) <=> C2H4(30) + C=CC=O(278)
    C2H3(29) + C=CC[O](605) <=> C2H4(30) + C=CC=O(278)
    C2H5(33) + C=[C]C=O(2663) <=> C2H4(30) + C=CC=O(278)
    C2H5(33) + C=C[C]=O(277) <=> C2H4(30) + C=CC=O(278)
    C2H5(33) + [CH]=CC=O(276) <=> C2H4(30) + C=CC=O(278)
    C=C=COCC(2765) <=> C2H4(30) + C=CC=O(278)
    CCCC=C=O(2766) <=> C2H4(30) + C=CC=O(278)
    CH3(18) + C=C[CH]O(2667) <=> CH4(31) + C=CC=O(278)
    CH3(18) + [CH2]CC=O(281) <=> CH4(31) + C=CC=O(278)
    CH3(18) + C[CH]C=O(2668) <=> CH4(31) + C=CC=O(278)
    CH3(18) + C=CC[O](605) <=> CH4(31) + C=CC=O(278)
    C2H5(33) + C=C[CH]O(2667) <=> C2H6(32) + C=CC=O(278)
    C2H5(33) + [CH2]CC=O(281) <=> C2H6(32) + C=CC=O(278)
    C2H5(33) + C[CH]C=O(2668) <=> C2H6(32) + C=CC=O(278)
    C2H5(33) + C=CC[O](605) <=> C2H6(32) + C=CC=O(278)
    [CH]C(65) + C=C[CH]O(2667) <=> C2H5(33) + C=CC=O(278)
    [CH]C(65) + [CH2]CC=O(281) <=> C2H5(33) + C=CC=O(278)
    [CH]C(65) + C[CH]C=O(2668) <=> C2H5(33) + C=CC=O(278)
    [CH]C(65) + C=CC[O](605) <=> C2H5(33) + C=CC=O(278)
    [CH2][CH2](66) + C=C[CH]O(2667) <=> C2H5(33) + C=CC=O(278)
    [CH2][CH2](66) + [CH2]CC=O(281) <=> C2H5(33) + C=CC=O(278)
    [CH2][CH2](66) + C[CH]C=O(2668) <=> C2H5(33) + C=CC=O(278)
    [CH2][CH2](66) + C=CC[O](605) <=> C2H5(33) + C=CC=O(278)
    C2H6(32) + C=[C]C=O(2663) <=> C2H5(33) + C=CC=O(278)
    C2H5(33) + C=CC=O(278) <=> C2H6(32) + [CH]=CC=O(276)
    C2H5(33) + C=CC=O(278) <=> C2H6(32) + C=C[C]=O(277)
    C2H5(33) + C=CC=O(278) <=> C=C[CH]OCC(2767)
    C2H5(33) + C=CC=O(278) <=> [CH2]C(C=O)CC(477)
    C2H5(33) + C=CC=O(278) <=> CCC[CH]C=O(2768)
    C2H5(33) + C=CC=O(278) <=> C=CC([O])CC(2769)
    [CH2]C([O])C([O])C=C(2770) <=> CH2CHO(36) + C=CC=O(278)
    [CH2]C([O])C[CH]C=O(2771) <=> CH2CHO(36) + C=CC=O(278)
    [CH2]C([O])C([CH2])C=O(2772) <=> CH2CHO(36) + C=CC=O(278)
    [CH2]C([O])O[CH]C=C(2773) <=> CH2CHO(36) + C=CC=O(278)
    [CH2][CH]OC([O])C=C(2774) <=> CH2CHO(36) + C=CC=O(278)
    [CH2][CH]OC[CH]C=O(2775) <=> CH2CHO(36) + C=CC=O(278)
    [CH2][CH]OC([CH2])C=O(2776) <=> CH2CHO(36) + C=CC=O(278)
    [CH2][CH]OO[CH]C=C(2777) <=> CH2CHO(36) + C=CC=O(278)
    CH2CHO(36) + C=CC=O(278) <=> [CH2]C1OOC1C=C(2778)
    CH2CHO(36) + C=CC=O(278) <=> [CH2]C1OC(C=C)O1(2779)
    CH2CHO(36) + C=CC=O(278) <=> [CH2]C1CC(C=O)O1(2780)
    CH2CHO(36) + C=CC=O(278) <=> [CH2]C1OCC1C=O(2781)
    [CH]=C[O](60) + C=C[CH]O(2667) <=> CH2CHO(36) + C=CC=O(278)
    [CH]=C[O](60) + [CH2]CC=O(281) <=> CH2CHO(36) + C=CC=O(278)
    [CH]=C[O](60) + C[CH]C=O(2668) <=> CH2CHO(36) + C=CC=O(278)
    [CH]=C[O](60) + C=CC[O](605) <=> CH2CHO(36) + C=CC=O(278)
    [CH2][C]=O(68) + C=C[CH]O(2667) <=> CH2CHO(36) + C=CC=O(278)
    [CH2][C]=O(68) + [CH2]CC=O(281) <=> CH2CHO(36) + C=CC=O(278)
    [CH2][C]=O(68) + C[CH]C=O(2668) <=> CH2CHO(36) + C=CC=O(278)
    [CH2][C]=O(68) + C=CC[O](605) <=> CH2CHO(36) + C=CC=O(278)
    [CH2][CH]O(126) + C=[C]C=O(2663) <=> CH2CHO(36) + C=CC=O(278)
    [CH2][CH]O(126) + C=C[C]=O(277) <=> CH2CHO(36) + C=CC=O(278)
    [CH2][CH]O(126) + [CH]=CC=O(276) <=> CH2CHO(36) + C=CC=O(278)
    [CH2]C[O](71) + C=[C]C=O(2663) <=> CH2CHO(36) + C=CC=O(278)
    [CH2]C[O](71) + C=C[C]=O(277) <=> CH2CHO(36) + C=CC=O(278)
    [CH2]C[O](71) + [CH]=CC=O(276) <=> CH2CHO(36) + C=CC=O(278)
    CH3CHO(37) + C=[C]C=O(2663) <=> CH2CHO(36) + C=CC=O(278)
    CH3CHO(37) + [CH]=CC=O(276) <=> CH2CHO(36) + C=CC=O(278)
    CH2CHO(36) + C=CC=O(278) <=> CH3CHO(37) + C=C[C]=O(277)
    CH2CHO(36) + C=CC=O(278) <=> C=C[CH]OCC=O(2782)
    CH2CHO(36) + C=CC=O(278) <=> [CH2]C(C=O)CC=O(2783)
    CH2CHO(36) + C=CC=O(278) <=> O=C[CH]CCC=O(2784)
    CH2CHO(36) + C=CC=O(278) <=> C=CC([O])CC=O(2785)
    [CH2]COOC=C=C(2786) <=> CH2CHO(36) + C=CC=O(278)
    [CH2]COCC=C=O(2787) <=> CH2CHO(36) + C=CC=O(278)
    [CH2]C(O)OC=C=C(2788) <=> CH2CHO(36) + C=CC=O(278)
    [CH2]C(O)CC=C=O(2789) <=> CH2CHO(36) + C=CC=O(278)
    C=CC([O])C[CH][O](2790) <=> CH2CHO(36) + C=CC=O(278)
    [O][CH]CC[CH]C=O(2791) <=> CH2CHO(36) + C=CC=O(278)
    [CH2]C(C=O)C[CH][O](2792) <=> CH2CHO(36) + C=CC=O(278)
    C=C[CH]OC[CH][O](2793) <=> CH2CHO(36) + C=CC=O(278)
    CH2CHO(36) + C=CC=O(278) <=> C=CC1CC([O])O1(2794)
    CH2CHO(36) + C=CC=O(278) <=> C=CC1OCC1[O](2795)
    C[CH][O](127) + C=[C]C=O(2663) <=> CH2CHO(36) + C=CC=O(278)
    C[CH][O](127) + C=C[C]=O(277) <=> CH2CHO(36) + C=CC=O(278)
    C[CH][O](127) + [CH]=CC=O(276) <=> CH2CHO(36) + C=CC=O(278)
    C2H3OH(72) + C=[C]C=O(2663) <=> CH2CHO(36) + C=CC=O(278)
    C2H3OH(72) + [CH]=CC=O(276) <=> CH2CHO(36) + C=CC=O(278)
    C2H3OH(72) + C=C[C]=O(277) <=> CH2CHO(36) + C=CC=O(278)
    CH2CHO(36) + C=CC=O(278) <=> C=C[CH]OOC=C(2796)
    CH2CHO(36) + C=CC=O(278) <=> [CH2]C(C=O)OC=C(2797)
    CH2CHO(36) + C=CC=O(278) <=> C=COC[CH]C=O(2798)
    CH2CHO(36) + C=CC=O(278) <=> C=COC([O])C=C(2799)
    C=C=COCC[O](2800) <=> CH2CHO(36) + C=CC=O(278)
    [O]CCCC=C=O(2801) <=> CH2CHO(36) + C=CC=O(278)
    C=C=COC(C)[O](2802) <=> CH2CHO(36) + C=CC=O(278)
    CC([O])CC=C=O(2803) <=> CH2CHO(36) + C=CC=O(278)
    C=CC([O])C(C)[O](2804) <=> CH3CHO(37) + C=CC=O(278)
    CC([O])C[CH]C=O(2805) <=> CH3CHO(37) + C=CC=O(278)
    [CH2]C(C=O)C(C)[O](2806) <=> CH3CHO(37) + C=CC=O(278)
    C=C[CH]OC(C)[O](2807) <=> CH3CHO(37) + C=CC=O(278)
    C=CC([O])O[CH]C(2808) <=> CH3CHO(37) + C=CC=O(278)
    C[CH]OC[CH]C=O(2809) <=> CH3CHO(37) + C=CC=O(278)
    [CH2]C(C=O)O[CH]C(2810) <=> CH3CHO(37) + C=CC=O(278)
    C=C[CH]OO[CH]C(2811) <=> CH3CHO(37) + C=CC=O(278)
    CH3CHO(37) + C=CC=O(278) <=> C=CC1OOC1C(2812)
    CH3CHO(37) + C=CC=O(278) <=> C=CC1OC(C)O1(2813)
    CH3CHO(37) + C=CC=O(278) <=> CC1CC(C=O)O1(2814)
    CH3CHO(37) + C=CC=O(278) <=> CC1OCC1C=O(2815)
    CH2CHO(36) + C=C[CH]O(2667) <=> CH3CHO(37) + C=CC=O(278)
    CH2CHO(36) + [CH2]CC=O(281) <=> CH3CHO(37) + C=CC=O(278)
    CH2CHO(36) + C[CH]C=O(2668) <=> CH3CHO(37) + C=CC=O(278)
    CH2CHO(36) + C=CC[O](605) <=> CH3CHO(37) + C=CC=O(278)
    CH3CO(35) + C=C[CH]O(2667) <=> CH3CHO(37) + C=CC=O(278)
    CH3CO(35) + [CH2]CC=O(281) <=> CH3CHO(37) + C=CC=O(278)
    CH3CO(35) + C[CH]C=O(2668) <=> CH3CHO(37) + C=CC=O(278)
    CH3CO(35) + C=CC[O](605) <=> CH3CHO(37) + C=CC=O(278)
    CH3CHOH(133) + C=[C]C=O(2663) <=> CH3CHO(37) + C=CC=O(278)
    CH3CHOH(133) + C=C[C]=O(277) <=> CH3CHO(37) + C=CC=O(278)
    CH3CHOH(133) + [CH]=CC=O(276) <=> CH3CHO(37) + C=CC=O(278)
    CH3CH2O(134) + C=[C]C=O(2663) <=> CH3CHO(37) + C=CC=O(278)
    CH3CH2O(134) + C=C[C]=O(277) <=> CH3CHO(37) + C=CC=O(278)
    CH3CH2O(134) + [CH]=CC=O(276) <=> CH3CHO(37) + C=CC=O(278)
    C=CCOOC=C(2816) <=> CH3CHO(37) + C=CC=O(278)
    C=COC(C)C=O(2817) <=> CH3CHO(37) + C=CC=O(278)
    C=COCCC=O(2818) <=> CH3CHO(37) + C=CC=O(278)
    C=COC(O)C=C(2819) <=> CH3CHO(37) + C=CC=O(278)
    C=C=COOCC(2820) <=> CH3CHO(37) + C=CC=O(278)
    CCOCC=C=O(2821) <=> CH3CHO(37) + C=CC=O(278)
    C=C=COC(C)O(2822) <=> CH3CHO(37) + C=CC=O(278)
    CC(O)CC=C=O(2823) <=> CH3CHO(37) + C=CC=O(278)
    C=C[CH]O(2667) + CCCC[CH]CCCCCCC(43) <=> C=CC=O(278) + C12H24(1)
    [CH2]CC=O(281) + CCCC[CH]CCCCCCC(43) <=> C=CC=O(278) + C12H24(1)
    C[CH]C=O(2668) + CCCC[CH]CCCCCCC(43) <=> C=CC=O(278) + C12H24(1)
    C=CC[O](605) + CCCC[CH]CCCCCCC(43) <=> C=CC=O(278) + C12H24(1)
    C=C[CH]O(2667) + CCCCC[CH]CCCCCC(45) <=> C=CC=O(278) + C12H24(1)
    [CH2]CC=O(281) + CCCCC[CH]CCCCCC(45) <=> C=CC=O(278) + C12H24(1)
    C[CH]C=O(2668) + CCCCC[CH]CCCCCC(45) <=> C=CC=O(278) + C12H24(1)
    C=CC[O](605) + CCCCC[CH]CCCCCC(45) <=> C=CC=O(278) + C12H24(1)
    C=C[CH]O(2667) + CCC[CH]CCCCCCCC(48) <=> C=CC=O(278) + C12H24(1)
    [CH2]CC=O(281) + CCC[CH]CCCCCCCC(48) <=> C=CC=O(278) + C12H24(1)
    C[CH]C=O(2668) + CCC[CH]CCCCCCCC(48) <=> C=CC=O(278) + C12H24(1)
    C=CC[O](605) + CCC[CH]CCCCCCCC(48) <=> C=CC=O(278) + C12H24(1)
    C=C[CH]O(2667) + CC[CH]CCCCCCCCC(50) <=> C=CC=O(278) + C12H24(1)
    [CH2]CC=O(281) + CC[CH]CCCCCCCCC(50) <=> C=CC=O(278) + C12H24(1)
    C[CH]C=O(2668) + CC[CH]CCCCCCCCC(50) <=> C=CC=O(278) + C12H24(1)
    C=CC[O](605) + CC[CH]CCCCCCCCC(50) <=> C=CC=O(278) + C12H24(1)
    C=C[CH]O(2667) + C[CH]CCCCCCCCCC(52) <=> C=CC=O(278) + C12H24(1)
    [CH2]CC=O(281) + C[CH]CCCCCCCCCC(52) <=> C=CC=O(278) + C12H24(1)
    C[CH]C=O(2668) + C[CH]CCCCCCCCCC(52) <=> C=CC=O(278) + C12H24(1)
    C=CC[O](605) + C[CH]CCCCCCCCCC(52) <=> C=CC=O(278) + C12H24(1)
    C=C[CH]O(2667) + [CH2]CCCCCCCCCCC(53) <=> C=CC=O(278) + C12H24(1)
    [CH2]CC=O(281) + [CH2]CCCCCCCCCCC(53) <=> C=CC=O(278) + C12H24(1)
    C[CH]C=O(2668) + [CH2]CCCCCCCCCCC(53) <=> C=CC=O(278) + C12H24(1)
    C=CC[O](605) + [CH2]CCCCCCCCCCC(53) <=> C=CC=O(278) + C12H24(1)
    HO2(10) + C=[C]C=O(2663) <=> O2(2) + C=CC=O(278)
    O2(2) + C=CC=O(278) <=> HO2(10) + [CH]=CC=O(276)
    HO2(10) + C=C[C]=O(277) <=> O2(2) + C=CC=O(278)
    O2(2) + C=CC=O(278) <=> C=C[CH]OO[O](2824)
    O2(2) + C=CC=O(278) <=> [CH2]C(C=O)O[O](2825)
    O2(2) + C=CC=O(278) <=> [O]OC[CH]C=O(2826)
    O2(2) + C=CC=O(278) <=> C=CC([O])O[O](2827)
    C=CC([O])C[CH]C(2828) <=> C=CC=O(278) + C=CC(158)
    C[CH]CC[CH]C=O(2829) <=> C=CC=O(278) + C=CC(158)
    [CH2]C(C=O)C[CH]C(2830) <=> C=CC=O(278) + C=CC(158)
    C=C[CH]OC[CH]C(2831) <=> C=CC=O(278) + C=CC(158)
    [CH2]C(C)C([O])C=C(2832) <=> C=CC=O(278) + C=CC(158)
    [CH2]C(C)C[CH]C=O(2833) <=> C=CC=O(278) + C=CC(158)
    [CH2]C(C)C([CH2])C=O(2834) <=> C=CC=O(278) + C=CC(158)
    [CH2]C(C)O[CH]C=C(2835) <=> C=CC=O(278) + C=CC(158)
    C=CC=O(278) + C=CC(158) <=> C=CC1CC(C)O1(2836)
    C=CC=O(278) + C=CC(158) <=> C=CC1OCC1C(2837)
    [CH2]C=C(643) + C=C[CH]O(2667) <=> C=CC=O(278) + C=CC(158)
    [CH2]C=C(643) + [CH2]CC=O(281) <=> C=CC=O(278) + C=CC(158)
    [CH2]C=C(643) + C[CH]C=O(2668) <=> C=CC=O(278) + C=CC(158)
    [CH2]C=C(643) + C=CC[O](605) <=> C=CC=O(278) + C=CC(158)
    C=[C]C(644) + C=C[CH]O(2667) <=> C=CC=O(278) + C=CC(158)
    C=[C]C(644) + [CH2]CC=O(281) <=> C=CC=O(278) + C=CC(158)
    C=[C]C(644) + C[CH]C=O(2668) <=> C=CC=O(278) + C=CC(158)
    C=[C]C(644) + C=CC[O](605) <=> C=CC=O(278) + C=CC(158)
    [CH]=CC(374) + C=C[CH]O(2667) <=> C=CC=O(278) + C=CC(158)
    [CH]=CC(374) + [CH2]CC=O(281) <=> C=CC=O(278) + C=CC(158)
    [CH]=CC(374) + C[CH]C=O(2668) <=> C=CC=O(278) + C=CC(158)
    [CH]=CC(374) + C=CC[O](605) <=> C=CC=O(278) + C=CC(158)
    C=[C]C=O(2663) + [CH2]CC(47) <=> C=CC=O(278) + C=CC(158)
    C=C[C]=O(277) + [CH2]CC(47) <=> C=CC=O(278) + C=CC(158)
    [CH]=CC=O(276) + [CH2]CC(47) <=> C=CC=O(278) + C=CC(158)
    C=[C]C=O(2663) + C[CH]C(160) <=> C=CC=O(278) + C=CC(158)
    C=C[C]=O(277) + C[CH]C(160) <=> C=CC=O(278) + C=CC(158)
    [CH]=CC=O(276) + C[CH]C(160) <=> C=CC=O(278) + C=CC(158)
    C=CCOCC=C(2838) <=> C=CC=O(278) + C=CC(158)
    C=CCC(C)C=O(2839) <=> C=CC=O(278) + C=CC(158)
    C=CCCCC=O(2840) <=> C=CC=O(278) + C=CC(158)
    C=CCC(O)C=C(2841) <=> C=CC=O(278) + C=CC(158)
    C=C=COC(C)C(2842) <=> C=CC=O(278) + C=CC(158)
    CC(C)CC=C=O(2843) <=> C=CC=O(278) + C=CC(158)
    C=C=COCCC(2844) <=> C=CC=O(278) + C=CC(158)
    CCCCC=C=O(2845) <=> C=CC=O(278) + C=CC(158)
    C=CC([O])C[CH]CCCCCCC(2846) <=> C=CC=O(278) + C=CCCCCCCC(138)
    CCCCCCC[CH]CC[CH]C=O(2847) <=> C=CC=O(278) + C=CCCCCCCC(138)
    [CH2]C(C=O)C[CH]CCCCCCC(2848) <=> C=CC=O(278) + C=CCCCCCCC(138)
    C=C[CH]OC[CH]CCCCCCC(2849) <=> C=CC=O(278) + C=CCCCCCCC(138)
    [CH2]C(CCCCCCC)C([O])C=C(2850) <=> C=CC=O(278) + C=CCCCCCCC(138)
    [CH2]C(C[CH]C=O)CCCCCCC(2851) <=> C=CC=O(278) + C=CCCCCCCC(138)
    [CH2]C(C=O)C([CH2])CCCCCCC(2852) <=> C=CC=O(278) + C=CCCCCCCC(138)
    [CH2]C(CCCCCCC)O[CH]C=C(2853) <=> C=CC=O(278) + C=CCCCCCCC(138)
    C=CC=O(278) + C=CCCCCCCC(138) <=> C=CC1CC(CCCCCCC)O1(2854)
    C=CC=O(278) + C=CCCCCCCC(138) <=> C=CC1OCC1CCCCCCC(2855)
    C=C[CH]O(2667) + C=CC[CH]CCCCC(872) <=> C=CC=O(278) + C=CCCCCCCC(138)
    [CH2]CC=O(281) + C=CC[CH]CCCCC(872) <=> C=CC=O(278) + C=CCCCCCCC(138)
    C[CH]C=O(2668) + C=CC[CH]CCCCC(872) <=> C=CC=O(278) + C=CCCCCCCC(138)
    C=CC[O](605) + C=CC[CH]CCCCC(872) <=> C=CC=O(278) + C=CCCCCCCC(138)
    C=C[CH]O(2667) + C=CCC[CH]CCCC(867) <=> C=CC=O(278) + C=CCCCCCCC(138)
    [CH2]CC=O(281) + C=CCC[CH]CCCC(867) <=> C=CC=O(278) + C=CCCCCCCC(138)
    C[CH]C=O(2668) + C=CCC[CH]CCCC(867) <=> C=CC=O(278) + C=CCCCCCCC(138)
    C=CC[O](605) + C=CCC[CH]CCCC(867) <=> C=CC=O(278) + C=CCCCCCCC(138)
    C=C[CH]O(2667) + C=CCCC[CH]CCC(869) <=> C=CC=O(278) + C=CCCCCCCC(138)
    [CH2]CC=O(281) + C=CCCC[CH]CCC(869) <=> C=CC=O(278) + C=CCCCCCCC(138)
    C[CH]C=O(2668) + C=CCCC[CH]CCC(869) <=> C=CC=O(278) + C=CCCCCCCC(138)
    C=CC[O](605) + C=CCCC[CH]CCC(869) <=> C=CC=O(278) + C=CCCCCCCC(138)
    C=C[CH]O(2667) + C=CCCCC[CH]CC(871) <=> C=CC=O(278) + C=CCCCCCCC(138)
    [CH2]CC=O(281) + C=CCCCC[CH]CC(871) <=> C=CC=O(278) + C=CCCCCCCC(138)
    C[CH]C=O(2668) + C=CCCCC[CH]CC(871) <=> C=CC=O(278) + C=CCCCCCCC(138)
    C=CC[O](605) + C=CCCCC[CH]CC(871) <=> C=CC=O(278) + C=CCCCCCCC(138)
    C=C[CH]O(2667) + C=CCCCCC[CH]C(874) <=> C=CC=O(278) + C=CCCCCCCC(138)
    [CH2]CC=O(281) + C=CCCCCC[CH]C(874) <=> C=CC=O(278) + C=CCCCCCCC(138)
    C[CH]C=O(2668) + C=CCCCCC[CH]C(874) <=> C=CC=O(278) + C=CCCCCCCC(138)
    C=CC[O](605) + C=CCCCCC[CH]C(874) <=> C=CC=O(278) + C=CCCCCCCC(138)
    C=C[CH]O(2667) + C=C[CH]CCCCCC(875) <=> C=CC=O(278) + C=CCCCCCCC(138)
    [CH2]CC=O(281) + C=C[CH]CCCCCC(875) <=> C=CC=O(278) + C=CCCCCCCC(138)
    C[CH]C=O(2668) + C=C[CH]CCCCCC(875) <=> C=CC=O(278) + C=CCCCCCCC(138)
    C=CC[O](605) + C=C[CH]CCCCCC(875) <=> C=CC=O(278) + C=CCCCCCCC(138)
    C=C[CH]O(2667) + [CH2]CCCCCCC=C(876) <=> C=CC=O(278) + C=CCCCCCCC(138)
    [CH2]CC=O(281) + [CH2]CCCCCCC=C(876) <=> C=CC=O(278) + C=CCCCCCCC(138)
    C[CH]C=O(2668) + [CH2]CCCCCCC=C(876) <=> C=CC=O(278) + C=CCCCCCCC(138)
    C=CC[O](605) + [CH2]CCCCCCC=C(876) <=> C=CC=O(278) + C=CCCCCCCC(138)
    C=C[CH]O(2667) + C=[C]CCCCCCC(877) <=> C=CC=O(278) + C=CCCCCCCC(138)
    [CH2]CC=O(281) + C=[C]CCCCCCC(877) <=> C=CC=O(278) + C=CCCCCCCC(138)
    C[CH]C=O(2668) + C=[C]CCCCCCC(877) <=> C=CC=O(278) + C=CCCCCCCC(138)
    C=CC[O](605) + C=[C]CCCCCCC(877) <=> C=CC=O(278) + C=CCCCCCCC(138)
    C=C[CH]O(2667) + [CH]=CCCCCCCC(585) <=> C=CC=O(278) + C=CCCCCCCC(138)
    [CH2]CC=O(281) + [CH]=CCCCCCCC(585) <=> C=CC=O(278) + C=CCCCCCCC(138)
    C[CH]C=O(2668) + [CH]=CCCCCCCC(585) <=> C=CC=O(278) + C=CCCCCCCC(138)
    C=CC[O](605) + [CH]=CCCCCCCC(585) <=> C=CC=O(278) + C=CCCCCCCC(138)
    C=[C]C=O(2663) + [CH2]CCCCCCCC(46) <=> C=CC=O(278) + C=CCCCCCCC(138)
    C=C[C]=O(277) + [CH2]CCCCCCCC(46) <=> C=CC=O(278) + C=CCCCCCCC(138)
    [CH]=CC=O(276) + [CH2]CCCCCCCC(46) <=> C=CC=O(278) + C=CCCCCCCC(138)
    C=[C]C=O(2663) + C[CH]CCCCCCC(153) <=> C=CC=O(278) + C=CCCCCCCC(138)
    C=C[C]=O(277) + C[CH]CCCCCCC(153) <=> C=CC=O(278) + C=CCCCCCCC(138)
    [CH]=CC=O(276) + C[CH]CCCCCCC(153) <=> C=CC=O(278) + C=CCCCCCCC(138)
    C=CCOCC=CCCCCCC(2856) <=> C=CC=O(278) + C=CCCCCCCC(138)
    CCCCCCC=CCC(C)C=O(2857) <=> C=CC=O(278) + C=CCCCCCCC(138)
    CCCCCCC=CCCCC=O(2858) <=> C=CC=O(278) + C=CCCCCCCC(138)
    C=CC(O)CC=CCCCCCC(2859) <=> C=CC=O(278) + C=CCCCCCCC(138)
    C=C=COC(C)CCCCCCC(2860) <=> C=CC=O(278) + C=CCCCCCCC(138)
    CCCCCCCC(C)CC=C=O(2861) <=> C=CC=O(278) + C=CCCCCCCC(138)
    C=C=COCCCCCCCCC(2862) <=> C=CC=O(278) + C=CCCCCCCC(138)
    CCCCCCCCCCC=C=O(2863) <=> C=CC=O(278) + C=CCCCCCCC(138)
    C=CC([O])C[CH]CCCC(2864) <=> C=CC=O(278) + C=CCCCC(514)
    CCCC[CH]CC[CH]C=O(2865) <=> C=CC=O(278) + C=CCCCC(514)
    [CH2]C(C=O)C[CH]CCCC(2866) <=> C=CC=O(278) + C=CCCCC(514)
    C=C[CH]OC[CH]CCCC(2867) <=> C=CC=O(278) + C=CCCCC(514)
    [CH2]C(CCCC)C([O])C=C(2868) <=> C=CC=O(278) + C=CCCCC(514)
    [CH2]C(C[CH]C=O)CCCC(2869) <=> C=CC=O(278) + C=CCCCC(514)
    [CH2]C(C=O)C([CH2])CCCC(2870) <=> C=CC=O(278) + C=CCCCC(514)
    [CH2]C(CCCC)O[CH]C=C(2871) <=> C=CC=O(278) + C=CCCCC(514)
    C=CC=O(278) + C=CCCCC(514) <=> C=CC1CC(CCCC)O1(2872)
    C=CC=O(278) + C=CCCCC(514) <=> C=CC1OCC1CCCC(2873)
    C=C[CH]O(2667) + C=CC[CH]CC(996) <=> C=CC=O(278) + C=CCCCC(514)
    [CH2]CC=O(281) + C=CC[CH]CC(996) <=> C=CC=O(278) + C=CCCCC(514)
    C[CH]C=O(2668) + C=CC[CH]CC(996) <=> C=CC=O(278) + C=CCCCC(514)
    C=CC[O](605) + C=CC[CH]CC(996) <=> C=CC=O(278) + C=CCCCC(514)
    C=C[CH]O(2667) + C=CCC[CH]C(997) <=> C=CC=O(278) + C=CCCCC(514)
    [CH2]CC=O(281) + C=CCC[CH]C(997) <=> C=CC=O(278) + C=CCCCC(514)
    C[CH]C=O(2668) + C=CCC[CH]C(997) <=> C=CC=O(278) + C=CCCCC(514)
    C=CC[O](605) + C=CCC[CH]C(997) <=> C=CC=O(278) + C=CCCCC(514)
    C=C[CH]O(2667) + C=C[CH]CCC(998) <=> C=CC=O(278) + C=CCCCC(514)
    [CH2]CC=O(281) + C=C[CH]CCC(998) <=> C=CC=O(278) + C=CCCCC(514)
    C[CH]C=O(2668) + C=C[CH]CCC(998) <=> C=CC=O(278) + C=CCCCC(514)
    C=CC[O](605) + C=C[CH]CCC(998) <=> C=CC=O(278) + C=CCCCC(514)
    C=C[CH]O(2667) + [CH2]CCCC=C(868) <=> C=CC=O(278) + C=CCCCC(514)
    [CH2]CC=O(281) + [CH2]CCCC=C(868) <=> C=CC=O(278) + C=CCCCC(514)
    C[CH]C=O(2668) + [CH2]CCCC=C(868) <=> C=CC=O(278) + C=CCCCC(514)
    C=CC[O](605) + [CH2]CCCC=C(868) <=> C=CC=O(278) + C=CCCCC(514)
    C=C[CH]O(2667) + C=[C]CCCC(999) <=> C=CC=O(278) + C=CCCCC(514)
    [CH2]CC=O(281) + C=[C]CCCC(999) <=> C=CC=O(278) + C=CCCCC(514)
    C[CH]C=O(2668) + C=[C]CCCC(999) <=> C=CC=O(278) + C=CCCCC(514)
    C=CC[O](605) + C=[C]CCCC(999) <=> C=CC=O(278) + C=CCCCC(514)
    C=C[CH]O(2667) + [CH]=CCCCC(500) <=> C=CC=O(278) + C=CCCCC(514)
    [CH2]CC=O(281) + [CH]=CCCCC(500) <=> C=CC=O(278) + C=CCCCC(514)
    C[CH]C=O(2668) + [CH]=CCCCC(500) <=> C=CC=O(278) + C=CCCCC(514)
    C=CC[O](605) + [CH]=CCCCC(500) <=> C=CC=O(278) + C=CCCCC(514)
    C=[C]C=O(2663) + [CH2]CCCCC(44) <=> C=CC=O(278) + C=CCCCC(514)
    C=C[C]=O(277) + [CH2]CCCCC(44) <=> C=CC=O(278) + C=CCCCC(514)
    [CH]=CC=O(276) + [CH2]CCCCC(44) <=> C=CC=O(278) + C=CCCCC(514)
    C=[C]C=O(2663) + C[CH]CCCC(519) <=> C=CC=O(278) + C=CCCCC(514)
    C=C[C]=O(277) + C[CH]CCCC(519) <=> C=CC=O(278) + C=CCCCC(514)
    [CH]=CC=O(276) + C[CH]CCCC(519) <=> C=CC=O(278) + C=CCCCC(514)
    C=CCOCC=CCCC(2874) <=> C=CC=O(278) + C=CCCCC(514)
    CCCC=CCC(C)C=O(2875) <=> C=CC=O(278) + C=CCCCC(514)
    CCCC=CCCCC=O(2876) <=> C=CC=O(278) + C=CCCCC(514)
    C=CC(O)CC=CCCC(2877) <=> C=CC=O(278) + C=CCCCC(514)
    C=C=COC(C)CCCC(2878) <=> C=CC=O(278) + C=CCCCC(514)
    CCCCC(C)CC=C=O(2879) <=> C=CC=O(278) + C=CCCCC(514)
    C=C=COCCCCCC(2880) <=> C=CC=O(278) + C=CCCCC(514)
    CCCCCCCC=C=O(2881) <=> C=CC=O(278) + C=CCCCC(514)
    C=CC([O])C[CH]CCCCC(2882) <=> C=CC=O(278) + C=CCCCCC(546)
    CCCCC[CH]CC[CH]C=O(2883) <=> C=CC=O(278) + C=CCCCCC(546)
    [CH2]C(C=O)C[CH]CCCCC(2884) <=> C=CC=O(278) + C=CCCCCC(546)
    C=C[CH]OC[CH]CCCCC(2885) <=> C=CC=O(278) + C=CCCCCC(546)
    [CH2]C(CCCCC)C([O])C=C(2886) <=> C=CC=O(278) + C=CCCCCC(546)
    [CH2]C(C[CH]C=O)CCCCC(2887) <=> C=CC=O(278) + C=CCCCCC(546)
    [CH2]C(C=O)C([CH2])CCCCC(2888) <=> C=CC=O(278) + C=CCCCCC(546)
    [CH2]C(CCCCC)O[CH]C=C(2889) <=> C=CC=O(278) + C=CCCCCC(546)
    C=CC=O(278) + C=CCCCCC(546) <=> C=CC1CC(CCCCC)O1(2890)
    C=CC=O(278) + C=CCCCCC(546) <=> C=CC1OCC1CCCCC(2891)
    C=C[CH]O(2667) + C=CC[CH]CCC(1117) <=> C=CC=O(278) + C=CCCCCC(546)
    [CH2]CC=O(281) + C=CC[CH]CCC(1117) <=> C=CC=O(278) + C=CCCCCC(546)
    C[CH]C=O(2668) + C=CC[CH]CCC(1117) <=> C=CC=O(278) + C=CCCCCC(546)
    C=CC[O](605) + C=CC[CH]CCC(1117) <=> C=CC=O(278) + C=CCCCCC(546)
    C=C[CH]O(2667) + C=CCC[CH]CC(1116) <=> C=CC=O(278) + C=CCCCCC(546)
    [CH2]CC=O(281) + C=CCC[CH]CC(1116) <=> C=CC=O(278) + C=CCCCCC(546)
    C[CH]C=O(2668) + C=CCC[CH]CC(1116) <=> C=CC=O(278) + C=CCCCCC(546)
    C=CC[O](605) + C=CCC[CH]CC(1116) <=> C=CC=O(278) + C=CCCCCC(546)
    C=C[CH]O(2667) + C=CCCC[CH]C(1118) <=> C=CC=O(278) + C=CCCCCC(546)
    [CH2]CC=O(281) + C=CCCC[CH]C(1118) <=> C=CC=O(278) + C=CCCCCC(546)
    C[CH]C=O(2668) + C=CCCC[CH]C(1118) <=> C=CC=O(278) + C=CCCCCC(546)
    C=CC[O](605) + C=CCCC[CH]C(1118) <=> C=CC=O(278) + C=CCCCCC(546)
    C=C[CH]O(2667) + C=C[CH]CCCC(1119) <=> C=CC=O(278) + C=CCCCCC(546)
    [CH2]CC=O(281) + C=C[CH]CCCC(1119) <=> C=CC=O(278) + C=CCCCCC(546)
    C[CH]C=O(2668) + C=C[CH]CCCC(1119) <=> C=CC=O(278) + C=CCCCCC(546)
    C=CC[O](605) + C=C[CH]CCCC(1119) <=> C=CC=O(278) + C=CCCCCC(546)
    C=C[CH]O(2667) + [CH2]CCCCC=C(870) <=> C=CC=O(278) + C=CCCCCC(546)
    [CH2]CC=O(281) + [CH2]CCCCC=C(870) <=> C=CC=O(278) + C=CCCCCC(546)
    C[CH]C=O(2668) + [CH2]CCCCC=C(870) <=> C=CC=O(278) + C=CCCCCC(546)
    C=CC[O](605) + [CH2]CCCCC=C(870) <=> C=CC=O(278) + C=CCCCCC(546)
    C=C[CH]O(2667) + C=[C]CCCCC(1120) <=> C=CC=O(278) + C=CCCCCC(546)
    [CH2]CC=O(281) + C=[C]CCCCC(1120) <=> C=CC=O(278) + C=CCCCCC(546)
    C[CH]C=O(2668) + C=[C]CCCCC(1120) <=> C=CC=O(278) + C=CCCCCC(546)
    C=CC[O](605) + C=[C]CCCCC(1120) <=> C=CC=O(278) + C=CCCCCC(546)
    C=C[CH]O(2667) + [CH]=CCCCCC(1121) <=> C=CC=O(278) + C=CCCCCC(546)
    [CH2]CC=O(281) + [CH]=CCCCCC(1121) <=> C=CC=O(278) + C=CCCCCC(546)
    C[CH]C=O(2668) + [CH]=CCCCCC(1121) <=> C=CC=O(278) + C=CCCCCC(546)
    C=CC[O](605) + [CH]=CCCCCC(1121) <=> C=CC=O(278) + C=CCCCCC(546)
    C=[C]C=O(2663) + [CH2]CCCCCC(40) <=> C=CC=O(278) + C=CCCCCC(546)
    C=C[C]=O(277) + [CH2]CCCCCC(40) <=> C=CC=O(278) + C=CCCCCC(546)
    [CH]=CC=O(276) + [CH2]CCCCCC(40) <=> C=CC=O(278) + C=CCCCCC(546)
    C=[C]C=O(2663) + C[CH]CCCCC(552) <=> C=CC=O(278) + C=CCCCCC(546)
    C=C[C]=O(277) + C[CH]CCCCC(552) <=> C=CC=O(278) + C=CCCCCC(546)
    [CH]=CC=O(276) + C[CH]CCCCC(552) <=> C=CC=O(278) + C=CCCCCC(546)
    C=CCOCC=CCCCC(2892) <=> C=CC=O(278) + C=CCCCCC(546)
    CCCCC=CCC(C)C=O(2893) <=> C=CC=O(278) + C=CCCCCC(546)
    CCCCC=CCCCC=O(2894) <=> C=CC=O(278) + C=CCCCCC(546)
    C=CC(O)CC=CCCCC(2895) <=> C=CC=O(278) + C=CCCCCC(546)
    C=C=COC(C)CCCCC(2896) <=> C=CC=O(278) + C=CCCCCC(546)
    CCCCCC(C)CC=C=O(2897) <=> C=CC=O(278) + C=CCCCCC(546)
    C=C=COCCCCCCC(2898) <=> C=CC=O(278) + C=CCCCCC(546)
    CCCCCCCCC=C=O(2899) <=> C=CC=O(278) + C=CCCCCC(546)
    [CH2][CH]CC([O])C=C(2900) <=> C=CC=O(278) + [CH2]C=C(643)
    [CH2][CH]CC[CH]C=O(2901) <=> C=CC=O(278) + [CH2]C=C(643)
    [CH2][CH]CC([CH2])C=O(2902) <=> C=CC=O(278) + [CH2]C=C(643)
    [CH2][CH]CO[CH]C=C(2903) <=> C=CC=O(278) + [CH2]C=C(643)
    [CH2]C([CH2])C([O])C=C(2904) <=> C=CC=O(278) + [CH2]C=C(643)
    [CH2]C([CH2])C[CH]C=O(2905) <=> C=CC=O(278) + [CH2]C=C(643)
    [CH2]C([CH2])C([CH2])C=O(2906) <=> C=CC=O(278) + [CH2]C=C(643)
    [CH2]C([CH2])O[CH]C=C(2907) <=> C=CC=O(278) + [CH2]C=C(643)
    C=CC=O(278) + [CH2]C=C(643) <=> [CH2]C1CC(C=C)O1(2908)
    C=CC=O(278) + [CH2]C=C(643) <=> [CH2]C1COC1C=C(2909)
    [CH]C=C(2266) + C=C[CH]O(2667) <=> C=CC=O(278) + [CH2]C=C(643)
    [CH]C=C(2266) + [CH2]CC=O(281) <=> C=CC=O(278) + [CH2]C=C(643)
    [CH]C=C(2266) + C[CH]C=O(2668) <=> C=CC=O(278) + [CH2]C=C(643)
    [CH]C=C(2266) + C=CC[O](605) <=> C=CC=O(278) + [CH2]C=C(643)
    [CH2][C]=C(1237) + C=C[CH]O(2667) <=> C=CC=O(278) + [CH2]C=C(643)
    [CH2][C]=C(1237) + [CH2]CC=O(281) <=> C=CC=O(278) + [CH2]C=C(643)
    [CH2][C]=C(1237) + C[CH]C=O(2668) <=> C=CC=O(278) + [CH2]C=C(643)
    [CH2][C]=C(1237) + C=CC[O](605) <=> C=CC=O(278) + [CH2]C=C(643)
    [CH]C=C(2266) + C=C[CH]O(2667) <=> C=CC=O(278) + [CH2]C=C(643)
    [CH]C=C(2266) + [CH2]CC=O(281) <=> C=CC=O(278) + [CH2]C=C(643)
    [CH]C=C(2266) + C[CH]C=O(2668) <=> C=CC=O(278) + [CH2]C=C(643)
    [CH]C=C(2266) + C=CC[O](605) <=> C=CC=O(278) + [CH2]C=C(643)
    C=[C]C=O(2663) + [CH2]C[CH2](146) <=> C=CC=O(278) + [CH2]C=C(643)
    C=C[C]=O(277) + [CH2]C[CH2](146) <=> C=CC=O(278) + [CH2]C=C(643)
    [CH]=CC=O(276) + [CH2]C[CH2](146) <=> C=CC=O(278) + [CH2]C=C(643)
    C=[C]C=O(2663) + [CH2][CH]C(159) <=> C=CC=O(278) + [CH2]C=C(643)
    C=C[C]=O(277) + [CH2][CH]C(159) <=> C=CC=O(278) + [CH2]C=C(643)
    [CH]=CC=O(276) + [CH2][CH]C(159) <=> C=CC=O(278) + [CH2]C=C(643)
    C=[C]C=O(2663) + C=CC(158) <=> C=CC=O(278) + [CH2]C=C(643)
    C=CC=O(278) + [CH2]C=C(643) <=> [CH]=CC=O(276) + C=CC(158)
    C=C[C]=O(277) + C=CC(158) <=> C=CC=O(278) + [CH2]C=C(643)
    C=CC=O(278) + [CH2]C=C(643) <=> C=C[CH]OCC=C(2910)
    C=CC=O(278) + [CH2]C=C(643) <=> [CH2]C(C=O)CC=C(2911)
    C=CC=O(278) + [CH2]C=C(643) <=> C=CCC[CH]C=O(2912)
    C=CC=O(278) + [CH2]C=C(643) <=> C=CCC([O])C=C(2913)
    [CH2]C(C)OC=C=C(2914) <=> C=CC=O(278) + [CH2]C=C(643)
    [CH2]C(C)CC=C=O(2915) <=> C=CC=O(278) + [CH2]C=C(643)
    [CH2]CCOC=C=C(2916) <=> C=CC=O(278) + [CH2]C=C(643)
    [CH2]CCCC=C=O(2917) <=> C=CC=O(278) + [CH2]C=C(643)
    C=CC([O])C[CH]CC(2918) <=> C=CC=O(278) + C=CCC(466)
    CC[CH]CC[CH]C=O(2919) <=> C=CC=O(278) + C=CCC(466)
    [CH2]C(C=O)C[CH]CC(2920) <=> C=CC=O(278) + C=CCC(466)
    C=C[CH]OC[CH]CC(2921) <=> C=CC=O(278) + C=CCC(466)
    [CH2]C(CC)C([O])C=C(2922) <=> C=CC=O(278) + C=CCC(466)
    [CH2]C(CC)C[CH]C=O(2923) <=> C=CC=O(278) + C=CCC(466)
    [CH2]C(C=O)C([CH2])CC(2924) <=> C=CC=O(278) + C=CCC(466)
    [CH2]C(CC)O[CH]C=C(2925) <=> C=CC=O(278) + C=CCC(466)
    C=CC=O(278) + C=CCC(466) <=> C=CC1CC(CC)O1(2926)
    C=CC=O(278) + C=CCC(466) <=> C=CC1OCC1CC(2927)
    C=C[CH]O(2667) + C=C[CH]C(1344) <=> C=CC=O(278) + C=CCC(466)
    [CH2]CC=O(281) + C=C[CH]C(1344) <=> C=CC=O(278) + C=CCC(466)
    C[CH]C=O(2668) + C=C[CH]C(1344) <=> C=CC=O(278) + C=CCC(466)
    C=CC[O](605) + C=C[CH]C(1344) <=> C=CC=O(278) + C=CCC(466)
    C=C[CH]O(2667) + [CH2]CC=C(538) <=> C=CC=O(278) + C=CCC(466)
    [CH2]CC=O(281) + [CH2]CC=C(538) <=> C=CC=O(278) + C=CCC(466)
    C[CH]C=O(2668) + [CH2]CC=C(538) <=> C=CC=O(278) + C=CCC(466)
    C=CC[O](605) + [CH2]CC=C(538) <=> C=CC=O(278) + C=CCC(466)
    C=C[CH]O(2667) + C=[C]CC(1345) <=> C=CC=O(278) + C=CCC(466)
    [CH2]CC=O(281) + C=[C]CC(1345) <=> C=CC=O(278) + C=CCC(466)
    C[CH]C=O(2668) + C=[C]CC(1345) <=> C=CC=O(278) + C=CCC(466)
    C=CC[O](605) + C=[C]CC(1345) <=> C=CC=O(278) + C=CCC(466)
    C=C[CH]O(2667) + [CH]=CCC(1346) <=> C=CC=O(278) + C=CCC(466)
    [CH2]CC=O(281) + [CH]=CCC(1346) <=> C=CC=O(278) + C=CCC(466)
    C[CH]C=O(2668) + [CH]=CCC(1346) <=> C=CC=O(278) + C=CCC(466)
    C=CC[O](605) + [CH]=CCC(1346) <=> C=CC=O(278) + C=CCC(466)
    C=[C]C=O(2663) + [CH2]CCC(41) <=> C=CC=O(278) + C=CCC(466)
    C=C[C]=O(277) + [CH2]CCC(41) <=> C=CC=O(278) + C=CCC(466)
    [CH]=CC=O(276) + [CH2]CCC(41) <=> C=CC=O(278) + C=CCC(466)
    C=[C]C=O(2663) + C[CH]CC(469) <=> C=CC=O(278) + C=CCC(466)
    C=C[C]=O(277) + C[CH]CC(469) <=> C=CC=O(278) + C=CCC(466)
    [CH]=CC=O(276) + C[CH]CC(469) <=> C=CC=O(278) + C=CCC(466)
    C=CCOCC=CC(2928) <=> C=CC=O(278) + C=CCC(466)
    CC=CCC(C)C=O(2929) <=> C=CC=O(278) + C=CCC(466)
    CC=CCCCC=O(2930) <=> C=CC=O(278) + C=CCC(466)
    C=CC(O)CC=CC(2931) <=> C=CC=O(278) + C=CCC(466)
    C=C=COC(C)CC(2932) <=> C=CC=O(278) + C=CCC(466)
    CCC(C)CC=C=O(2933) <=> C=CC=O(278) + C=CCC(466)
    C=C=COCCCC(2934) <=> C=CC=O(278) + C=CCC(466)
    CCCCCC=C=O(2935) <=> C=CC=O(278) + C=CCC(466)
    C=CC([O])C([O])O[O](2936) <=> [O]OC=O(106) + C=CC=O(278)
    [O]OC([O])C[CH]C=O(2937) <=> [O]OC=O(106) + C=CC=O(278)
    [CH2]C(C=O)C([O])O[O](2938) <=> [O]OC=O(106) + C=CC=O(278)
    C=C[CH]OC([O])O[O](2939) <=> [O]OC=O(106) + C=CC=O(278)
    C=CC([O])O[CH]O[O](2940) <=> [O]OC=O(106) + C=CC=O(278)
    [O]O[CH]OC[CH]C=O(2941) <=> [O]OC=O(106) + C=CC=O(278)
    [CH2]C(C=O)O[CH]O[O](2942) <=> [O]OC=O(106) + C=CC=O(278)
    C=C[CH]OO[CH]O[O](2943) <=> [O]OC=O(106) + C=CC=O(278)
    [O]OC=O(106) + C=CC=O(278) <=> C=CC1OOC1O[O](2944)
    [O]OC=O(106) + C=CC=O(278) <=> C=CC1OC(O[O])O1(2945)
    [O]OC=O(106) + C=CC=O(278) <=> [O]OC1CC(C=O)O1(2946)
    [O]OC=O(106) + C=CC=O(278) <=> [O]OC1OCC1C=O(2947)
    CO3t2(231) + C=C[CH]O(2667) <=> [O]OC=O(106) + C=CC=O(278)
    CO3t2(231) + [CH2]CC=O(281) <=> [O]OC=O(106) + C=CC=O(278)
    CO3t2(231) + C[CH]C=O(2668) <=> [O]OC=O(106) + C=CC=O(278)
    CO3t2(231) + C=CC[O](605) <=> [O]OC=O(106) + C=CC=O(278)
    [O]O[CH]O(1482) + C=[C]C=O(2663) <=> [O]OC=O(106) + C=CC=O(278)
    [O]O[CH]O(1482) + C=C[C]=O(277) <=> [O]OC=O(106) + C=CC=O(278)
    [O]O[CH]O(1482) + [CH]=CC=O(276) <=> [O]OC=O(106) + C=CC=O(278)
    [O]CO[O](110) + C=[C]C=O(2663) <=> [O]OC=O(106) + C=CC=O(278)
    [O]CO[O](110) + C=C[C]=O(277) <=> [O]OC=O(106) + C=CC=O(278)
    [O]CO[O](110) + [CH]=CC=O(276) <=> [O]OC=O(106) + C=CC=O(278)
    O=COO(268) + C=[C]C=O(2663) <=> [O]OC=O(106) + C=CC=O(278)
    O=COO(268) + [CH]=CC=O(276) <=> [O]OC=O(106) + C=CC=O(278)
    [O]OC=O(106) + C=CC=O(278) <=> O=COO(268) + C=C[C]=O(277)
    [O]OC=O(106) + C=CC=O(278) <=> C=C[CH]OOOC=O(2948)
    [O]OC=O(106) + C=CC=O(278) <=> [CH2]C(C=O)OOC=O(2949)
    [O]OC=O(106) + C=CC=O(278) <=> O=C[CH]COOC=O(2950)
    [O]OC=O(106) + C=CC=O(278) <=> C=CC([O])OOC=O(2951)
    C=C=COOCO[O](2952) <=> [O]OC=O(106) + C=CC=O(278)
    [O]OCOCC=C=O(2953) <=> [O]OC=O(106) + C=CC=O(278)
    C=C=COC(O)O[O](2954) <=> [O]OC=O(106) + C=CC=O(278)
    [O]OC(O)CC=C=O(2955) <=> [O]OC=O(106) + C=CC=O(278)
    C=CCC[CH]CC([O])C=C(2956) <=> C=CC=O(278) + C=CCCC=C(1328)
    C=CCC[CH]CC[CH]C=O(2957) <=> C=CC=O(278) + C=CCCC=C(1328)
    [CH2]C(C=O)C[CH]CCC=C(2958) <=> C=CC=O(278) + C=CCCC=C(1328)
    C=C[CH]OC[CH]CCC=C(2959) <=> C=CC=O(278) + C=CCCC=C(1328)
    [CH2]C(CCC=C)C([O])C=C(2960) <=> C=CC=O(278) + C=CCCC=C(1328)
    [CH2]C(C[CH]C=O)CCC=C(2961) <=> C=CC=O(278) + C=CCCC=C(1328)
    [CH2]C(C=O)C([CH2])CCC=C(2962) <=> C=CC=O(278) + C=CCCC=C(1328)
    [CH2]C(CCC=C)O[CH]C=C(2963) <=> C=CC=O(278) + C=CCCC=C(1328)
    C=CC=O(278) + C=CCCC=C(1328) <=> C=CCCC1CC(C=C)O1(2964)
    C=CC=O(278) + C=CCCC=C(1328) <=> C=CCCC1COC1C=C(2965)
    C=C[CH]O(2667) + C=C[CH]CC=C(1625) <=> C=CC=O(278) + C=CCCC=C(1328)
    [CH2]CC=O(281) + C=C[CH]CC=C(1625) <=> C=CC=O(278) + C=CCCC=C(1328)
    C[CH]C=O(2668) + C=C[CH]CC=C(1625) <=> C=CC=O(278) + C=CCCC=C(1328)
    C=CC[O](605) + C=C[CH]CC=C(1625) <=> C=CC=O(278) + C=CCCC=C(1328)
    C=C[CH]O(2667) + C=[C]CCC=C(1626) <=> C=CC=O(278) + C=CCCC=C(1328)
    [CH2]CC=O(281) + C=[C]CCC=C(1626) <=> C=CC=O(278) + C=CCCC=C(1328)
    C[CH]C=O(2668) + C=[C]CCC=C(1626) <=> C=CC=O(278) + C=CCCC=C(1328)
    C=CC[O](605) + C=[C]CCC=C(1626) <=> C=CC=O(278) + C=CCCC=C(1328)
    C=C[CH]O(2667) + [CH]=CCCC=C(1627) <=> C=CC=O(278) + C=CCCC=C(1328)
    [CH2]CC=O(281) + [CH]=CCCC=C(1627) <=> C=CC=O(278) + C=CCCC=C(1328)
    C[CH]C=O(2668) + [CH]=CCCC=C(1627) <=> C=CC=O(278) + C=CCCC=C(1328)
    C=CC[O](605) + [CH]=CCCC=C(1627) <=> C=CC=O(278) + C=CCCC=C(1328)
    C=[C]C=O(2663) + [CH2]CCCC=C(868) <=> C=CC=O(278) + C=CCCC=C(1328)
    C=C[C]=O(277) + [CH2]CCCC=C(868) <=> C=CC=O(278) + C=CCCC=C(1328)
    [CH]=CC=O(276) + [CH2]CCCC=C(868) <=> C=CC=O(278) + C=CCCC=C(1328)
    C=[C]C=O(2663) + C=CCC[CH]C(997) <=> C=CC=O(278) + C=CCCC=C(1328)
    C=C[C]=O(277) + C=CCC[CH]C(997) <=> C=CC=O(278) + C=CCCC=C(1328)
    [CH]=CC=O(276) + C=CCC[CH]C(997) <=> C=CC=O(278) + C=CCCC=C(1328)
    C=CCC=CCOCC=C(2966) <=> C=CC=O(278) + C=CCCC=C(1328)
    C=CCC=CCC(C)C=O(2967) <=> C=CC=O(278) + C=CCCC=C(1328)
    C=CCC=CCCCC=O(2968) <=> C=CC=O(278) + C=CCCC=C(1328)
    C=CCC=CCC(O)C=C(2969) <=> C=CC=O(278) + C=CCCC=C(1328)
    C=C=COC(C)CCC=C(2970) <=> C=CC=O(278) + C=CCCC=C(1328)
    C=CCCC(C)CC=C=O(2971) <=> C=CC=O(278) + C=CCCC=C(1328)
    C=C=COCCCCC=C(2972) <=> C=CC=O(278) + C=CCCC=C(1328)
    C=CCCCCCC=C=O(2973) <=> C=CC=O(278) + C=CCCC=C(1328)
    C2H3OH(72) + C=CC=O(278) <=> C=COCCC=O(2818)
    C2H3OH(72) + C=CC=O(278) <=> C=COC(C)C=O(2817)
    C2H3OH(72) + C=CC=O(278) <=> C=CC(C=O)CO(2974)
    C2H3OH(72) + C=CC=O(278) <=> C=CCC(O)C=O(2975)
    C=CC([O])C[CH]O(2976) <=> C2H3OH(72) + C=CC=O(278)
    O=C[CH]CC[CH]O(2977) <=> C2H3OH(72) + C=CC=O(278)
    [CH2]C(C=O)C[CH]O(2978) <=> C2H3OH(72) + C=CC=O(278)
    C=C[CH]OC[CH]O(2979) <=> C2H3OH(72) + C=CC=O(278)
    [CH2]C(O)C([O])C=C(2980) <=> C2H3OH(72) + C=CC=O(278)
    [CH2]C(O)C[CH]C=O(2981) <=> C2H3OH(72) + C=CC=O(278)
    [CH2]C(O)C([CH2])C=O(2982) <=> C2H3OH(72) + C=CC=O(278)
    [CH2]C(O)O[CH]C=C(2983) <=> C2H3OH(72) + C=CC=O(278)
    C2H3OH(72) + C=CC=O(278) <=> C=CC1CC(O)O1(2984)
    C2H3OH(72) + C=CC=O(278) <=> C=CC1OCC1O(2985)
    C=[C]O(69) + C=C[CH]O(2667) <=> C2H3OH(72) + C=CC=O(278)
    C=[C]O(69) + [CH2]CC=O(281) <=> C2H3OH(72) + C=CC=O(278)
    C=[C]O(69) + C[CH]C=O(2668) <=> C2H3OH(72) + C=CC=O(278)
    C=[C]O(69) + C=CC[O](605) <=> C2H3OH(72) + C=CC=O(278)
    [CH]=CO(70) + C=C[CH]O(2667) <=> C2H3OH(72) + C=CC=O(278)
    [CH]=CO(70) + [CH2]CC=O(281) <=> C2H3OH(72) + C=CC=O(278)
    [CH]=CO(70) + C[CH]C=O(2668) <=> C2H3OH(72) + C=CC=O(278)
    [CH]=CO(70) + C=CC[O](605) <=> C2H3OH(72) + C=CC=O(278)
    CH2CHO(36) + C=C[CH]O(2667) <=> C2H3OH(72) + C=CC=O(278)
    CH2CHO(36) + [CH2]CC=O(281) <=> C2H3OH(72) + C=CC=O(278)
    CH2CHO(36) + C[CH]C=O(2668) <=> C2H3OH(72) + C=CC=O(278)
    CH2CHO(36) + C=CC[O](605) <=> C2H3OH(72) + C=CC=O(278)
    CH2CH2OH(241) + C=[C]C=O(2663) <=> C2H3OH(72) + C=CC=O(278)
    CH2CH2OH(241) + C=C[C]=O(277) <=> C2H3OH(72) + C=CC=O(278)
    CH2CH2OH(241) + [CH]=CC=O(276) <=> C2H3OH(72) + C=CC=O(278)
    CH3CHOH(133) + C=[C]C=O(2663) <=> C2H3OH(72) + C=CC=O(278)
    CH3CHOH(133) + C=C[C]=O(277) <=> C2H3OH(72) + C=CC=O(278)
    CH3CHOH(133) + [CH]=CC=O(276) <=> C2H3OH(72) + C=CC=O(278)
    C=CCOCC=O(2986) <=> C2H3OH(72) + C=CC=O(278)
    CC(C=O)CC=O(2987) <=> C2H3OH(72) + C=CC=O(278)
    O=CCCCC=O(2988) <=> C2H3OH(72) + C=CC=O(278)
    C=CC(O)CC=O(2989) <=> C2H3OH(72) + C=CC=O(278)
    C=C=COC(C)O(2822) <=> C2H3OH(72) + C=CC=O(278)
    CC(O)CC=C=O(2823) <=> C2H3OH(72) + C=CC=O(278)
    C=C=COCCO(2990) <=> C2H3OH(72) + C=CC=O(278)
    O=C=CCCCO(2991) <=> C2H3OH(72) + C=CC=O(278)
    C2H3O(67) + C=C[CH]O(2667) <=> CH2OCH2(1871) + C=CC=O(278)
    C2H3O(67) + [CH2]CC=O(281) <=> CH2OCH2(1871) + C=CC=O(278)
    C2H3O(67) + C[CH]C=O(2668) <=> CH2OCH2(1871) + C=CC=O(278)
    C2H3O(67) + C=CC[O](605) <=> CH2OCH2(1871) + C=CC=O(278)
    [CH2]C(=C)C([O])C=C(2992) <=> C=C=C(1236) + C=CC=O(278)
    [CH2]C(=C)C[CH]C=O(2993) <=> C=C=C(1236) + C=CC=O(278)
    [CH2]C(=C)C([CH2])C=O(2994) <=> C=C=C(1236) + C=CC=O(278)
    [CH2]C(=C)O[CH]C=C(2995) <=> C=C=C(1236) + C=CC=O(278)
    C=[C]CC([O])C=C(2996) <=> C=C=C(1236) + C=CC=O(278)
    C=[C]CC[CH]C=O(2997) <=> C=C=C(1236) + C=CC=O(278)
    [CH2]C(C=O)C[C]=C(2998) <=> C=C=C(1236) + C=CC=O(278)
    C=[C]CO[CH]C=C(2999) <=> C=C=C(1236) + C=CC=O(278)
    [CH]=C=C(1912) + C=C[CH]O(2667) <=> C=C=C(1236) + C=CC=O(278)
    [CH]=C=C(1912) + [CH2]CC=O(281) <=> C=C=C(1236) + C=CC=O(278)
    [CH]=C=C(1912) + C[CH]C=O(2668) <=> C=C=C(1236) + C=CC=O(278)
    [CH]=C=C(1912) + C=CC[O](605) <=> C=C=C(1236) + C=CC=O(278)
    C=[C]C=O(2663) + C=[C]C(644) <=> C=C=C(1236) + C=CC=O(278)
    C=C[C]=O(277) + C=[C]C(644) <=> C=C=C(1236) + C=CC=O(278)
    [CH]=CC=O(276) + C=[C]C(644) <=> C=C=C(1236) + C=CC=O(278)
    C=[C]C=O(2663) + [CH2]C=C(643) <=> C=C=C(1236) + C=CC=O(278)
    C=C[C]=O(277) + [CH2]C=C(643) <=> C=C=C(1236) + C=CC=O(278)
    [CH]=CC=O(276) + [CH2]C=C(643) <=> C=C=C(1236) + C=CC=O(278)
    C#CCOCC=C(3000) <=> C=C=C(1236) + C=CC=O(278)
    C#CCC(C)C=O(3001) <=> C=C=C(1236) + C=CC=O(278)
    C#CCCCC=O(3002) <=> C=C=C(1236) + C=CC=O(278)
    C#CCC(O)C=C(3003) <=> C=C=C(1236) + C=CC=O(278)
    C=C=COCC=C(3004) <=> C=C=C(1236) + C=CC=O(278)
    C=CCCC=C=O(3005) <=> C=C=C(1236) + C=CC=O(278)
    C=C=COC(=C)C(3006) <=> C=C=C(1236) + C=CC=O(278)
    C=C(C)CC=C=O(3007) <=> C=C=C(1236) + C=CC=O(278)
    C=CC([O])C([O])C=C(3008) <=> C=CC=O(278) + C=CC=O(278)
    C=CC([O])C[CH]C=O(3009) <=> C=CC=O(278) + C=CC=O(278)
    [CH2]C(C=O)C([O])C=C(3010) <=> C=CC=O(278) + C=CC=O(278)
    C=C[CH]OC([O])C=C(3011) <=> C=CC=O(278) + C=CC=O(278)
    O=C[CH]CC[CH]C=O(3012) <=> C=CC=O(278) + C=CC=O(278)
    [CH2]C(C=O)C[CH]C=O(3013) <=> C=CC=O(278) + C=CC=O(278)
    C=C[CH]OC[CH]C=O(3014) <=> C=CC=O(278) + C=CC=O(278)
    [CH2]C(C=O)C([CH2])C=O(3015) <=> C=CC=O(278) + C=CC=O(278)
    [CH2]C(C=O)O[CH]C=C(3016) <=> C=CC=O(278) + C=CC=O(278)
    C=C[CH]OO[CH]C=C(3017) <=> C=CC=O(278) + C=CC=O(278)
    C=CC=O(278) + C=CC=O(278) <=> C=CC1OOC1C=C(3018)
    C=CC=O(278) + C=CC=O(278) <=> C=CC1OC(C=C)O1(3019)
    C=CC=O(278) + C=CC=O(278) <=> C=CC1CC(C=O)O1(3020)
    C=CC=O(278) + C=CC=O(278) <=> C=CC1OCC1C=O(3021)
    C=[C]C=O(2663) + C=C[CH]O(2667) <=> C=CC=O(278) + C=CC=O(278)
    C=[C]C=O(2663) + [CH2]CC=O(281) <=> C=CC=O(278) + C=CC=O(278)
    C=[C]C=O(2663) + C[CH]C=O(2668) <=> C=CC=O(278) + C=CC=O(278)
    C=[C]C=O(2663) + C=CC[O](605) <=> C=CC=O(278) + C=CC=O(278)
    C=C[C]=O(277) + C=C[CH]O(2667) <=> C=CC=O(278) + C=CC=O(278)
    C=C[C]=O(277) + [CH2]CC=O(281) <=> C=CC=O(278) + C=CC=O(278)
    C=C[C]=O(277) + C[CH]C=O(2668) <=> C=CC=O(278) + C=CC=O(278)
    C=C[C]=O(277) + C=CC[O](605) <=> C=CC=O(278) + C=CC=O(278)
    [CH]=CC=O(276) + C=C[CH]O(2667) <=> C=CC=O(278) + C=CC=O(278)
    [CH]=CC=O(276) + [CH2]CC=O(281) <=> C=CC=O(278) + C=CC=O(278)
    [CH]=CC=O(276) + C[CH]C=O(2668) <=> C=CC=O(278) + C=CC=O(278)
    [CH]=CC=O(276) + C=CC[O](605) <=> C=CC=O(278) + C=CC=O(278)
    C=C=COOCC=C(3022) <=> C=CC=O(278) + C=CC=O(278)
    C=C=COC(C)C=O(3023) <=> C=CC=O(278) + C=CC=O(278)
    C=C=COCCC=O(3024) <=> C=CC=O(278) + C=CC=O(278)
    C=C=COC(O)C=C(3025) <=> C=CC=O(278) + C=CC=O(278)
    C=CCOCC=C=O(3026) <=> C=CC=O(278) + C=CC=O(278)
    CC(C=O)CC=C=O(3027) <=> C=CC=O(278) + C=CC=O(278)
    O=C=CCCCC=O(3028) <=> C=CC=O(278) + C=CC=O(278)
    C=CC(O)CC=C=O(3029) <=> C=CC=O(278) + C=CC=O(278)

After model enlargement:
    The model core has 77 species and 880 reactions
    The model edge has 2951 species and 8076 reactions


Saving current model core to Chemkin file...
Chemkin file contains 887 reactions.
Saving annotated version of Chemkin file...
Chemkin file contains 887 reactions.
Saving current model core and edge to Chemkin file...
Chemkin file contains 8963 reactions.
Saving annotated version of Chemkin file...
Chemkin file contains 8963 reactions.
Saving current model core to HTML file...
Saving current model edge to HTML file...
Updating RMG execution statistics...
    Execution time (DD:HH:MM:SS): 00:00:04:56
    Memory used: 1006.22 MB

Making seed mechanism...
Conducting simulation of reaction system 1...
At time 3.8358e-05 s, species C=C[CH]OC(2703) at 0.10056122190930593 exceeded the minimum rate for simulation interruption of 0.1
At time 3.8358e-05 s, species C=C[CH]OC(2703) at rate ratio 0.10056122190930593 exceeded the minimum rate for moving to model core of 0.1
terminating simulation due to interrupt...


Adding species C=C[CH]OC(2703) to model core

Summary of Model Enlargement
---------------------------------
Added 1 new core species
    C=C[CH]OC(2703)
Created 0 new edge species
Moved 1 reactions from edge to core
    CH3(18) + C=CC=O(278) <=> C=C[CH]OC(2703)
Added 0 new core reactions
Created 0 new edge reactions

After model enlargement:
    The model core has 78 species and 881 reactions
    The model edge has 2950 species and 8075 reactions


At time 6.4611e-05 s, reached target termination conversion: 0.900000 of C12H24(1)
    C12H24(1) conversion: 0.9019    

For reaction generation 1 process is used.
Generating thermo for new species...
Generating kinetics for new reactions...

Summary of Secondary Model Edge Enlargement
---------------------------------
Added 0 new core species
Created 14 new edge species
    [CH]=COC(3030)
    [CH]C=COC(3031)
    [CH2]C[CH]O[CH2](3032)
    COC1[CH]C1(3033)
    C=C=COC(3034)
    [CH2]C=CO[CH2](3035)
    [CH2][C]=COC(3036)
    [CH2]C=[C]OC(3037)
    C[C]=COC(3038)
    CC=[C]OC(3039)
    [CH2]OC=CC(3040)
    [CH]OC(3041)
    C=[C]COC(3042)
    [CH]=CCOC(3043)
Added 0 new core reactions
Created 20 new edge reactions
    CH2(S)(24) + C=C[CH]O(2667) <=> C=C[CH]OC(2703)
    CH2(T)(17) + [CH]=COC(3030) <=> C=C[CH]OC(2703)
    H(3) + [CH]C=COC(3031) <=> C=C[CH]OC(2703)
    [CH2][CH]CO[CH2](1261) <=> C=C[CH]OC(2703)
    [CH2]C[CH]O[CH2](3032) <=> C=C[CH]OC(2703)
    C=C[CH]OC(2703) <=> COC1[CH]C1(3033)
    H(3) + C=C=COC(3034) <=> C=C[CH]OC(2703)
    CH3(18) + [CH2][CH]C=O(2659) <=> C=C[CH]OC(2703)
    CH3O(27) + [CH]C=C(2266) <=> C=C[CH]OC(2703)
    H(3) + [CH2]C=CO[CH2](3035) <=> C=C[CH]OC(2703)
    H(3) + [CH2][C]=COC(3036) <=> C=C[CH]OC(2703)
    H(3) + [CH2]C=[C]OC(3037) <=> C=C[CH]OC(2703)
    C=C[CH]OC(2703) <=> C[C]=COC(3038)
    C=C[CH]OC(2703) <=> CC=[C]OC(3039)
    [CH2]OC=CC(3040) <=> C=C[CH]OC(2703)
    C=C[CH]OC(2703) <=> [CH2]C(C)C=O(177)
    C2H3(29) + [CH]OC(3041) <=> C=C[CH]OC(2703)
    C=[C]COC(3042) <=> C=C[CH]OC(2703)
    [CH2]OCC=C(1264) <=> C=C[CH]OC(2703)
    [CH]=CCOC(3043) <=> C=C[CH]OC(2703)

After model enlargement:
    The model core has 78 species and 881 reactions
    The model edge has 2964 species and 8095 reactions


Saving current model core to Chemkin file...
Chemkin file contains 888 reactions.
Saving annotated version of Chemkin file...
Chemkin file contains 888 reactions.
Saving current model core and edge to Chemkin file...
Chemkin file contains 8983 reactions.
Saving annotated version of Chemkin file...
Chemkin file contains 8983 reactions.
Saving current model core to HTML file...
Saving current model edge to HTML file...
Updating RMG execution statistics...
    Execution time (DD:HH:MM:SS): 00:00:05:05
    Memory used: 1006.23 MB

Making seed mechanism...
Conducting simulation of reaction system 1...
At time 4.0158e-05 s, species C[CH]OC(377) at 0.10015090194508167 exceeded the minimum rate for simulation interruption of 0.1
At time 4.0158e-05 s, species C[CH]OC(377) at rate ratio 0.10015090194508167 exceeded the minimum rate for moving to model core of 0.1
terminating simulation due to interrupt...


Adding species C[CH]OC(377) to model core

Summary of Model Enlargement
---------------------------------
Added 1 new core species
    C[CH]OC(377)
Created 0 new edge species
Moved 1 reactions from edge to core
    CH3(18) + CH3CHO(37) <=> C[CH]OC(377)
Added 0 new core reactions
Created 0 new edge reactions

After model enlargement:
    The model core has 79 species and 882 reactions
    The model edge has 2963 species and 8094 reactions


At time 6.4082e-05 s, reached target termination conversion: 0.900000 of C12H24(1)
    C12H24(1) conversion: 0.9003    

For reaction generation 1 process is used.

Summary of Secondary Model Edge Enlargement
---------------------------------
Added 0 new core species
Created 0 new edge species
Added 0 new core reactions
Created 0 new edge reactions

After model enlargement:
    The model core has 79 species and 882 reactions
    The model edge has 2963 species and 8094 reactions


Saving current model core to Chemkin file...
Chemkin file contains 889 reactions.
Saving annotated version of Chemkin file...
Chemkin file contains 889 reactions.
Saving current model core and edge to Chemkin file...
Chemkin file contains 8983 reactions.
Saving annotated version of Chemkin file...
Chemkin file contains 8983 reactions.
Saving current model core to HTML file...
Saving current model edge to HTML file...
Updating RMG execution statistics...
    Execution time (DD:HH:MM:SS): 00:00:05:14
    Memory used: 1006.24 MB

Making seed mechanism...
Conducting simulation of reaction system 1...
At time 4.5422e-05 s, species CC=C=O(2656) at 0.10099056746537258 exceeded the minimum rate for simulation interruption of 0.1
At time 4.5422e-05 s, species CC=C=O(2656) at rate ratio 0.10099056746537258 exceeded the minimum rate for moving to model core of 0.1
terminating simulation due to interrupt...


Adding species CC=C=O(2656) to model core

Summary of Model Enlargement
---------------------------------
Added 1 new core species
    CC=C=O(2656)
Created 0 new edge species
Moved 1 reactions from edge to core
    [CH2]C[C]=O(2468) <=> CC=C=O(2656)
Added 0 new core reactions
Created 0 new edge reactions

After model enlargement:
    The model core has 80 species and 883 reactions
    The model edge has 2962 species and 8093 reactions


At time 6.4100e-05 s, reached target termination conversion: 0.900000 of C12H24(1)
    C12H24(1) conversion: 0.9003    

For reaction generation 1 process is used.
Generating thermo for new species...
Generating kinetics for new reactions...
For reaction HO2(10) + CC=C=O(2656) <=> CC=[C]OOO(3050), Ea raised from 265.1 to 270.0 kJ/mol to match endothermicity of reaction.
For reaction O2(2) + CC=C=O(2656) <=> CC=[C]OO[O](3132), Ea raised from 428.4 to 433.1 kJ/mol to match endothermicity of reaction.
For reaction O2(2) + CC=C=O(2656) <=> CC([C]=O)O[O](3133), Ea raised from 89.6 to 93.8 kJ/mol to match endothermicity of reaction.
For reaction CH2CHO(36) + CC=[C]O(3047) <=> C2H3OH(72) + CC=C=O(2656) Ea raised from -3.9 to -3.9 kJ/mol.
For reaction [CH2]C(=C)C([O])=CC(3238) <=> C=C=C(1236) + CC=C=O(2656), Ea raised from 0.0 to 12.1 kJ/mol to match endothermicity of reaction.

Summary of Secondary Model Edge Enlargement
---------------------------------
Added 0 new core species
Created 251 new edge species
    C[C]=C[O](3044)
    [CH2]C=[C]O(3045)
    C[C]=C=O(3046)
    CC=[C]O(3047)
    CC=C(O)O[O](3048)
    CCC(=O)O[O](3049)
    CC=[C]OOO(3050)
    CC([C]=O)OO(3051)
    CC=C([O])OO(3052)
    O=C=CCC=O(3053)
    CC(=C=O)C=O(3054)
    CC(=O)C=C=O(3055)
    [C-]=[O+]C(=O)C=C(3056)
    [C-]=[O+]OC#CC(3057)
    C=CC(=O)[C-]=[OH+](3058)
    CC#CO[C-]=[OH+](3059)
    CC(=C=O)OC=O(3060)
    COC(=O)C=C=O(3061)
    CC(=C=O)C(=O)O(3062)
    CC(=O)OC=C=O(3063)
    CC=C([O])C([O])=O(3064)
    CC=[C]OC([O])=O(3065)
    CC([C]=O)C([O])=O(3066)
    CC=C([O])O[C]=O(3067)
    CC=[C]OO[C]=O(3068)
    CC([C]=O)O[C]=O(3069)
    C=CC(=O)OC=O(3070)
    CC#COOC=O(3071)
    C=CC(=O)C(=O)O(3072)
    CC#COC(=O)O(3073)
    CC(C)[C]=O(3074)
    CC=C(C)[O](3075)
    CC=C([O])C[O](3076)
    CC=[C]OC[O](3077)
    CC([C]=O)C[O](3078)
    [CH2]OC([O])=CC(3079)
    [CH2]OO[C]=CC(3080)
    [CH2]OC(C)[C]=O(3081)
    CC1COC1=O(3082)
    CC#COOC(3083)
    CC#COCO(3084)
    [CH]=CC([O])=CC(3085)
    [CH]=CO[C]=CC(3086)
    [CH]=CC(C)[C]=O(3087)
    C=CC(=O)C=C(3088)
    C=COC#CC(3089)
    C=C([O])C([O])=CC(3090)
    C=C([O])O[C]=CC(3091)
    C=C([O])C(C)[C]=O(3092)
    C=[C]OC([O])=CC(3093)
    C=[C]OO[C]=CC(3094)
    C=[C]OC(C)[C]=O(3095)
    CC=C([O])C[C]=O(3096)
    CC=[C]OC[C]=O(3097)
    CC([C]=O)C[C]=O(3098)
    CC1CC(=O)C1=O(3099)
    CC1C(=O)CC1=O(3100)
    C#COOC=CC(3101)
    C#COC(O)=CC(3102)
    C#COC(=O)CC(3103)
    C=COC(=O)C=C(3104)
    C=COOC#CC(3105)
    C=CC(=O)CC=O(3106)
    CC#COCC=O(3107)
    C=CC(=O)C(=C)O(3108)
    C=C(O)OC#CC(3109)
    C=CC(=O)C(C)=O(3110)
    CC#COC(C)=O(3111)
    [CH2]CC([O])=CC(3112)
    [CH2]CO[C]=CC(3113)
    [CH2]CC(C)[C]=O(3114)
    C=CC(=O)CC(3115)
    CC#COCC(3116)
    CC=C([O])C(C)[O](3117)
    CC=[C]OC(C)[O](3118)
    CC([O])C(C)[C]=O(3119)
    C[CH]OC([O])=CC(3120)
    C[CH]OO[C]=CC(3121)
    C[CH]OC(C)[C]=O(3122)
    CC1OC(=O)C1C(3123)
    CC1OC(C)C1=O(3124)
    C=COOC=CC(3125)
    C=COC(O)=CC(3126)
    C=COC(=O)CC(3127)
    C=CC(=O)OCC(3128)
    CC#COOCC(3129)
    C=CC(=O)C(C)O(3130)
    CC#COC(C)O(3131)
    CC=[C]OO[O](3132)
    CC([C]=O)O[O](3133)
    CC=C([O])O[O](3134)
    C[CH]CC([O])=CC(3135)
    C[CH]CO[C]=CC(3136)
    C[CH]CC(C)[C]=O(3137)
    [CH2]C(C)C([O])=CC(3138)
    [CH2]C(C)O[C]=CC(3139)
    [CH2]C(C)C(C)[C]=O(3140)
    CC1CC(C)C1=O(3141)
    CC1CC(=O)C1C(3142)
    C=CCOC=CC(3143)
    C=CCC(O)=CC(3144)
    C=CCC(=O)CC(3145)
    C=CC(=O)C(C)C(3146)
    CC#COC(C)C(3147)
    C=CC(=O)CCC(3148)
    CC#COCCC(3149)
    CC=C([O])C[CH]CCCCCCC(3150)
    CC=[C]OC[CH]CCCCCCC(3151)
    CCCCCCC[CH]CC(C)[C]=O(3152)
    [CH2]C(CCCCCCC)C([O])=CC(3153)
    [CH2]C(CCCCCCC)O[C]=CC(3154)
    [CH2]C(CCCCCCC)C(C)[C]=O(3155)
    CCCCCCCC1CC(C)C1=O(3156)
    CCCCCCCC1CC(=O)C1C(3157)
    CC=COCC=CCCCCCC(3158)
    CC=C(O)CC=CCCCCCC(3159)
    CCCCCCC=CCC(=O)CC(3160)
    C=CC(=O)C(C)CCCCCCC(3161)
    CC#COC(C)CCCCCCC(3162)
    C=CC(=O)CCCCCCCCC(3163)
    CC#COCCCCCCCCC(3164)
    CC=C([O])C[CH]CCCC(3165)
    CC=[C]OC[CH]CCCC(3166)
    CCCC[CH]CC(C)[C]=O(3167)
    [CH2]C(CCCC)C([O])=CC(3168)
    [CH2]C(CCCC)O[C]=CC(3169)
    [CH2]C(CCCC)C(C)[C]=O(3170)
    CCCCC1CC(C)C1=O(3171)
    CCCCC1CC(=O)C1C(3172)
    CC=COCC=CCCC(3173)
    CC=C(O)CC=CCCC(3174)
    CCCC=CCC(=O)CC(3175)
    C=CC(=O)C(C)CCCC(3176)
    CC#COC(C)CCCC(3177)
    C=CC(=O)CCCCCC(3178)
    CC#COCCCCCC(3179)
    CC=C([O])C[CH]CCCCC(3180)
    CC=[C]OC[CH]CCCCC(3181)
    CCCCC[CH]CC(C)[C]=O(3182)
    [CH2]C(CCCCC)C([O])=CC(3183)
    [CH2]C(CCCCC)O[C]=CC(3184)
    [CH2]C(CCCCC)C(C)[C]=O(3185)
    CCCCCC1CC(C)C1=O(3186)
    CCCCCC1CC(=O)C1C(3187)
    CC=COCC=CCCCC(3188)
    CC=C(O)CC=CCCCC(3189)
    CCCCC=CCC(=O)CC(3190)
    C=CC(=O)C(C)CCCCC(3191)
    CC#COC(C)CCCCC(3192)
    C=CC(=O)CCCCCCC(3193)
    CC#COCCCCCCC(3194)
    [CH2][CH]CC([O])=CC(3195)
    [CH2][CH]CO[C]=CC(3196)
    [CH2][CH]CC(C)[C]=O(3197)
    [CH2]C([CH2])C([O])=CC(3198)
    [CH2]C([CH2])O[C]=CC(3199)
    [CH2]C([CH2])C(C)[C]=O(3200)
    [CH2]C1CC(C)C1=O(3201)
    [CH2]C1CC(=O)C1C(3202)
    C=CCO[C]=CC(3203)
    C=CCC(C)[C]=O(3204)
    C=CCC([O])=CC(3205)
    [CH2]C(C)C(=O)C=C(3206)
    [CH2]C(C)OC#CC(3207)
    [CH2]CCC(=O)C=C(3208)
    [CH2]CCOC#CC(3209)
    CC=C([O])C[CH]CC(3210)
    CC=[C]OC[CH]CC(3211)
    CC[CH]CC(C)[C]=O(3212)
    [CH2]C(CC)C([O])=CC(3213)
    [CH2]C(CC)O[C]=CC(3214)
    [CH2]C(CC)C(C)[C]=O(3215)
    CCC1CC(C)C1=O(3216)
    CCC1CC(=O)C1C(3217)
    CC=CCOC=CC(3218)
    CC=CCC(O)=CC(3219)
    CC=CCC(=O)CC(3220)
    C=CC(=O)C(C)CC(3221)
    CC#COC(C)CC(3222)
    C=CC(=O)CCCC(3223)
    CC#COCCCC(3224)
    CC=C([O])C[CH]O(3225)
    CC=[C]OC[CH]O(3226)
    CC([C]=O)C[CH]O(3227)
    [CH2]C(O)C([O])=CC(3228)
    [CH2]C(O)O[C]=CC(3229)
    [CH2]C(O)C(C)[C]=O(3230)
    CC1CC(O)C1=O(3231)
    CC1C(=O)CC1O(3232)
    CC=COCC=O(3233)
    CC=C(O)CC=O(3234)
    CCC(=O)CC=O(3235)
    C=CC(=O)CCO(3236)
    CC#COCCO(3237)
    [CH2]C(=C)C([O])=CC(3238)
    [CH2]C(=C)O[C]=CC(3239)
    [CH2]C(=C)C(C)[C]=O(3240)
    C=[C]CC([O])=CC(3241)
    C=[C]CO[C]=CC(3242)
    C=[C]CC(C)[C]=O(3243)
    C#CCOC=CC(3244)
    C#CCC(O)=CC(3245)
    C#CCC(=O)CC(3246)
    C=CCC(=O)C=C(3247)
    C=CCOC#CC(3248)
    C=CC(=O)C(=C)C(3249)
    C=C(C)OC#CC(3250)
    C=CC([O])C([O])=CC(3251)
    C=CC([O])O[C]=CC(3252)
    C=CC([O])C(C)[C]=O(3253)
    CC=C([O])C[CH]C=O(3254)
    CC=[C]OC[CH]C=O(3255)
    CC([C]=O)C[CH]C=O(3256)
    [CH2]C(C=O)C([O])=CC(3257)
    [CH2]C(C=O)O[C]=CC(3258)
    [CH2]C(C=O)C(C)[C]=O(3259)
    C=C[CH]OC([O])=CC(3260)
    C=C[CH]OO[C]=CC(3261)
    C=C[CH]OC(C)[C]=O(3262)
    C=CC1OC(=O)C1C(3263)
    C=CC1OC(C)C1=O(3264)
    CC1CC(C=O)C1=O(3265)
    CC1C(=O)CC1C=O(3266)
    C=C=COOC=CC(3267)
    C=C=COC(O)=CC(3268)
    C=C=COC(=O)CC(3269)
    CC=COCC=C=O(3270)
    CC=C(O)CC=C=O(3271)
    CCC(=O)CC=C=O(3272)
    C=CCOC(=O)C=C(3273)
    C=CCOOC#CC(3274)
    C=CC(=O)C(C)C=O(3275)
    CC#COC(C)C=O(3276)
    C=CC(=O)CCC=O(3277)
    CC#COCCC=O(3278)
    C=CC(=O)C(O)C=C(3279)
    C=CC(O)OC#CC(3280)
    CC=C([O])C([O])=CC(3281)
    CC=[C]OC([O])=CC(3282)
    CC=C([O])C(C)[C]=O(3283)
    CC=[C]OO[C]=CC(3284)
    CC=[C]OC(C)[C]=O(3285)
    CC([C]=O)C(C)[C]=O(3286)
    CC1C(=O)C(=O)C1C(3287)
    CC1C(=O)C(C)C1=O(3288)
    C=CC(=O)OC=CC(3289)
    C=CC(=O)C(O)=CC(3290)
    C=CC(=O)C(=O)CC(3291)
    CC#COOC=CC(3292)
    CC#COC(O)=CC(3293)
    CC#COC(=O)CC(3294)
Added 2 new core reactions
    CH2(S)(24) + CH2CO(28) <=> CC=C=O(2656)
    CH3(18) + HCCO(20) <=> CC=C=O(2656)
Created 538 new edge reactions
    C[C]=C[O](3044) <=> CC=C=O(2656)
    [CH2][CH]C=O(2659) <=> CC=C=O(2656)
    [CH2]C=[C]O(3045) <=> CC=C=O(2656)
    H(3) + C=C[C]=O(277) <=> CC=C=O(2656)
    H(3) + C[C]=C=O(3046) <=> CC=C=O(2656)
    C[C]C=O(2664) <=> CC=C=O(2656)
    H(3) + CC=[C]O(3047) <=> H2(6) + CC=C=O(2656)
    H(3) + CC[C]=O(282) <=> H2(6) + CC=C=O(2656)
    H(3) + C[CH]C=O(2668) <=> H2(6) + CC=C=O(2656)
    H2O(7) + CC=C=O(2656) <=> CCC(=O)O(331)
    H2O(7) + CC=C=O(2656) <=> CC(O)C=O(2672)
    OH(5) + CC=[C]O(3047) <=> H2O(7) + CC=C=O(2656)
    OH(5) + CC[C]=O(282) <=> H2O(7) + CC=C=O(2656)
    OH(5) + C[CH]C=O(2668) <=> H2O(7) + CC=C=O(2656)
    O2(2) + CC=[C]O(3047) <=> HO2(10) + CC=C=O(2656)
    O2(2) + CC[C]=O(282) <=> HO2(10) + CC=C=O(2656)
    O2(2) + C[CH]C=O(2668) <=> HO2(10) + CC=C=O(2656)
    CC(C=O)O[O](2673) <=> HO2(10) + CC=C=O(2656)
    CC=C(O)O[O](3048) <=> HO2(10) + CC=C=O(2656)
    CCC(=O)O[O](3049) <=> HO2(10) + CC=C=O(2656)
    H2O2(11) + C=C[C]=O(277) <=> HO2(10) + CC=C=O(2656)
    H2O2(11) + C[C]=C=O(3046) <=> HO2(10) + CC=C=O(2656)
    HO2(10) + CC=C=O(2656) <=> CC=[C]OOO(3050)
    HO2(10) + CC=C=O(2656) <=> CC([C]=O)OO(3051)
    HO2(10) + CC=C=O(2656) <=> CC=C([O])OO(3052)
    HO2(10) + CC=[C]O(3047) <=> H2O2(11) + CC=C=O(2656)
    HO2(10) + CC[C]=O(282) <=> H2O2(11) + CC=C=O(2656)
    HO2(10) + C[CH]C=O(2668) <=> H2O2(11) + CC=C=O(2656)
    CO(12) + CC=C=O(2656) <=> O=C=CCC=O(3053)
    CO(12) + CC=C=O(2656) <=> CC(=C=O)C=O(3054)
    CO(12) + CC=C=O(2656) <=> CC(=O)C=C=O(3055)
    HCO(14) + C=C[C]=O(277) <=> CO(12) + CC=C=O(2656)
    HCO(14) + C[C]=C=O(3046) <=> CO(12) + CC=C=O(2656)
    [C-]=[O+]C(=O)C=C(3056) <=> CO(12) + CC=C=O(2656)
    [C-]=[O+]OC#CC(3057) <=> CO(12) + CC=C=O(2656)
    C=CC(=O)[C-]=[OH+](3058) <=> CO(12) + CC=C=O(2656)
    CC#CO[C-]=[OH+](3059) <=> CO(12) + CC=C=O(2656)
    CO2(13) + CC=C=O(2656) <=> O=C=CCOC=O(2700)
    CO2(13) + CC=C=O(2656) <=> CC(=C=O)OC=O(3060)
    CO2(13) + CC=C=O(2656) <=> COC(=O)C=C=O(3061)
    CO2(13) + CC=C=O(2656) <=> O=C=CCC(=O)O(2702)
    CO2(13) + CC=C=O(2656) <=> CC(=C=O)C(=O)O(3062)
    CO2(13) + CC=C=O(2656) <=> CC(=O)OC=C=O(3063)
    CC=C([O])C([O])=O(3064) <=> CO2(13) + CC=C=O(2656)
    CC=[C]OC([O])=O(3065) <=> CO2(13) + CC=C=O(2656)
    CC([C]=O)C([O])=O(3066) <=> CO2(13) + CC=C=O(2656)
    CC=C([O])O[C]=O(3067) <=> CO2(13) + CC=C=O(2656)
    CC=[C]OO[C]=O(3068) <=> CO2(13) + CC=C=O(2656)
    CC([C]=O)O[C]=O(3069) <=> CO2(13) + CC=C=O(2656)
    HOCO(102) + C=C[C]=O(277) <=> CO2(13) + CC=C=O(2656)
    HOCO(102) + C[C]=C=O(3046) <=> CO2(13) + CC=C=O(2656)
    [O]C=O(103) + C=C[C]=O(277) <=> CO2(13) + CC=C=O(2656)
    [O]C=O(103) + C[C]=C=O(3046) <=> CO2(13) + CC=C=O(2656)
    C=CC(=O)OC=O(3070) <=> CO2(13) + CC=C=O(2656)
    CC#COOC=O(3071) <=> CO2(13) + CC=C=O(2656)
    C=CC(=O)C(=O)O(3072) <=> CO2(13) + CC=C=O(2656)
    CC#COC(=O)O(3073) <=> CO2(13) + CC=C=O(2656)
    CH2(T)(17) + CC=[C]O(3047) <=> CH3(18) + CC=C=O(2656)
    CH2(T)(17) + CC[C]=O(282) <=> CH3(18) + CC=C=O(2656)
    CH2(T)(17) + C[CH]C=O(2668) <=> CH3(18) + CC=C=O(2656)
    CH4(31) + C=C[C]=O(277) <=> CH3(18) + CC=C=O(2656)
    CH4(31) + C[C]=C=O(3046) <=> CH3(18) + CC=C=O(2656)
    CH3(18) + CC=C=O(2656) <=> CC=[C]OC(3039)
    CH3(18) + CC=C=O(2656) <=> CC(C)[C]=O(3074)
    CH3(18) + CC=C=O(2656) <=> CC=C(C)[O](3075)
    CC=C([O])C[O](3076) <=> CH2O(19) + CC=C=O(2656)
    CC=[C]OC[O](3077) <=> CH2O(19) + CC=C=O(2656)
    CC([C]=O)C[O](3078) <=> CH2O(19) + CC=C=O(2656)
    [CH2]OC([O])=CC(3079) <=> CH2O(19) + CC=C=O(2656)
    [CH2]OO[C]=CC(3080) <=> CH2O(19) + CC=C=O(2656)
    [CH2]OC(C)[C]=O(3081) <=> CH2O(19) + CC=C=O(2656)
    CH2O(19) + CC=C=O(2656) <=> CC1COC1=O(3082)
    CH2O(19) + CC=C=O(2656) <=> CC1OCC1=O(434)
    HCO(14) + CC=[C]O(3047) <=> CH2O(19) + CC=C=O(2656)
    HCO(14) + CC[C]=O(282) <=> CH2O(19) + CC=C=O(2656)
    HCO(14) + C[CH]C=O(2668) <=> CH2O(19) + CC=C=O(2656)
    CH2OH(34) + C=C[C]=O(277) <=> CH2O(19) + CC=C=O(2656)
    CH2OH(34) + C[C]=C=O(3046) <=> CH2O(19) + CC=C=O(2656)
    CH3O(27) + C=C[C]=O(277) <=> CH2O(19) + CC=C=O(2656)
    CH3O(27) + C[C]=C=O(3046) <=> CH2O(19) + CC=C=O(2656)
    C=CC(=O)OC(664) <=> CH2O(19) + CC=C=O(2656)
    CC#COOC(3083) <=> CH2O(19) + CC=C=O(2656)
    C=CC(=O)CO(1772) <=> CH2O(19) + CC=C=O(2656)
    CC#COCO(3084) <=> CH2O(19) + CC=C=O(2656)
    [CH]=CC([O])=CC(3085) <=> C2H2(22) + CC=C=O(2656)
    [CH]=CO[C]=CC(3086) <=> C2H2(22) + CC=C=O(2656)
    [CH]=CC(C)[C]=O(3087) <=> C2H2(22) + CC=C=O(2656)
    C2H(21) + CC=[C]O(3047) <=> C2H2(22) + CC=C=O(2656)
    C2H(21) + CC[C]=O(282) <=> C2H2(22) + CC=C=O(2656)
    C2H(21) + C[CH]C=O(2668) <=> C2H2(22) + CC=C=O(2656)
    C2H3(29) + C=C[C]=O(277) <=> C2H2(22) + CC=C=O(2656)
    C2H3(29) + C[C]=C=O(3046) <=> C2H2(22) + CC=C=O(2656)
    C=CC(=O)C=C(3088) <=> C2H2(22) + CC=C=O(2656)
    C=COC#CC(3089) <=> C2H2(22) + CC=C=O(2656)
    C=C([O])C([O])=CC(3090) <=> CH2CO(28) + CC=C=O(2656)
    C=C([O])O[C]=CC(3091) <=> CH2CO(28) + CC=C=O(2656)
    C=C([O])C(C)[C]=O(3092) <=> CH2CO(28) + CC=C=O(2656)
    C=[C]OC([O])=CC(3093) <=> CH2CO(28) + CC=C=O(2656)
    C=[C]OO[C]=CC(3094) <=> CH2CO(28) + CC=C=O(2656)
    C=[C]OC(C)[C]=O(3095) <=> CH2CO(28) + CC=C=O(2656)
    CC=C([O])C[C]=O(3096) <=> CH2CO(28) + CC=C=O(2656)
    CC=[C]OC[C]=O(3097) <=> CH2CO(28) + CC=C=O(2656)
    CC([C]=O)C[C]=O(3098) <=> CH2CO(28) + CC=C=O(2656)
    CH2CO(28) + CC=C=O(2656) <=> CC1CC(=O)C1=O(3099)
    CH2CO(28) + CC=C=O(2656) <=> CC1C(=O)CC1=O(3100)
    HCCO(20) + CC=[C]O(3047) <=> CH2CO(28) + CC=C=O(2656)
    HCCO(20) + CC[C]=O(282) <=> CH2CO(28) + CC=C=O(2656)
    HCCO(20) + C[CH]C=O(2668) <=> CH2CO(28) + CC=C=O(2656)
    C=[C]O(69) + C=C[C]=O(277) <=> CH2CO(28) + CC=C=O(2656)
    C=[C]O(69) + C[C]=C=O(3046) <=> CH2CO(28) + CC=C=O(2656)
    CH3CO(35) + C=C[C]=O(277) <=> CH2CO(28) + CC=C=O(2656)
    CH3CO(35) + C[C]=C=O(3046) <=> CH2CO(28) + CC=C=O(2656)
    CH2CHO(36) + C=C[C]=O(277) <=> CH2CO(28) + CC=C=O(2656)
    CH2CHO(36) + C[C]=C=O(3046) <=> CH2CO(28) + CC=C=O(2656)
    C#COOC=CC(3101) <=> CH2CO(28) + CC=C=O(2656)
    C#COC(C)C=O(2749) <=> CH2CO(28) + CC=C=O(2656)
    C#COC(O)=CC(3102) <=> CH2CO(28) + CC=C=O(2656)
    C#COC(=O)CC(3103) <=> CH2CO(28) + CC=C=O(2656)
    C=COC(=O)C=C(3104) <=> CH2CO(28) + CC=C=O(2656)
    C=COOC#CC(3105) <=> CH2CO(28) + CC=C=O(2656)
    C=CC(=O)CC=O(3106) <=> CH2CO(28) + CC=C=O(2656)
    CC#COCC=O(3107) <=> CH2CO(28) + CC=C=O(2656)
    C=CC(=O)C(=C)O(3108) <=> CH2CO(28) + CC=C=O(2656)
    C=C(O)OC#CC(3109) <=> CH2CO(28) + CC=C=O(2656)
    C=CC(=O)C(C)=O(3110) <=> CH2CO(28) + CC=C=O(2656)
    CC#COC(C)=O(3111) <=> CH2CO(28) + CC=C=O(2656)
    [CH2]CC([O])=CC(3112) <=> C2H4(30) + CC=C=O(2656)
    [CH2]CO[C]=CC(3113) <=> C2H4(30) + CC=C=O(2656)
    [CH2]CC(C)[C]=O(3114) <=> C2H4(30) + CC=C=O(2656)
    C2H4(30) + CC=C=O(2656) <=> CC1CCC1=O(694)
    C2H4(30) + CC=C=O(2656) <=> CC1CCC1=O(694)
    C2H3(29) + CC=[C]O(3047) <=> C2H4(30) + CC=C=O(2656)
    C2H3(29) + CC[C]=O(282) <=> C2H4(30) + CC=C=O(2656)
    C2H3(29) + C[CH]C=O(2668) <=> C2H4(30) + CC=C=O(2656)
    C2H5(33) + C=C[C]=O(277) <=> C2H4(30) + CC=C=O(2656)
    C2H5(33) + C[C]=C=O(3046) <=> C2H4(30) + CC=C=O(2656)
    C=CC(=O)CC(3115) <=> C2H4(30) + CC=C=O(2656)
    CC#COCC(3116) <=> C2H4(30) + CC=C=O(2656)
    CH3(18) + CC=[C]O(3047) <=> CH4(31) + CC=C=O(2656)
    CH3(18) + CC[C]=O(282) <=> CH4(31) + CC=C=O(2656)
    CH3(18) + C[CH]C=O(2668) <=> CH4(31) + CC=C=O(2656)
    C2H5(33) + CC=[C]O(3047) <=> C2H6(32) + CC=C=O(2656)
    C2H5(33) + CC[C]=O(282) <=> C2H6(32) + CC=C=O(2656)
    C2H5(33) + C[CH]C=O(2668) <=> C2H6(32) + CC=C=O(2656)
    CC=C([O])C(C)[O](3117) <=> CH3CHO(37) + CC=C=O(2656)
    CC=[C]OC(C)[O](3118) <=> CH3CHO(37) + CC=C=O(2656)
    CC([O])C(C)[C]=O(3119) <=> CH3CHO(37) + CC=C=O(2656)
    C[CH]OC([O])=CC(3120) <=> CH3CHO(37) + CC=C=O(2656)
    C[CH]OO[C]=CC(3121) <=> CH3CHO(37) + CC=C=O(2656)
    C[CH]OC(C)[C]=O(3122) <=> CH3CHO(37) + CC=C=O(2656)
    CH3CHO(37) + CC=C=O(2656) <=> CC1OC(=O)C1C(3123)
    CH3CHO(37) + CC=C=O(2656) <=> CC1OC(C)C1=O(3124)
    CH2CHO(36) + CC=[C]O(3047) <=> CH3CHO(37) + CC=C=O(2656)
    CH2CHO(36) + CC[C]=O(282) <=> CH3CHO(37) + CC=C=O(2656)
    CH2CHO(36) + C[CH]C=O(2668) <=> CH3CHO(37) + CC=C=O(2656)
    CH3CO(35) + CC=[C]O(3047) <=> CH3CHO(37) + CC=C=O(2656)
    CH3CO(35) + CC[C]=O(282) <=> CH3CHO(37) + CC=C=O(2656)
    CH3CO(35) + C[CH]C=O(2668) <=> CH3CHO(37) + CC=C=O(2656)
    CH3CHOH(133) + C=C[C]=O(277) <=> CH3CHO(37) + CC=C=O(2656)
    CH3CHOH(133) + C[C]=C=O(3046) <=> CH3CHO(37) + CC=C=O(2656)
    CH3CH2O(134) + C=C[C]=O(277) <=> CH3CHO(37) + CC=C=O(2656)
    CH3CH2O(134) + C[C]=C=O(3046) <=> CH3CHO(37) + CC=C=O(2656)
    C=COOC=CC(3125) <=> CH3CHO(37) + CC=C=O(2656)
    C=COC(C)C=O(2817) <=> CH3CHO(37) + CC=C=O(2656)
    C=COC(O)=CC(3126) <=> CH3CHO(37) + CC=C=O(2656)
    C=COC(=O)CC(3127) <=> CH3CHO(37) + CC=C=O(2656)
    C=CC(=O)OCC(3128) <=> CH3CHO(37) + CC=C=O(2656)
    CC#COOCC(3129) <=> CH3CHO(37) + CC=C=O(2656)
    C=CC(=O)C(C)O(3130) <=> CH3CHO(37) + CC=C=O(2656)
    CC#COC(C)O(3131) <=> CH3CHO(37) + CC=C=O(2656)
    CC=[C]O(3047) + CCCC[CH]CCCCCCC(43) <=> CC=C=O(2656) + C12H24(1)
    CC[C]=O(282) + CCCC[CH]CCCCCCC(43) <=> CC=C=O(2656) + C12H24(1)
    C[CH]C=O(2668) + CCCC[CH]CCCCCCC(43) <=> CC=C=O(2656) + C12H24(1)
    CC=[C]O(3047) + CCCCC[CH]CCCCCC(45) <=> CC=C=O(2656) + C12H24(1)
    CC[C]=O(282) + CCCCC[CH]CCCCCC(45) <=> CC=C=O(2656) + C12H24(1)
    C[CH]C=O(2668) + CCCCC[CH]CCCCCC(45) <=> CC=C=O(2656) + C12H24(1)
    CC=[C]O(3047) + CCC[CH]CCCCCCCC(48) <=> CC=C=O(2656) + C12H24(1)
    CC[C]=O(282) + CCC[CH]CCCCCCCC(48) <=> CC=C=O(2656) + C12H24(1)
    C[CH]C=O(2668) + CCC[CH]CCCCCCCC(48) <=> CC=C=O(2656) + C12H24(1)
    CC=[C]O(3047) + CC[CH]CCCCCCCCC(50) <=> CC=C=O(2656) + C12H24(1)
    CC[C]=O(282) + CC[CH]CCCCCCCCC(50) <=> CC=C=O(2656) + C12H24(1)
    C[CH]C=O(2668) + CC[CH]CCCCCCCCC(50) <=> CC=C=O(2656) + C12H24(1)
    CC=[C]O(3047) + C[CH]CCCCCCCCCC(52) <=> CC=C=O(2656) + C12H24(1)
    CC[C]=O(282) + C[CH]CCCCCCCCCC(52) <=> CC=C=O(2656) + C12H24(1)
    C[CH]C=O(2668) + C[CH]CCCCCCCCCC(52) <=> CC=C=O(2656) + C12H24(1)
    CC=[C]O(3047) + [CH2]CCCCCCCCCCC(53) <=> CC=C=O(2656) + C12H24(1)
    CC[C]=O(282) + [CH2]CCCCCCCCCCC(53) <=> CC=C=O(2656) + C12H24(1)
    C[CH]C=O(2668) + [CH2]CCCCCCCCCCC(53) <=> CC=C=O(2656) + C12H24(1)
    HO2(10) + C=C[C]=O(277) <=> O2(2) + CC=C=O(2656)
    HO2(10) + C[C]=C=O(3046) <=> O2(2) + CC=C=O(2656)
    O2(2) + CC=C=O(2656) <=> CC=[C]OO[O](3132)
    O2(2) + CC=C=O(2656) <=> CC([C]=O)O[O](3133)
    O2(2) + CC=C=O(2656) <=> CC=C([O])O[O](3134)
    C[CH]CC([O])=CC(3135) <=> CC=C=O(2656) + C=CC(158)
    C[CH]CO[C]=CC(3136) <=> CC=C=O(2656) + C=CC(158)
    C[CH]CC(C)[C]=O(3137) <=> CC=C=O(2656) + C=CC(158)
    [CH2]C(C)C([O])=CC(3138) <=> CC=C=O(2656) + C=CC(158)
    [CH2]C(C)O[C]=CC(3139) <=> CC=C=O(2656) + C=CC(158)
    [CH2]C(C)C(C)[C]=O(3140) <=> CC=C=O(2656) + C=CC(158)
    CC=C=O(2656) + C=CC(158) <=> CC1CC(C)C1=O(3141)
    CC=C=O(2656) + C=CC(158) <=> CC1CC(=O)C1C(3142)
    [CH2]C=C(643) + CC=[C]O(3047) <=> CC=C=O(2656) + C=CC(158)
    [CH2]C=C(643) + CC[C]=O(282) <=> CC=C=O(2656) + C=CC(158)
    [CH2]C=C(643) + C[CH]C=O(2668) <=> CC=C=O(2656) + C=CC(158)
    C=[C]C(644) + CC=[C]O(3047) <=> CC=C=O(2656) + C=CC(158)
    C=[C]C(644) + CC[C]=O(282) <=> CC=C=O(2656) + C=CC(158)
    C=[C]C(644) + C[CH]C=O(2668) <=> CC=C=O(2656) + C=CC(158)
    [CH]=CC(374) + CC=[C]O(3047) <=> CC=C=O(2656) + C=CC(158)
    [CH]=CC(374) + CC[C]=O(282) <=> CC=C=O(2656) + C=CC(158)
    [CH]=CC(374) + C[CH]C=O(2668) <=> CC=C=O(2656) + C=CC(158)
    C=C[C]=O(277) + [CH2]CC(47) <=> CC=C=O(2656) + C=CC(158)
    C[C]=C=O(3046) + [CH2]CC(47) <=> CC=C=O(2656) + C=CC(158)
    C=C[C]=O(277) + C[CH]C(160) <=> CC=C=O(2656) + C=CC(158)
    C[C]=C=O(3046) + C[CH]C(160) <=> CC=C=O(2656) + C=CC(158)
    C=CCOC=CC(3143) <=> CC=C=O(2656) + C=CC(158)
    C=CCC(C)C=O(2839) <=> CC=C=O(2656) + C=CC(158)
    C=CCC(O)=CC(3144) <=> CC=C=O(2656) + C=CC(158)
    C=CCC(=O)CC(3145) <=> CC=C=O(2656) + C=CC(158)
    C=CC(=O)C(C)C(3146) <=> CC=C=O(2656) + C=CC(158)
    CC#COC(C)C(3147) <=> CC=C=O(2656) + C=CC(158)
    C=CC(=O)CCC(3148) <=> CC=C=O(2656) + C=CC(158)
    CC#COCCC(3149) <=> CC=C=O(2656) + C=CC(158)
    CC=C([O])C[CH]CCCCCCC(3150) <=> CC=C=O(2656) + C=CCCCCCCC(138)
    CC=[C]OC[CH]CCCCCCC(3151) <=> CC=C=O(2656) + C=CCCCCCCC(138)
    CCCCCCC[CH]CC(C)[C]=O(3152) <=> CC=C=O(2656) + C=CCCCCCCC(138)
    [CH2]C(CCCCCCC)C([O])=CC(3153) <=> CC=C=O(2656) + C=CCCCCCCC(138)
    [CH2]C(CCCCCCC)O[C]=CC(3154) <=> CC=C=O(2656) + C=CCCCCCCC(138)
    [CH2]C(CCCCCCC)C(C)[C]=O(3155) <=> CC=C=O(2656) + C=CCCCCCCC(138)
    CC=C=O(2656) + C=CCCCCCCC(138) <=> CCCCCCCC1CC(C)C1=O(3156)
    CC=C=O(2656) + C=CCCCCCCC(138) <=> CCCCCCCC1CC(=O)C1C(3157)
    CC=[C]O(3047) + C=CC[CH]CCCCC(872) <=> CC=C=O(2656) + C=CCCCCCCC(138)
    CC[C]=O(282) + C=CC[CH]CCCCC(872) <=> CC=C=O(2656) + C=CCCCCCCC(138)
    C[CH]C=O(2668) + C=CC[CH]CCCCC(872) <=> CC=C=O(2656) + C=CCCCCCCC(138)
    CC=[C]O(3047) + C=CCC[CH]CCCC(867) <=> CC=C=O(2656) + C=CCCCCCCC(138)
    CC[C]=O(282) + C=CCC[CH]CCCC(867) <=> CC=C=O(2656) + C=CCCCCCCC(138)
    C[CH]C=O(2668) + C=CCC[CH]CCCC(867) <=> CC=C=O(2656) + C=CCCCCCCC(138)
    CC=[C]O(3047) + C=CCCC[CH]CCC(869) <=> CC=C=O(2656) + C=CCCCCCCC(138)
    CC[C]=O(282) + C=CCCC[CH]CCC(869) <=> CC=C=O(2656) + C=CCCCCCCC(138)
    C[CH]C=O(2668) + C=CCCC[CH]CCC(869) <=> CC=C=O(2656) + C=CCCCCCCC(138)
    CC=[C]O(3047) + C=CCCCC[CH]CC(871) <=> CC=C=O(2656) + C=CCCCCCCC(138)
    CC[C]=O(282) + C=CCCCC[CH]CC(871) <=> CC=C=O(2656) + C=CCCCCCCC(138)
    C[CH]C=O(2668) + C=CCCCC[CH]CC(871) <=> CC=C=O(2656) + C=CCCCCCCC(138)
    CC=[C]O(3047) + C=CCCCCC[CH]C(874) <=> CC=C=O(2656) + C=CCCCCCCC(138)
    CC[C]=O(282) + C=CCCCCC[CH]C(874) <=> CC=C=O(2656) + C=CCCCCCCC(138)
    C[CH]C=O(2668) + C=CCCCCC[CH]C(874) <=> CC=C=O(2656) + C=CCCCCCCC(138)
    CC=[C]O(3047) + C=C[CH]CCCCCC(875) <=> CC=C=O(2656) + C=CCCCCCCC(138)
    CC[C]=O(282) + C=C[CH]CCCCCC(875) <=> CC=C=O(2656) + C=CCCCCCCC(138)
    C[CH]C=O(2668) + C=C[CH]CCCCCC(875) <=> CC=C=O(2656) + C=CCCCCCCC(138)
    CC=[C]O(3047) + [CH2]CCCCCCC=C(876) <=> CC=C=O(2656) + C=CCCCCCCC(138)
    CC[C]=O(282) + [CH2]CCCCCCC=C(876) <=> CC=C=O(2656) + C=CCCCCCCC(138)
    C[CH]C=O(2668) + [CH2]CCCCCCC=C(876) <=> CC=C=O(2656) + C=CCCCCCCC(138)
    CC=[C]O(3047) + C=[C]CCCCCCC(877) <=> CC=C=O(2656) + C=CCCCCCCC(138)
    CC[C]=O(282) + C=[C]CCCCCCC(877) <=> CC=C=O(2656) + C=CCCCCCCC(138)
    C[CH]C=O(2668) + C=[C]CCCCCCC(877) <=> CC=C=O(2656) + C=CCCCCCCC(138)
    CC=[C]O(3047) + [CH]=CCCCCCCC(585) <=> CC=C=O(2656) + C=CCCCCCCC(138)
    CC[C]=O(282) + [CH]=CCCCCCCC(585) <=> CC=C=O(2656) + C=CCCCCCCC(138)
    C[CH]C=O(2668) + [CH]=CCCCCCCC(585) <=> CC=C=O(2656) + C=CCCCCCCC(138)
    C=C[C]=O(277) + [CH2]CCCCCCCC(46) <=> CC=C=O(2656) + C=CCCCCCCC(138)
    C[C]=C=O(3046) + [CH2]CCCCCCCC(46) <=> CC=C=O(2656) + C=CCCCCCCC(138)
    C=C[C]=O(277) + C[CH]CCCCCCC(153) <=> CC=C=O(2656) + C=CCCCCCCC(138)
    C[C]=C=O(3046) + C[CH]CCCCCCC(153) <=> CC=C=O(2656) + C=CCCCCCCC(138)
    CC=COCC=CCCCCCC(3158) <=> CC=C=O(2656) + C=CCCCCCCC(138)
    CCCCCCC=CCC(C)C=O(2857) <=> CC=C=O(2656) + C=CCCCCCCC(138)
    CC=C(O)CC=CCCCCCC(3159) <=> CC=C=O(2656) + C=CCCCCCCC(138)
    CCCCCCC=CCC(=O)CC(3160) <=> CC=C=O(2656) + C=CCCCCCCC(138)
    C=CC(=O)C(C)CCCCCCC(3161) <=> CC=C=O(2656) + C=CCCCCCCC(138)
    CC#COC(C)CCCCCCC(3162) <=> CC=C=O(2656) + C=CCCCCCCC(138)
    C=CC(=O)CCCCCCCCC(3163) <=> CC=C=O(2656) + C=CCCCCCCC(138)
    CC#COCCCCCCCCC(3164) <=> CC=C=O(2656) + C=CCCCCCCC(138)
    CC=C([O])C[CH]CCCC(3165) <=> CC=C=O(2656) + C=CCCCC(514)
    CC=[C]OC[CH]CCCC(3166) <=> CC=C=O(2656) + C=CCCCC(514)
    CCCC[CH]CC(C)[C]=O(3167) <=> CC=C=O(2656) + C=CCCCC(514)
    [CH2]C(CCCC)C([O])=CC(3168) <=> CC=C=O(2656) + C=CCCCC(514)
    [CH2]C(CCCC)O[C]=CC(3169) <=> CC=C=O(2656) + C=CCCCC(514)
    [CH2]C(CCCC)C(C)[C]=O(3170) <=> CC=C=O(2656) + C=CCCCC(514)
    CC=C=O(2656) + C=CCCCC(514) <=> CCCCC1CC(C)C1=O(3171)
    CC=C=O(2656) + C=CCCCC(514) <=> CCCCC1CC(=O)C1C(3172)
    CC=[C]O(3047) + C=CC[CH]CC(996) <=> CC=C=O(2656) + C=CCCCC(514)
    CC[C]=O(282) + C=CC[CH]CC(996) <=> CC=C=O(2656) + C=CCCCC(514)
    C[CH]C=O(2668) + C=CC[CH]CC(996) <=> CC=C=O(2656) + C=CCCCC(514)
    CC=[C]O(3047) + C=CCC[CH]C(997) <=> CC=C=O(2656) + C=CCCCC(514)
    CC[C]=O(282) + C=CCC[CH]C(997) <=> CC=C=O(2656) + C=CCCCC(514)
    C[CH]C=O(2668) + C=CCC[CH]C(997) <=> CC=C=O(2656) + C=CCCCC(514)
    CC=[C]O(3047) + C=C[CH]CCC(998) <=> CC=C=O(2656) + C=CCCCC(514)
    CC[C]=O(282) + C=C[CH]CCC(998) <=> CC=C=O(2656) + C=CCCCC(514)
    C[CH]C=O(2668) + C=C[CH]CCC(998) <=> CC=C=O(2656) + C=CCCCC(514)
    CC=[C]O(3047) + [CH2]CCCC=C(868) <=> CC=C=O(2656) + C=CCCCC(514)
    CC[C]=O(282) + [CH2]CCCC=C(868) <=> CC=C=O(2656) + C=CCCCC(514)
    C[CH]C=O(2668) + [CH2]CCCC=C(868) <=> CC=C=O(2656) + C=CCCCC(514)
    CC=[C]O(3047) + C=[C]CCCC(999) <=> CC=C=O(2656) + C=CCCCC(514)
    CC[C]=O(282) + C=[C]CCCC(999) <=> CC=C=O(2656) + C=CCCCC(514)
    C[CH]C=O(2668) + C=[C]CCCC(999) <=> CC=C=O(2656) + C=CCCCC(514)
    CC=[C]O(3047) + [CH]=CCCCC(500) <=> CC=C=O(2656) + C=CCCCC(514)
    CC[C]=O(282) + [CH]=CCCCC(500) <=> CC=C=O(2656) + C=CCCCC(514)
    C[CH]C=O(2668) + [CH]=CCCCC(500) <=> CC=C=O(2656) + C=CCCCC(514)
    C=C[C]=O(277) + [CH2]CCCCC(44) <=> CC=C=O(2656) + C=CCCCC(514)
    C[C]=C=O(3046) + [CH2]CCCCC(44) <=> CC=C=O(2656) + C=CCCCC(514)
    C=C[C]=O(277) + C[CH]CCCC(519) <=> CC=C=O(2656) + C=CCCCC(514)
    C[C]=C=O(3046) + C[CH]CCCC(519) <=> CC=C=O(2656) + C=CCCCC(514)
    CC=COCC=CCCC(3173) <=> CC=C=O(2656) + C=CCCCC(514)
    CCCC=CCC(C)C=O(2875) <=> CC=C=O(2656) + C=CCCCC(514)
    CC=C(O)CC=CCCC(3174) <=> CC=C=O(2656) + C=CCCCC(514)
    CCCC=CCC(=O)CC(3175) <=> CC=C=O(2656) + C=CCCCC(514)
    C=CC(=O)C(C)CCCC(3176) <=> CC=C=O(2656) + C=CCCCC(514)
    CC#COC(C)CCCC(3177) <=> CC=C=O(2656) + C=CCCCC(514)
    C=CC(=O)CCCCCC(3178) <=> CC=C=O(2656) + C=CCCCC(514)
    CC#COCCCCCC(3179) <=> CC=C=O(2656) + C=CCCCC(514)
    CC=C([O])C[CH]CCCCC(3180) <=> CC=C=O(2656) + C=CCCCCC(546)
    CC=[C]OC[CH]CCCCC(3181) <=> CC=C=O(2656) + C=CCCCCC(546)
    CCCCC[CH]CC(C)[C]=O(3182) <=> CC=C=O(2656) + C=CCCCCC(546)
    [CH2]C(CCCCC)C([O])=CC(3183) <=> CC=C=O(2656) + C=CCCCCC(546)
    [CH2]C(CCCCC)O[C]=CC(3184) <=> CC=C=O(2656) + C=CCCCCC(546)
    [CH2]C(CCCCC)C(C)[C]=O(3185) <=> CC=C=O(2656) + C=CCCCCC(546)
    CC=C=O(2656) + C=CCCCCC(546) <=> CCCCCC1CC(C)C1=O(3186)
    CC=C=O(2656) + C=CCCCCC(546) <=> CCCCCC1CC(=O)C1C(3187)
    CC=[C]O(3047) + C=CC[CH]CCC(1117) <=> CC=C=O(2656) + C=CCCCCC(546)
    CC[C]=O(282) + C=CC[CH]CCC(1117) <=> CC=C=O(2656) + C=CCCCCC(546)
    C[CH]C=O(2668) + C=CC[CH]CCC(1117) <=> CC=C=O(2656) + C=CCCCCC(546)
    CC=[C]O(3047) + C=CCC[CH]CC(1116) <=> CC=C=O(2656) + C=CCCCCC(546)
    CC[C]=O(282) + C=CCC[CH]CC(1116) <=> CC=C=O(2656) + C=CCCCCC(546)
    C[CH]C=O(2668) + C=CCC[CH]CC(1116) <=> CC=C=O(2656) + C=CCCCCC(546)
    CC=[C]O(3047) + C=CCCC[CH]C(1118) <=> CC=C=O(2656) + C=CCCCCC(546)
    CC[C]=O(282) + C=CCCC[CH]C(1118) <=> CC=C=O(2656) + C=CCCCCC(546)
    C[CH]C=O(2668) + C=CCCC[CH]C(1118) <=> CC=C=O(2656) + C=CCCCCC(546)
    CC=[C]O(3047) + C=C[CH]CCCC(1119) <=> CC=C=O(2656) + C=CCCCCC(546)
    CC[C]=O(282) + C=C[CH]CCCC(1119) <=> CC=C=O(2656) + C=CCCCCC(546)
    C[CH]C=O(2668) + C=C[CH]CCCC(1119) <=> CC=C=O(2656) + C=CCCCCC(546)
    CC=[C]O(3047) + [CH2]CCCCC=C(870) <=> CC=C=O(2656) + C=CCCCCC(546)
    CC[C]=O(282) + [CH2]CCCCC=C(870) <=> CC=C=O(2656) + C=CCCCCC(546)
    C[CH]C=O(2668) + [CH2]CCCCC=C(870) <=> CC=C=O(2656) + C=CCCCCC(546)
    CC=[C]O(3047) + C=[C]CCCCC(1120) <=> CC=C=O(2656) + C=CCCCCC(546)
    CC[C]=O(282) + C=[C]CCCCC(1120) <=> CC=C=O(2656) + C=CCCCCC(546)
    C[CH]C=O(2668) + C=[C]CCCCC(1120) <=> CC=C=O(2656) + C=CCCCCC(546)
    CC=[C]O(3047) + [CH]=CCCCCC(1121) <=> CC=C=O(2656) + C=CCCCCC(546)
    CC[C]=O(282) + [CH]=CCCCCC(1121) <=> CC=C=O(2656) + C=CCCCCC(546)
    C[CH]C=O(2668) + [CH]=CCCCCC(1121) <=> CC=C=O(2656) + C=CCCCCC(546)
    C=C[C]=O(277) + [CH2]CCCCCC(40) <=> CC=C=O(2656) + C=CCCCCC(546)
    C[C]=C=O(3046) + [CH2]CCCCCC(40) <=> CC=C=O(2656) + C=CCCCCC(546)
    C=C[C]=O(277) + C[CH]CCCCC(552) <=> CC=C=O(2656) + C=CCCCCC(546)
    C[C]=C=O(3046) + C[CH]CCCCC(552) <=> CC=C=O(2656) + C=CCCCCC(546)
    CC=COCC=CCCCC(3188) <=> CC=C=O(2656) + C=CCCCCC(546)
    CCCCC=CCC(C)C=O(2893) <=> CC=C=O(2656) + C=CCCCCC(546)
    CC=C(O)CC=CCCCC(3189) <=> CC=C=O(2656) + C=CCCCCC(546)
    CCCCC=CCC(=O)CC(3190) <=> CC=C=O(2656) + C=CCCCCC(546)
    C=CC(=O)C(C)CCCCC(3191) <=> CC=C=O(2656) + C=CCCCCC(546)
    CC#COC(C)CCCCC(3192) <=> CC=C=O(2656) + C=CCCCCC(546)
    C=CC(=O)CCCCCCC(3193) <=> CC=C=O(2656) + C=CCCCCC(546)
    CC#COCCCCCCC(3194) <=> CC=C=O(2656) + C=CCCCCC(546)
    [CH2][CH]CC([O])=CC(3195) <=> CC=C=O(2656) + [CH2]C=C(643)
    [CH2][CH]CO[C]=CC(3196) <=> CC=C=O(2656) + [CH2]C=C(643)
    [CH2][CH]CC(C)[C]=O(3197) <=> CC=C=O(2656) + [CH2]C=C(643)
    [CH2]C([CH2])C([O])=CC(3198) <=> CC=C=O(2656) + [CH2]C=C(643)
    [CH2]C([CH2])O[C]=CC(3199) <=> CC=C=O(2656) + [CH2]C=C(643)
    [CH2]C([CH2])C(C)[C]=O(3200) <=> CC=C=O(2656) + [CH2]C=C(643)
    CC=C=O(2656) + [CH2]C=C(643) <=> [CH2]C1CC(C)C1=O(3201)
    CC=C=O(2656) + [CH2]C=C(643) <=> [CH2]C1CC(=O)C1C(3202)
    [CH]C=C(2266) + CC=[C]O(3047) <=> CC=C=O(2656) + [CH2]C=C(643)
    [CH]C=C(2266) + CC[C]=O(282) <=> CC=C=O(2656) + [CH2]C=C(643)
    [CH]C=C(2266) + C[CH]C=O(2668) <=> CC=C=O(2656) + [CH2]C=C(643)
    [CH2][C]=C(1237) + CC=[C]O(3047) <=> CC=C=O(2656) + [CH2]C=C(643)
    [CH2][C]=C(1237) + CC[C]=O(282) <=> CC=C=O(2656) + [CH2]C=C(643)
    [CH2][C]=C(1237) + C[CH]C=O(2668) <=> CC=C=O(2656) + [CH2]C=C(643)
    [CH]C=C(2266) + CC=[C]O(3047) <=> CC=C=O(2656) + [CH2]C=C(643)
    [CH]C=C(2266) + CC[C]=O(282) <=> CC=C=O(2656) + [CH2]C=C(643)
    [CH]C=C(2266) + C[CH]C=O(2668) <=> CC=C=O(2656) + [CH2]C=C(643)
    C=C[C]=O(277) + [CH2]C[CH2](146) <=> CC=C=O(2656) + [CH2]C=C(643)
    C[C]=C=O(3046) + [CH2]C[CH2](146) <=> CC=C=O(2656) + [CH2]C=C(643)
    C=C[C]=O(277) + [CH2][CH]C(159) <=> CC=C=O(2656) + [CH2]C=C(643)
    C[C]=C=O(3046) + [CH2][CH]C(159) <=> CC=C=O(2656) + [CH2]C=C(643)
    C=C[C]=O(277) + C=CC(158) <=> CC=C=O(2656) + [CH2]C=C(643)
    C[C]=C=O(3046) + C=CC(158) <=> CC=C=O(2656) + [CH2]C=C(643)
    CC=C=O(2656) + [CH2]C=C(643) <=> C=CCO[C]=CC(3203)
    CC=C=O(2656) + [CH2]C=C(643) <=> C=CCC(C)[C]=O(3204)
    CC=C=O(2656) + [CH2]C=C(643) <=> C=CCC([O])=CC(3205)
    [CH2]C(C)C(=O)C=C(3206) <=> CC=C=O(2656) + [CH2]C=C(643)
    [CH2]C(C)OC#CC(3207) <=> CC=C=O(2656) + [CH2]C=C(643)
    [CH2]CCC(=O)C=C(3208) <=> CC=C=O(2656) + [CH2]C=C(643)
    [CH2]CCOC#CC(3209) <=> CC=C=O(2656) + [CH2]C=C(643)
    CC=C([O])C[CH]CC(3210) <=> CC=C=O(2656) + C=CCC(466)
    CC=[C]OC[CH]CC(3211) <=> CC=C=O(2656) + C=CCC(466)
    CC[CH]CC(C)[C]=O(3212) <=> CC=C=O(2656) + C=CCC(466)
    [CH2]C(CC)C([O])=CC(3213) <=> CC=C=O(2656) + C=CCC(466)
    [CH2]C(CC)O[C]=CC(3214) <=> CC=C=O(2656) + C=CCC(466)
    [CH2]C(CC)C(C)[C]=O(3215) <=> CC=C=O(2656) + C=CCC(466)
    CC=C=O(2656) + C=CCC(466) <=> CCC1CC(C)C1=O(3216)
    CC=C=O(2656) + C=CCC(466) <=> CCC1CC(=O)C1C(3217)
    CC=[C]O(3047) + C=C[CH]C(1344) <=> CC=C=O(2656) + C=CCC(466)
    CC[C]=O(282) + C=C[CH]C(1344) <=> CC=C=O(2656) + C=CCC(466)
    C[CH]C=O(2668) + C=C[CH]C(1344) <=> CC=C=O(2656) + C=CCC(466)
    CC=[C]O(3047) + [CH2]CC=C(538) <=> CC=C=O(2656) + C=CCC(466)
    CC[C]=O(282) + [CH2]CC=C(538) <=> CC=C=O(2656) + C=CCC(466)
    C[CH]C=O(2668) + [CH2]CC=C(538) <=> CC=C=O(2656) + C=CCC(466)
    CC=[C]O(3047) + C=[C]CC(1345) <=> CC=C=O(2656) + C=CCC(466)
    CC[C]=O(282) + C=[C]CC(1345) <=> CC=C=O(2656) + C=CCC(466)
    C[CH]C=O(2668) + C=[C]CC(1345) <=> CC=C=O(2656) + C=CCC(466)
    CC=[C]O(3047) + [CH]=CCC(1346) <=> CC=C=O(2656) + C=CCC(466)
    CC[C]=O(282) + [CH]=CCC(1346) <=> CC=C=O(2656) + C=CCC(466)
    C[CH]C=O(2668) + [CH]=CCC(1346) <=> CC=C=O(2656) + C=CCC(466)
    C=C[C]=O(277) + [CH2]CCC(41) <=> CC=C=O(2656) + C=CCC(466)
    C[C]=C=O(3046) + [CH2]CCC(41) <=> CC=C=O(2656) + C=CCC(466)
    C=C[C]=O(277) + C[CH]CC(469) <=> CC=C=O(2656) + C=CCC(466)
    C[C]=C=O(3046) + C[CH]CC(469) <=> CC=C=O(2656) + C=CCC(466)
    CC=CCOC=CC(3218) <=> CC=C=O(2656) + C=CCC(466)
    CC=CCC(C)C=O(2929) <=> CC=C=O(2656) + C=CCC(466)
    CC=CCC(O)=CC(3219) <=> CC=C=O(2656) + C=CCC(466)
    CC=CCC(=O)CC(3220) <=> CC=C=O(2656) + C=CCC(466)
    C=CC(=O)C(C)CC(3221) <=> CC=C=O(2656) + C=CCC(466)
    CC#COC(C)CC(3222) <=> CC=C=O(2656) + C=CCC(466)
    C=CC(=O)CCCC(3223) <=> CC=C=O(2656) + C=CCC(466)
    CC#COCCCC(3224) <=> CC=C=O(2656) + C=CCC(466)
    C2H3OH(72) + CC=C=O(2656) <=> C=COC(=O)CC(3127)
    C2H3OH(72) + CC=C=O(2656) <=> C=COC(C)C=O(2817)
    C2H3OH(72) + CC=C=O(2656) <=> C=CC(C)C(=O)O(1366)
    C2H3OH(72) + CC=C=O(2656) <=> C=CC(=O)C(C)O(3130)
    CC=C([O])C[CH]O(3225) <=> C2H3OH(72) + CC=C=O(2656)
    CC=[C]OC[CH]O(3226) <=> C2H3OH(72) + CC=C=O(2656)
    CC([C]=O)C[CH]O(3227) <=> C2H3OH(72) + CC=C=O(2656)
    [CH2]C(O)C([O])=CC(3228) <=> C2H3OH(72) + CC=C=O(2656)
    [CH2]C(O)O[C]=CC(3229) <=> C2H3OH(72) + CC=C=O(2656)
    [CH2]C(O)C(C)[C]=O(3230) <=> C2H3OH(72) + CC=C=O(2656)
    C2H3OH(72) + CC=C=O(2656) <=> CC1CC(O)C1=O(3231)
    C2H3OH(72) + CC=C=O(2656) <=> CC1C(=O)CC1O(3232)
    C=[C]O(69) + CC=[C]O(3047) <=> C2H3OH(72) + CC=C=O(2656)
    C=[C]O(69) + CC[C]=O(282) <=> C2H3OH(72) + CC=C=O(2656)
    C=[C]O(69) + C[CH]C=O(2668) <=> C2H3OH(72) + CC=C=O(2656)
    [CH]=CO(70) + CC=[C]O(3047) <=> C2H3OH(72) + CC=C=O(2656)
    [CH]=CO(70) + CC[C]=O(282) <=> C2H3OH(72) + CC=C=O(2656)
    [CH]=CO(70) + C[CH]C=O(2668) <=> C2H3OH(72) + CC=C=O(2656)
    CH2CHO(36) + CC=[C]O(3047) <=> C2H3OH(72) + CC=C=O(2656)
    CH2CHO(36) + CC[C]=O(282) <=> C2H3OH(72) + CC=C=O(2656)
    CH2CHO(36) + C[CH]C=O(2668) <=> C2H3OH(72) + CC=C=O(2656)
    CH2CH2OH(241) + C=C[C]=O(277) <=> C2H3OH(72) + CC=C=O(2656)
    CH2CH2OH(241) + C[C]=C=O(3046) <=> C2H3OH(72) + CC=C=O(2656)
    CH3CHOH(133) + C=C[C]=O(277) <=> C2H3OH(72) + CC=C=O(2656)
    CH3CHOH(133) + C[C]=C=O(3046) <=> C2H3OH(72) + CC=C=O(2656)
    CC=COCC=O(3233) <=> C2H3OH(72) + CC=C=O(2656)
    CC(C=O)CC=O(2987) <=> C2H3OH(72) + CC=C=O(2656)
    CC=C(O)CC=O(3234) <=> C2H3OH(72) + CC=C=O(2656)
    CCC(=O)CC=O(3235) <=> C2H3OH(72) + CC=C=O(2656)
    C=CC(=O)C(C)O(3130) <=> C2H3OH(72) + CC=C=O(2656)
    CC#COC(C)O(3131) <=> C2H3OH(72) + CC=C=O(2656)
    C=CC(=O)CCO(3236) <=> C2H3OH(72) + CC=C=O(2656)
    CC#COCCO(3237) <=> C2H3OH(72) + CC=C=O(2656)
    C2H3O(67) + CC=[C]O(3047) <=> CH2OCH2(1871) + CC=C=O(2656)
    C2H3O(67) + CC[C]=O(282) <=> CH2OCH2(1871) + CC=C=O(2656)
    C2H3O(67) + C[CH]C=O(2668) <=> CH2OCH2(1871) + CC=C=O(2656)
    [CH2]C(=C)C([O])=CC(3238) <=> C=C=C(1236) + CC=C=O(2656)
    [CH2]C(=C)O[C]=CC(3239) <=> C=C=C(1236) + CC=C=O(2656)
    [CH2]C(=C)C(C)[C]=O(3240) <=> C=C=C(1236) + CC=C=O(2656)
    C=[C]CC([O])=CC(3241) <=> C=C=C(1236) + CC=C=O(2656)
    C=[C]CO[C]=CC(3242) <=> C=C=C(1236) + CC=C=O(2656)
    C=[C]CC(C)[C]=O(3243) <=> C=C=C(1236) + CC=C=O(2656)
    [CH]=C=C(1912) + CC=[C]O(3047) <=> C=C=C(1236) + CC=C=O(2656)
    [CH]=C=C(1912) + CC[C]=O(282) <=> C=C=C(1236) + CC=C=O(2656)
    [CH]=C=C(1912) + C[CH]C=O(2668) <=> C=C=C(1236) + CC=C=O(2656)
    C=C[C]=O(277) + C=[C]C(644) <=> C=C=C(1236) + CC=C=O(2656)
    C[C]=C=O(3046) + C=[C]C(644) <=> C=C=C(1236) + CC=C=O(2656)
    C=C[C]=O(277) + [CH2]C=C(643) <=> C=C=C(1236) + CC=C=O(2656)
    C[C]=C=O(3046) + [CH2]C=C(643) <=> C=C=C(1236) + CC=C=O(2656)
    C#CCOC=CC(3244) <=> C=C=C(1236) + CC=C=O(2656)
    C#CCC(C)C=O(3001) <=> C=C=C(1236) + CC=C=O(2656)
    C#CCC(O)=CC(3245) <=> C=C=C(1236) + CC=C=O(2656)
    C#CCC(=O)CC(3246) <=> C=C=C(1236) + CC=C=O(2656)
    C=CCC(=O)C=C(3247) <=> C=C=C(1236) + CC=C=O(2656)
    C=CCOC#CC(3248) <=> C=C=C(1236) + CC=C=O(2656)
    C=CC(=O)C(=C)C(3249) <=> C=C=C(1236) + CC=C=O(2656)
    C=C(C)OC#CC(3250) <=> C=C=C(1236) + CC=C=O(2656)
    C=CC([O])C([O])=CC(3251) <=> C=CC=O(278) + CC=C=O(2656)
    C=CC([O])O[C]=CC(3252) <=> C=CC=O(278) + CC=C=O(2656)
    C=CC([O])C(C)[C]=O(3253) <=> C=CC=O(278) + CC=C=O(2656)
    CC=C([O])C[CH]C=O(3254) <=> C=CC=O(278) + CC=C=O(2656)
    CC=[C]OC[CH]C=O(3255) <=> C=CC=O(278) + CC=C=O(2656)
    CC([C]=O)C[CH]C=O(3256) <=> C=CC=O(278) + CC=C=O(2656)
    [CH2]C(C=O)C([O])=CC(3257) <=> C=CC=O(278) + CC=C=O(2656)
    [CH2]C(C=O)O[C]=CC(3258) <=> C=CC=O(278) + CC=C=O(2656)
    [CH2]C(C=O)C(C)[C]=O(3259) <=> C=CC=O(278) + CC=C=O(2656)
    C=C[CH]OC([O])=CC(3260) <=> C=CC=O(278) + CC=C=O(2656)
    C=C[CH]OO[C]=CC(3261) <=> C=CC=O(278) + CC=C=O(2656)
    C=C[CH]OC(C)[C]=O(3262) <=> C=CC=O(278) + CC=C=O(2656)
    C=CC=O(278) + CC=C=O(2656) <=> C=CC1OC(=O)C1C(3263)
    C=CC=O(278) + CC=C=O(2656) <=> C=CC1OC(C)C1=O(3264)
    C=CC=O(278) + CC=C=O(2656) <=> CC1CC(C=O)C1=O(3265)
    C=CC=O(278) + CC=C=O(2656) <=> CC1C(=O)CC1C=O(3266)
    C=[C]C=O(2663) + CC=[C]O(3047) <=> C=CC=O(278) + CC=C=O(2656)
    C=[C]C=O(2663) + CC[C]=O(282) <=> C=CC=O(278) + CC=C=O(2656)
    C=[C]C=O(2663) + C[CH]C=O(2668) <=> C=CC=O(278) + CC=C=O(2656)
    C=C[C]=O(277) + CC=[C]O(3047) <=> C=CC=O(278) + CC=C=O(2656)
    C=C[C]=O(277) + CC[C]=O(282) <=> C=CC=O(278) + CC=C=O(2656)
    C=C[C]=O(277) + C[CH]C=O(2668) <=> C=CC=O(278) + CC=C=O(2656)
    [CH]=CC=O(276) + CC=[C]O(3047) <=> C=CC=O(278) + CC=C=O(2656)
    [CH]=CC=O(276) + CC[C]=O(282) <=> C=CC=O(278) + CC=C=O(2656)
    [CH]=CC=O(276) + C[CH]C=O(2668) <=> C=CC=O(278) + CC=C=O(2656)
    C=C[C]=O(277) + C=C[CH]O(2667) <=> C=CC=O(278) + CC=C=O(2656)
    C[C]=C=O(3046) + C=C[CH]O(2667) <=> C=CC=O(278) + CC=C=O(2656)
    C=C[C]=O(277) + [CH2]CC=O(281) <=> C=CC=O(278) + CC=C=O(2656)
    C[C]=C=O(3046) + [CH2]CC=O(281) <=> C=CC=O(278) + CC=C=O(2656)
    C=C[C]=O(277) + C[CH]C=O(2668) <=> C=CC=O(278) + CC=C=O(2656)
    C[C]=C=O(3046) + C[CH]C=O(2668) <=> C=CC=O(278) + CC=C=O(2656)
    C=C[C]=O(277) + C=CC[O](605) <=> C=CC=O(278) + CC=C=O(2656)
    C[C]=C=O(3046) + C=CC[O](605) <=> C=CC=O(278) + CC=C=O(2656)
    C=C=COOC=CC(3267) <=> C=CC=O(278) + CC=C=O(2656)
    C=C=COC(C)C=O(3023) <=> C=CC=O(278) + CC=C=O(2656)
    C=C=COC(O)=CC(3268) <=> C=CC=O(278) + CC=C=O(2656)
    C=C=COC(=O)CC(3269) <=> C=CC=O(278) + CC=C=O(2656)
    CC=COCC=C=O(3270) <=> C=CC=O(278) + CC=C=O(2656)
    CC(C=O)CC=C=O(3027) <=> C=CC=O(278) + CC=C=O(2656)
    CC=C(O)CC=C=O(3271) <=> C=CC=O(278) + CC=C=O(2656)
    CCC(=O)CC=C=O(3272) <=> C=CC=O(278) + CC=C=O(2656)
    C=CCOC(=O)C=C(3273) <=> C=CC=O(278) + CC=C=O(2656)
    C=CCOOC#CC(3274) <=> C=CC=O(278) + CC=C=O(2656)
    C=CC(=O)C(C)C=O(3275) <=> C=CC=O(278) + CC=C=O(2656)
    CC#COC(C)C=O(3276) <=> C=CC=O(278) + CC=C=O(2656)
    C=CC(=O)CCC=O(3277) <=> C=CC=O(278) + CC=C=O(2656)
    CC#COCCC=O(3278) <=> C=CC=O(278) + CC=C=O(2656)
    C=CC(=O)C(O)C=C(3279) <=> C=CC=O(278) + CC=C=O(2656)
    C=CC(O)OC#CC(3280) <=> C=CC=O(278) + CC=C=O(2656)
    CC=C([O])C([O])=CC(3281) <=> CC=C=O(2656) + CC=C=O(2656)
    CC=[C]OC([O])=CC(3282) <=> CC=C=O(2656) + CC=C=O(2656)
    CC=C([O])C(C)[C]=O(3283) <=> CC=C=O(2656) + CC=C=O(2656)
    CC=[C]OO[C]=CC(3284) <=> CC=C=O(2656) + CC=C=O(2656)
    CC=[C]OC(C)[C]=O(3285) <=> CC=C=O(2656) + CC=C=O(2656)
    CC([C]=O)C(C)[C]=O(3286) <=> CC=C=O(2656) + CC=C=O(2656)
    CC=C=O(2656) + CC=C=O(2656) <=> CC1C(=O)C(=O)C1C(3287)
    CC=C=O(2656) + CC=C=O(2656) <=> CC1C(=O)C(C)C1=O(3288)
    C=C[C]=O(277) + CC=[C]O(3047) <=> CC=C=O(2656) + CC=C=O(2656)
    C=C[C]=O(277) + CC[C]=O(282) <=> CC=C=O(2656) + CC=C=O(2656)
    C=C[C]=O(277) + C[CH]C=O(2668) <=> CC=C=O(2656) + CC=C=O(2656)
    C[C]=C=O(3046) + CC=[C]O(3047) <=> CC=C=O(2656) + CC=C=O(2656)
    C[C]=C=O(3046) + CC[C]=O(282) <=> CC=C=O(2656) + CC=C=O(2656)
    C[C]=C=O(3046) + C[CH]C=O(2668) <=> CC=C=O(2656) + CC=C=O(2656)
    C=CC(=O)OC=CC(3289) <=> CC=C=O(2656) + CC=C=O(2656)
    C=CC(=O)C(C)C=O(3275) <=> CC=C=O(2656) + CC=C=O(2656)
    C=CC(=O)C(O)=CC(3290) <=> CC=C=O(2656) + CC=C=O(2656)
    C=CC(=O)C(=O)CC(3291) <=> CC=C=O(2656) + CC=C=O(2656)
    CC#COOC=CC(3292) <=> CC=C=O(2656) + CC=C=O(2656)
    CC#COC(C)C=O(3276) <=> CC=C=O(2656) + CC=C=O(2656)
    CC#COC(O)=CC(3293) <=> CC=C=O(2656) + CC=C=O(2656)
    CC#COC(=O)CC(3294) <=> CC=C=O(2656) + CC=C=O(2656)

After model enlargement:
    The model core has 80 species and 885 reactions
    The model edge has 3213 species and 8631 reactions


Saving current model core to Chemkin file...
Chemkin file contains 892 reactions.
Saving annotated version of Chemkin file...
Chemkin file contains 892 reactions.
Saving current model core and edge to Chemkin file...
Chemkin file contains 9523 reactions.
Saving annotated version of Chemkin file...
Chemkin file contains 9523 reactions.
Saving current model core to HTML file...
Saving current model edge to HTML file...
Updating RMG execution statistics...
    Execution time (DD:HH:MM:SS): 00:00:05:28
    Memory used: 1006.27 MB

Making seed mechanism...
Conducting simulation of reaction system 1...
At time 4.7982e-05 s, species C=C[CH]C(1344) at 0.10008189732701482 exceeded the minimum rate for simulation interruption of 0.1
At time 4.7982e-05 s, species C=C[CH]C(1344) at rate ratio 0.10008189732701482 exceeded the minimum rate for moving to model core of 0.1
terminating simulation due to interrupt...


Adding species C=C[CH]C(1344) to model core

Summary of Model Enlargement
---------------------------------
Added 1 new core species
    C=C[CH]C(1344)
Created 0 new edge species
Moved 30 reactions from edge to core
    H(3) + C=C[CH]C(1344) <=> C=CCC(466)
    H(3) + C=CCC(466) <=> H2(6) + C=C[CH]C(1344)
    O(4) + C=CCC(466) <=> OH(5) + C=C[CH]C(1344)
    OH(5) + C=CCC(466) <=> H2O(7) + C=C[CH]C(1344)
    HO2(10) + C=CCC(466) <=> H2O2(11) + C=C[CH]C(1344)
    HCO(14) + C=C[CH]C(1344) <=> CO(12) + C=CCC(466)
    HCO(14) + C=CCC(466) <=> CH2O(19) + C=C[CH]C(1344)
    CH3(18) + C=CCC(466) <=> CH4(31) + C=C[CH]C(1344)
    CH2OH(34) + C=C[CH]C(1344) <=> CH2O(19) + C=CCC(466)
    CH3O(27) + C=C[CH]C(1344) <=> CH2O(19) + C=CCC(466)
    C2H3(29) + C=C[CH]C(1344) <=> C2H2(22) + C=CCC(466)
    CH3CO(35) + C=C[CH]C(1344) <=> CH2CO(28) + C=CCC(466)
    CH2CHO(36) + C=C[CH]C(1344) <=> CH2CO(28) + C=CCC(466)
    C2H3(29) + C=CCC(466) <=> C2H4(30) + C=C[CH]C(1344)
    C2H5(33) + C=C[CH]C(1344) <=> C2H4(30) + C=CCC(466)
    C2H6(32) + C=C[CH]C(1344) <=> C2H5(33) + C=CCC(466)
    [CH2]C[O](71) + C=C[CH]C(1344) <=> CH2CHO(36) + C=CCC(466)
    CH2CHO(36) + C=CCC(466) <=> CH3CHO(37) + C=C[CH]C(1344)
    CH2CHO(36) + C=CCC(466) <=> C2H3OH(72) + C=C[CH]C(1344)
    HO2(10) + C=C[CH]C(1344) <=> O2(2) + C=CCC(466)
    [CH2]CC(47) + C=C[CH]C(1344) <=> C=CC(158) + C=CCC(466)
    C[CH]C(160) + C=C[CH]C(1344) <=> C=CC(158) + C=CCC(466)
    C=C[CH]C(1344) + [CH2]CCCCCCCC(46) <=> C=CCC(466) + C=CCCCCCCC(138)
    C=C[CH]C(1344) + [CH2]CCCCC(44) <=> C=CCC(466) + C=CCCCC(514)
    C=C[CH]C(1344) + C[CH]CCCC(519) <=> C=CCC(466) + C=CCCCC(514)
    C=C[CH]C(1344) + [CH2]CCCCCC(40) <=> C=CCC(466) + C=CCCCCC(546)
    C=CC(158) + C=C[CH]C(1344) <=> [CH2]C=C(643) + C=CCC(466)
    C=C[CH]C(1344) + [CH2]CCC(41) <=> C=CCC(466) + C=CCC(466)
    CH2CH2OH(241) + C=C[CH]C(1344) <=> C2H3OH(72) + C=CCC(466)
    [CH2]C=C(643) + C=C[CH]C(1344) <=> C=C=C(1236) + C=CCC(466)
Added 0 new core reactions
Created 0 new edge reactions

After model enlargement:
    The model core has 81 species and 915 reactions
    The model edge has 3212 species and 8601 reactions


At time 7.2391e-05 s, reached target termination conversion: 0.900000 of C12H24(1)
    C12H24(1) conversion: 0.9011    

For reaction generation 1 process is used.
Generating thermo for new species...
Generating kinetics for new reactions...
For reaction HO2(10) + C=C[CH]C(1344) <=> [CH2][CH]C(C)OO(3307), Ea raised from 33.6 to 36.3 kJ/mol to match endothermicity of reaction.
For reaction HO2(10) + C=C[CH]C(1344) <=> [CH2]C([CH]C)OO(3308), Ea raised from 42.6 to 45.0 kJ/mol to match endothermicity of reaction.
For reaction HO2(10) + C=C[CH]C(1344) <=> C[CH][CH]COO(3312), Ea raised from 35.4 to 38.1 kJ/mol to match endothermicity of reaction.
For reaction CO(12) + C=C[CH]C(1344) <=> CC=CC[C]=O(3318), Ea raised from 26.2 to 28.4 kJ/mol to match endothermicity of reaction.
For reaction CO2(13) + C=C[CH]C(1344) <=> CC=CCO[C]=O(3333), Ea raised from 141.1 to 145.1 kJ/mol to match endothermicity of reaction.
For reaction CO2(13) + C=C[CH]C(1344) <=> CC=CCC([O])=O(3334), Ea raised from 107.0 to 112.4 kJ/mol to match endothermicity of reaction.
For reaction CO2(13) + C=C[CH]C(1344) <=> C=CC(C)O[C]=O(3341), Ea raised from 132.5 to 136.4 kJ/mol to match endothermicity of reaction.
For reaction CO2(13) + C=C[CH]C(1344) <=> C=CC(C)C([O])=O(3342), Ea raised from 107.7 to 111.6 kJ/mol to match endothermicity of reaction.
For reaction CH2CO(28) + C=C[CH]C(1344) <=> HCCO(20) + CC=CC(3304), Ea raised from 75.8 to 76.0 kJ/mol to match endothermicity of reaction.
For reaction CH2CO(28) + C=C[CH]C(1344) <=> C=[C]OCC=CC(3374), Ea raised from 62.1 to 67.0 kJ/mol to match endothermicity of reaction.
For reaction CH2CO(28) + C=C[CH]C(1344) <=> C=[C]OC(C)C=C(3388), Ea raised from 55.6 to 60.7 kJ/mol to match endothermicity of reaction.
For reaction CH3CHO(37) + C=C[CH]C(1344) <=> CC=CCC(C)[O](1425), Ea raised from 34.6 to 38.7 kJ/mol to match endothermicity of reaction.
For reaction CH3CHO(37) + C=C[CH]C(1344) <=> C=CC(C)C(C)[O](3411), Ea raised from 38.5 to 43.0 kJ/mol to match endothermicity of reaction.
For reaction O2(2) + C=C[CH]C(1344) <=> [CH2][CH]C(C)O[O](3414), Ea raised from 196.9 to 199.4 kJ/mol to match endothermicity of reaction.
For reaction O2(2) + C=C[CH]C(1344) <=> [CH2]C([CH]C)O[O](3415), Ea raised from 206.0 to 208.1 kJ/mol to match endothermicity of reaction.
For reaction O2(2) + C=C[CH]C(1344) <=> C[CH][CH]CO[O](3417), Ea raised from 198.7 to 201.3 kJ/mol to match endothermicity of reaction.
For reaction [O]OC=O(106) + CC=C=O(2656) <=> CC=[C]OOOC=O(3517), Ea raised from 220.3 to 225.5 kJ/mol to match endothermicity of reaction.
For reaction C=CC=O(278) + C=C[CH]C(1344) <=> C=CC([O])CC=CC(3579), Ea raised from 39.9 to 45.0 kJ/mol to match endothermicity of reaction.
For reaction C=CC=O(278) + C=C[CH]C(1344) <=> C=CC(C)C([O])C=C(3597), Ea raised from 43.8 to 49.2 kJ/mol to match endothermicity of reaction.

Summary of Secondary Model Edge Enlargement
---------------------------------
Added 0 new core species
Created 353 new edge species
    [CH]C=CC(3295)
    [CH2][CH]C[CH2](3296)
    CC1[CH]C1(3297)
    C=C=CC(3298)
    [CH2]C=C[CH2](3299)
    [CH2]C=[C]C(3300)
    [CH2][C]=CC(3301)
    C[C]=CC(3302)
    C=CC=C(3303)
    CC=CC(3304)
    C[CH][CH]C(3305)
    [CH2]CC(C)O[O](3306)
    [CH2][CH]C(C)OO(3307)
    [CH2]C([CH]C)OO(3308)
    CC=CCOO(3309)
    C[CH]C(C)O[O](3310)
    C[CH]CCO[O](3311)
    C[CH][CH]COO(3312)
    C=CC(C)OO(3313)
    [CH2]C=CCC=O(3314)
    [CH2]C=C(C)C=O(3315)
    [CH2]C(C=O)=CC(3316)
    [CH2]C=CC(C)=O(3317)
    CC=CC[C]=O(3318)
    C[CH]C=CC=O(3319)
    C=CC(C)[C]=O(3320)
    [CH2]C=CCOC=O(3321)
    [CH2]C=C(C)OC=O(3322)
    [CH2]C(=CC)OC=O(3323)
    [CH2]C=CC(=O)OC(3324)
    [CH2]C=CCC(=O)O(3325)
    [CH2]C=C(C)C(=O)O(3326)
    [CH2]C(=CC)C(=O)O(3327)
    [CH2]C=COC(C)=O(3328)
    [CH2]C([CH]C)C([O])=O(3329)
    [CH2][CH]C(C)C([O])=O(3330)
    [CH2]C([CH]C)O[C]=O(3331)
    [CH2][CH]C(C)O[C]=O(3332)
    CC=CCO[C]=O(3333)
    CC=CCC([O])=O(3334)
    [CH2]C(C=C)OC=O(3335)
    [CH2]C(C=C)C(=O)O(3336)
    C[CH]C=COC=O(3337)
    C[CH]C=CC(=O)O(3338)
    C[CH][CH]CC([O])=O(3339)
    C[CH][CH]CO[C]=O(3340)
    C=CC(C)O[C]=O(3341)
    C=CC(C)C([O])=O(3342)
    [CH2][CH]C(C)C(3343)
    [CH2]C(C)[CH]C(3344)
    CC=CCC(3345)
    C[CH][CH]CC(3346)
    C=CC(C)C(3347)
    [CH2]C([CH]C)C[O](3348)
    [CH2][CH]C(C)C[O](3349)
    [CH2]OC([CH2])[CH]C(3350)
    [CH2][CH]C(C)O[CH2](3351)
    [CH2]OCC=CC(3352)
    CC=CCC[O](3353)
    [CH2]C(C=C)OC(3354)
    [CH2]C(C=C)CO(3355)
    C[CH][CH]CC[O](3356)
    [CH2]OC[CH][CH]C(3357)
    C[CH]C1CCO1(3358)
    C[CH]C1COC1(3359)
    [CH2]OC(C)C=C(3360)
    C=CC(C)C[O](3361)
    [CH]=CC([CH2])[CH]C(3362)
    [CH]=CC(C)[CH][CH2](3363)
    [CH]=CCC=CC(3364)
    [CH2]C(C=C)C=C(3365)
    [CH]=CC[CH][CH]C(3366)
    [CH]=CC(C)C=C(3367)
    [CH2]C([CH]C)C(=C)[O](3368)
    [CH2][CH]C(C)C(=C)[O](3369)
    [CH2]C([CH]C)O[C]=C(3370)
    [CH2][CH]C(C)O[C]=C(3371)
    [CH2]C([CH]C)C[C]=O(3372)
    [CH2][CH]C(C)C[C]=O(3373)
    C=[C]OCC=CC(3374)
    CC=CCC[C]=O(3375)
    C=C([O])CC=CC(3376)
    C#COC(C)C[CH2](3377)
    C#COC([CH2])CC(3378)
    [CH2]C(C=C)OC=C(3379)
    [CH2]C(C=C)CC=O(3380)
    [CH2]C(C=C)C(=C)O(3381)
    [CH2]C(C=C)C(C)=O(3382)
    C=C([O])C[CH][CH]C(3383)
    C=[C]OC[CH][CH]C(3384)
    C[CH][CH]CC[C]=O(3385)
    C[CH]C1CCC1=O(3386)
    C[CH]C1CC(=O)C1(3387)
    C=[C]OC(C)C=C(3388)
    C=CC(C)C[C]=O(3389)
    C=CC(C)C(=C)[O](3390)
    C#COC(C)[CH]C(3391)
    C#COCC[CH]C(3392)
    [CH2]CC([CH2])[CH]C(3393)
    [CH2][CH]C(C)C[CH2](3394)
    [CH2]CCC=CC(3395)
    [CH2]CC[CH][CH]C(3396)
    [CH2]CC(C)C=C(3397)
    [CH2]C([CH]C)C(C)[O](3398)
    [CH2][CH]C(C)C(C)[O](3399)
    [CH2]C([CH]C)O[CH]C(3400)
    [CH2][CH]C(C)O[CH]C(3401)
    C[CH]OCC=CC(3402)
    [CH2]CC(C)OC=C(3403)
    [CH2]C(C=C)OCC(3404)
    [CH2]C(C=C)C(C)O(3405)
    C[CH][CH]CC(C)[O](3406)
    C[CH][CH]CO[CH]C(3407)
    C[CH]C1CC(C)O1(3408)
    C[CH]C1COC1C(3409)
    C=CC(C)O[CH]C(3410)
    C=CC(C)C(C)[O](3411)
    C=COC(C)[CH]C(3412)
    C=COCC[CH]C(3413)
    [CH2][CH]C(C)O[O](3414)
    [CH2]C([CH]C)O[O](3415)
    CC=CCO[O](3416)
    C[CH][CH]CO[O](3417)
    C=CC(C)O[O](3418)
    [CH2]C([CH]C)C[CH]C(3419)
    [CH2][CH]C(C)C[CH]C(3420)
    [CH2]C(C)C([CH2])[CH]C(3421)
    [CH2][CH]C(C)C([CH2])C(3422)
    C[CH]CCC=CC(3423)
    [CH2]CC(C)CC=C(3424)
    [CH2]C(C=C)C(C)C(3425)
    [CH2]C(C=C)CCC(3426)
    C[CH][CH]CC[CH]C(3427)
    [CH2]C(C)C[CH][CH]C(3428)
    [CH2]C(C)C(C)C=C(3429)
    C=CC(C)C[CH]C(3430)
    C=CCC(C)[CH]C(3431)
    [CH2]C([CH]C)C[CH]CCCCCCC(3432)
    [CH2][CH]C(C)C[CH]CCCCCCC(3433)
    [CH2]C([CH]C)C([CH2])CCCCCCC(3434)
    [CH2][CH]C(C)C([CH2])CCCCCCC(3435)
    [CH2]C(CC=CC)CCCCCCC(3436)
    CC=CCC[CH]CCCCCCC(3437)
    [CH2]CC(C)CC=CCCCCCC(3438)
    [CH2]C(CC)CC=CCCCCCC(3439)
    [CH2]C(C=C)C(C)CCCCCCC(3440)
    [CH2]C(C=C)CCCCCCCCC(3441)
    C[CH][CH]CC[CH]CCCCCCC(3442)
    [CH2]C(C[CH][CH]C)CCCCCCC(3443)
    [CH2]C(CCCCCCC)C(C)C=C(3444)
    C=CC(C)C[CH]CCCCCCC(3445)
    C[CH]C(C)CC=CCCCCCC(3446)
    C[CH]CCCC=CCCCCCC(3447)
    [CH2]C([CH]C)C[CH]CCCC(3448)
    [CH2][CH]C(C)C[CH]CCCC(3449)
    [CH2]C([CH]C)C([CH2])CCCC(3450)
    [CH2][CH]C(C)C([CH2])CCCC(3451)
    [CH2]C(CC=CC)CCCC(3452)
    CC=CCC[CH]CCCC(3453)
    [CH2]CC(C)CC=CCCC(3454)
    [CH2]C(CC)CC=CCCC(3455)
    [CH2]C(C=C)C(C)CCCC(3456)
    [CH2]C(C=C)CCCCCC(3457)
    C[CH][CH]CC[CH]CCCC(3458)
    [CH2]C(C[CH][CH]C)CCCC(3459)
    [CH2]C(CCCC)C(C)C=C(3460)
    C=CC(C)C[CH]CCCC(3461)
    C[CH]C(C)CC=CCCC(3462)
    C[CH]CCCC=CCCC(3463)
    [CH2]C([CH]C)C[CH]CCCCC(3464)
    [CH2][CH]C(C)C[CH]CCCCC(3465)
    [CH2]C([CH]C)C([CH2])CCCCC(3466)
    [CH2][CH]C(C)C([CH2])CCCCC(3467)
    [CH2]C(CC=CC)CCCCC(3468)
    CC=CCC[CH]CCCCC(3469)
    [CH2]CC(C)CC=CCCCC(3470)
    [CH2]C(CC)CC=CCCCC(3471)
    [CH2]C(C=C)C(C)CCCCC(3472)
    [CH2]C(C=C)CCCCCCC(3473)
    C[CH][CH]CC[CH]CCCCC(3474)
    [CH2]C(C[CH][CH]C)CCCCC(3475)
    [CH2]C(CCCCC)C(C)C=C(3476)
    C=CC(C)C[CH]CCCCC(3477)
    C[CH]C(C)CC=CCCCC(3478)
    C[CH]CCCC=CCCCC(3479)
    [CH2][CH]CC([CH2])[CH]C(3480)
    [CH2][CH]CC(C)[CH][CH2](3481)
    [CH2]C([CH2])C([CH2])[CH]C(3482)
    [CH2][CH]C(C)C([CH2])[CH2](3483)
    [CH2]C([CH2])CC=CC(3484)
    [CH2][CH]CCC=CC(3485)
    [CH2][CH]C(C)CC=C(3486)
    [CH2]C([CH]C)CC=C(3487)
    [CH2]C(C)C([CH2])C=C(3488)
    [CH2]CCC([CH2])C=C(3489)
    [CH2][CH]CC[CH][CH]C(3490)
    [CH2]C([CH2])C[CH][CH]C(3491)
    [CH2]C([CH2])C(C)C=C(3492)
    C=CCC(C)C=C(3493)
    [CH2]C([CH]C)C[CH]CC(3494)
    [CH2][CH]C(C)C[CH]CC(3495)
    [CH2]C([CH]C)C([CH2])CC(3496)
    [CH2][CH]C(C)C([CH2])CC(3497)
    [CH2]C(CC)CC=CC(3498)
    CC=CCC[CH]CC(3499)
    [CH2]CC(C)CC=CC(3500)
    [CH2]C(C=C)C(C)CC(3501)
    [CH2]C(C=C)CCCC(3502)
    C[CH][CH]CC[CH]CC(3503)
    [CH2]C(CC)C[CH][CH]C(3504)
    [CH2]C(CC)C(C)C=C(3505)
    C=CC(C)C[CH]CC(3506)
    C[CH]C(C)CC=CC(3507)
    C[CH]CCCC=CC(3508)
    CC=C([O])C([O])O[O](3509)
    CC=[C]OC([O])O[O](3510)
    CC([C]=O)C([O])O[O](3511)
    CC=C([O])O[CH]O[O](3512)
    CC=[C]OO[CH]O[O](3513)
    CC([C]=O)O[CH]O[O](3514)
    CC1C(=O)OC1O[O](3515)
    CC1OC(O[O])C1=O(3516)
    CC=[C]OOOC=O(3517)
    CC([C]=O)OOC=O(3518)
    CC=C([O])OOC=O(3519)
    C=CC(=O)OCO[O](3520)
    CC#COOCO[O](3521)
    C=CC(=O)C(O)O[O](3522)
    CC#COC(O)O[O](3523)
    C=CCC[CH]CC([O])=CC(3524)
    C=CCC[CH]CO[C]=CC(3525)
    C=CCC[CH]CC(C)[C]=O(3526)
    [CH2]C(CCC=C)C([O])=CC(3527)
    [CH2]C(CCC=C)O[C]=CC(3528)
    [CH2]C(CCC=C)C(C)[C]=O(3529)
    C=CCCC1CC(C)C1=O(3530)
    C=CCCC1CC(=O)C1C(3531)
    C=CCC=CCOC=CC(3532)
    C=CCC=CCC(O)=CC(3533)
    C=CCC=CCC(=O)CC(3534)
    C=CCCC(C)C(=O)C=C(3535)
    C=CCCC(C)OC#CC(3536)
    C=CCCCCC(=O)C=C(3537)
    C=CCCCCOC#CC(3538)
    [CH2]C([CH]C)C[CH]O(3539)
    [CH2][CH]C(C)C[CH]O(3540)
    [CH2]C(O)C([CH2])[CH]C(3541)
    [CH2][CH]C(C)C([CH2])O(3542)
    CC=CCC[CH]O(3543)
    [CH2]CC(C)CC=O(3544)
    [CH2]C(C=C)CCO(3545)
    C[CH][CH]CC[CH]O(3546)
    [CH2]C(O)C[CH][CH]C(3547)
    [CH2]C(O)C(C)C=C(3548)
    C=CC(C)C[CH]O(3549)
    C[CH]C(C)CC=O(3550)
    C[CH]CCCC=O(3551)
    [CH2]C(=C)C([CH2])[CH]C(3552)
    [CH2][CH]C(C)C([CH2])=C(3553)
    [CH2]C([CH]C)C[C]=C(3554)
    [CH2][CH]C(C)C[C]=C(3555)
    C=[C]CCC=CC(3556)
    [CH2]C(=C)CC=CC(3557)
    C#CCC(C)C[CH2](3558)
    C#CCC([CH2])CC(3559)
    [CH2]C(C=C)CC=C(3560)
    [CH2]C(C=C)C(=C)C(3561)
    [CH2]C(=C)C[CH][CH]C(3562)
    C=[C]CC[CH][CH]C(3563)
    C=[C]CC(C)C=C(3564)
    [CH2]C(=C)C(C)C=C(3565)
    C#CCC(C)[CH]C(3566)
    C#CCCC[CH]C(3567)
    [CH2]C([CH]C)C([O])C=C(3568)
    [CH2][CH]C(C)C([O])C=C(3569)
    [CH2]C([CH]C)C[CH]C=O(3570)
    [CH2][CH]C(C)C[CH]C=O(3571)
    [CH2]C([CH]C)C([CH2])C=O(3572)
    [CH2][CH]C(C)C([CH2])C=O(3573)
    [CH2]C([CH]C)O[CH]C=C(3574)
    [CH2][CH]C(C)O[CH]C=C(3575)
    C=C[CH]OCC=CC(3576)
    [CH2]C(C=O)CC=CC(3577)
    CC=CCC[CH]C=O(3578)
    C=CC([O])CC=CC(3579)
    [CH2]CC(C)OC=C=C(3580)
    [CH2]C(CC)OC=C=C(3581)
    [CH2]CC(C)CC=C=O(3582)
    [CH2]C(CC)CC=C=O(3583)
    [CH2]C(C=C)OCC=C(3584)
    [CH2]C(C=C)C(C)C=O(3585)
    [CH2]C(C=C)CCC=O(3586)
    [CH2]C(C=C)C(O)C=C(3587)
    C=CC([O])C[CH][CH]C(3588)
    C[CH][CH]CC[CH]C=O(3589)
    [CH2]C(C=O)C[CH][CH]C(3590)
    C=C[CH]OC[CH][CH]C(3591)
    C=CC1CC([CH]C)O1(3592)
    C=CC1OCC1[CH]C(3593)
    C=C[CH]OC(C)C=C(3594)
    [CH2]C(C=O)C(C)C=C(3595)
    C=CC(C)C[CH]C=O(3596)
    C=CC(C)C([O])C=C(3597)
    C=C=COC(C)[CH]C(3598)
    C=C=COCC[CH]C(3599)
    C[CH]C(C)CC=C=O(3600)
    C[CH]CCCC=C=O(3601)
    [CH2]C([CH]C)C([O])=CC(3602)
    [CH2][CH]C(C)C([O])=CC(3603)
    [CH2]C([CH]C)O[C]=CC(3604)
    [CH2][CH]C(C)O[C]=CC(3605)
    [CH2]C([CH]C)C(C)[C]=O(3606)
    [CH2][CH]C(C)C(C)[C]=O(3607)
    CC=[C]OCC=CC(3608)
    CC=CCC(C)[C]=O(3609)
    CC=CCC([O])=CC(3610)
    [CH2]CC(C)C(=O)C=C(3611)
    [CH2]C(CC)C(=O)C=C(3612)
    [CH2]CC(C)OC#CC(3613)
    [CH2]C(CC)OC#CC(3614)
    [CH2]C(C=C)OC=CC(3615)
    [CH2]C(C=C)C(O)=CC(3616)
    [CH2]C(C=C)C(=O)CC(3617)
    C[CH][CH]CC([O])=CC(3618)
    C[CH][CH]CO[C]=CC(3619)
    C[CH][CH]CC(C)[C]=O(3620)
    C[CH]C1CC(C)C1=O(3621)
    C[CH]C1CC(=O)C1C(3622)
    C=CC(C)O[C]=CC(3623)
    C=CC(C)C(C)[C]=O(3624)
    C=CC(C)C([O])=CC(3625)
    C=CC(=O)C(C)[CH]C(3626)
    C=CC(=O)CC[CH]C(3627)
    CC#COC(C)[CH]C(3628)
    CC#COCC[CH]C(3629)
    [CH2]C([CH]C)C([CH2])[CH]C(3630)
    [CH2][CH]C(C)C([CH2])[CH]C(3631)
    [CH2][CH]C(C)C(C)[CH][CH2](3632)
    [CH2][CH]C(C)CC=CC(3633)
    [CH2]C([CH]C)CC=CC(3634)
    CC=CCCC=CC(3635)
    [CH2]CC(C)C([CH2])C=C(3636)
    [CH2]C(C=C)C([CH2])CC(3637)
    [CH2]C([CH]C)C[CH][CH]C(3638)
    [CH2][CH]C(C)C[CH][CH]C(3639)
    [CH2][CH]C(C)C(C)C=C(3640)
    [CH2]C([CH]C)C(C)C=C(3641)
    C[CH][CH]CCC=CC(3642)
    C=CC(C)CC=CC(3643)
    [CH2]C(C=C)C(C)[CH]C(3644)
    [CH2]C(C=C)CC[CH]C(3645)
    C[CH][CH]CC[CH][CH]C(3646)
    C=CC(C)C(C)C=C(3647)
Added 9 new core reactions
    CH2(S)(24) + [CH2]C=C(643) <=> C=C[CH]C(1344)
    CH2(T)(17) + C=CCC(466) <=> CH3(18) + C=C[CH]C(1344)
    C2H(21) + C=CCC(466) <=> C2H2(22) + C=C[CH]C(1344)
    HCCO(20) + C=CCC(466) <=> CH2CO(28) + C=C[CH]C(1344)
    CH3CO(35) + C=CCC(466) <=> CH3CHO(37) + C=C[CH]C(1344)
    C=CCC(466) + CCCC[CH]CCCCCCC(43) <=> C=C[CH]C(1344) + C12H24(1)
    C=CCC(466) + CCCCC[CH]CCCCCC(45) <=> C=C[CH]C(1344) + C12H24(1)
    C=CCC(466) + C[CH]CCCCCCCCCC(52) <=> C=C[CH]C(1344) + C12H24(1)
    C=CCC(466) + [CH2]CCCCCCCCCCC(53) <=> C=C[CH]C(1344) + C12H24(1)
Created 855 new edge reactions
    CH2(T)(17) + [CH]=CC(374) <=> C=C[CH]C(1344)
    H(3) + [CH]C=CC(3295) <=> C=C[CH]C(1344)
    [CH2][CH]C[CH2](3296) <=> C=C[CH]C(1344)
    C=C[CH]C(1344) <=> CC1[CH]C1(3297)
    H(3) + C=C=CC(3298) <=> C=C[CH]C(1344)
    CH3(18) + [CH]C=C(2266) <=> C=C[CH]C(1344)
    H(3) + [CH2]C=C[CH2](3299) <=> C=C[CH]C(1344)
    H(3) + [CH2]C=[C]C(3300) <=> C=C[CH]C(1344)
    H(3) + [CH2][C]=CC(3301) <=> C=C[CH]C(1344)
    C[C]=CC(3302) <=> C=C[CH]C(1344)
    C[C]=CC(3302) <=> C=C[CH]C(1344)
    C2H3(29) + [CH]C(65) <=> C=C[CH]C(1344)
    H(3) + C=CC=C(3303) <=> C=C[CH]C(1344)
    [CH2]CC=C(538) <=> C=C[CH]C(1344)
    C=[C]CC(1345) <=> C=C[CH]C(1344)
    [CH]=CCC(1346) <=> C=C[CH]C(1344)
    H(3) + [CH2][CH]CC(468) <=> H2(6) + C=C[CH]C(1344)
    H(3) + [CH2]C[CH]C(467) <=> H2(6) + C=C[CH]C(1344)
    H(3) + CC=CC(3304) <=> H2(6) + C=C[CH]C(1344)
    H(3) + C[CH][CH]C(3305) <=> H2(6) + C=C[CH]C(1344)
    OH(5) + [CH2][CH]CC(468) <=> H2O(7) + C=C[CH]C(1344)
    OH(5) + [CH2]C[CH]C(467) <=> H2O(7) + C=C[CH]C(1344)
    OH(5) + CC=CC(3304) <=> H2O(7) + C=C[CH]C(1344)
    OH(5) + C[CH][CH]C(3305) <=> H2O(7) + C=C[CH]C(1344)
    HO2(10) + C=C[CH]C(1344) <=> H2O2(11) + C=C=CC(3298)
    O2(2) + [CH2][CH]CC(468) <=> HO2(10) + C=C[CH]C(1344)
    O2(2) + [CH2]C[CH]C(467) <=> HO2(10) + C=C[CH]C(1344)
    [CH2]CC(C)O[O](3306) <=> HO2(10) + C=C[CH]C(1344)
    [CH2]C(CC)O[O](1436) <=> HO2(10) + C=C[CH]C(1344)
    HO2(10) + C=C[CH]C(1344) <=> O2(2) + CC=CC(3304)
    H2O2(11) + [CH]C=CC(3295) <=> HO2(10) + C=C[CH]C(1344)
    H2O2(11) + [CH2]C=[C]C(3300) <=> HO2(10) + C=C[CH]C(1344)
    HO2(10) + C=C[CH]C(1344) <=> [CH2][CH]C(C)OO(3307)
    HO2(10) + C=C[CH]C(1344) <=> [CH2]C([CH]C)OO(3308)
    HO2(10) + C=C[CH]C(1344) <=> CC=CCOO(3309)
    HO2(10) + C=C[CH]C(1344) <=> H2O2(11) + C=CC=C(3303)
    O2(2) + C[CH][CH]C(3305) <=> HO2(10) + C=C[CH]C(1344)
    C[CH]C(C)O[O](3310) <=> HO2(10) + C=C[CH]C(1344)
    C[CH]CCO[O](3311) <=> HO2(10) + C=C[CH]C(1344)
    HO2(10) + C=C[CH]C(1344) <=> C[CH][CH]COO(3312)
    HO2(10) + C=C[CH]C(1344) <=> C=CC(C)OO(3313)
    HO2(10) + [CH2][CH]CC(468) <=> H2O2(11) + C=C[CH]C(1344)
    HO2(10) + [CH2]C[CH]C(467) <=> H2O2(11) + C=C[CH]C(1344)
    HO2(10) + CC=CC(3304) <=> H2O2(11) + C=C[CH]C(1344)
    HO2(10) + C[CH][CH]C(3305) <=> H2O2(11) + C=C[CH]C(1344)
    CO(12) + C=C[CH]C(1344) <=> [CH2]C=CCC=O(3314)
    CO(12) + C=C[CH]C(1344) <=> [CH2]C=C(C)C=O(3315)
    CO(12) + C=C[CH]C(1344) <=> [CH2]C(C=O)=CC(3316)
    CO(12) + C=C[CH]C(1344) <=> [CH2]C=CC(C)=O(3317)
    HCO(14) + [CH]C=CC(3295) <=> CO(12) + C=C[CH]C(1344)
    HCO(14) + [CH2]C=C[CH2](3299) <=> CO(12) + C=C[CH]C(1344)
    HCO(14) + [CH2]C=[C]C(3300) <=> CO(12) + C=C[CH]C(1344)
    HCO(14) + [CH2][C]=CC(3301) <=> CO(12) + C=C[CH]C(1344)
    CO(12) + C=C[CH]C(1344) <=> CC=CC[C]=O(3318)
    CO(12) + C=C[CH]C(1344) <=> C[CH]C=CC=O(3319)
    CO(12) + C=C[CH]C(1344) <=> C=CC(C)[C]=O(3320)
    CO2(13) + C=C[CH]C(1344) <=> [CH2]C=CCOC=O(3321)
    CO2(13) + C=C[CH]C(1344) <=> [CH2]C=C(C)OC=O(3322)
    CO2(13) + C=C[CH]C(1344) <=> [CH2]C(=CC)OC=O(3323)
    CO2(13) + C=C[CH]C(1344) <=> [CH2]C=CC(=O)OC(3324)
    CO2(13) + C=C[CH]C(1344) <=> [CH2]C=CCC(=O)O(3325)
    CO2(13) + C=C[CH]C(1344) <=> [CH2]C=C(C)C(=O)O(3326)
    CO2(13) + C=C[CH]C(1344) <=> [CH2]C(=CC)C(=O)O(3327)
    CO2(13) + C=C[CH]C(1344) <=> [CH2]C=COC(C)=O(3328)
    [CH2]C([CH]C)C([O])=O(3329) <=> CO2(13) + C=C[CH]C(1344)
    [CH2][CH]C(C)C([O])=O(3330) <=> CO2(13) + C=C[CH]C(1344)
    [CH2]C([CH]C)O[C]=O(3331) <=> CO2(13) + C=C[CH]C(1344)
    [CH2][CH]C(C)O[C]=O(3332) <=> CO2(13) + C=C[CH]C(1344)
    HOCO(102) + [CH]C=CC(3295) <=> CO2(13) + C=C[CH]C(1344)
    HOCO(102) + [CH2]C=C[CH2](3299) <=> CO2(13) + C=C[CH]C(1344)
    HOCO(102) + [CH2]C=[C]C(3300) <=> CO2(13) + C=C[CH]C(1344)
    HOCO(102) + [CH2][C]=CC(3301) <=> CO2(13) + C=C[CH]C(1344)
    [O]C=O(103) + [CH]C=CC(3295) <=> CO2(13) + C=C[CH]C(1344)
    [O]C=O(103) + [CH2]C=C[CH2](3299) <=> CO2(13) + C=C[CH]C(1344)
    [O]C=O(103) + [CH2]C=[C]C(3300) <=> CO2(13) + C=C[CH]C(1344)
    [O]C=O(103) + [CH2][C]=CC(3301) <=> CO2(13) + C=C[CH]C(1344)
    CO2(13) + C=C[CH]C(1344) <=> CC=CCO[C]=O(3333)
    CO2(13) + C=C[CH]C(1344) <=> CC=CCC([O])=O(3334)
    [CH2]C(C=C)OC=O(3335) <=> CO2(13) + C=C[CH]C(1344)
    [CH2]C(C=C)C(=O)O(3336) <=> CO2(13) + C=C[CH]C(1344)
    CO2(13) + C=C[CH]C(1344) <=> C[CH]C=COC=O(3337)
    CO2(13) + C=C[CH]C(1344) <=> C[CH]C=CC(=O)O(3338)
    C[CH][CH]CC([O])=O(3339) <=> CO2(13) + C=C[CH]C(1344)
    C[CH][CH]CO[C]=O(3340) <=> CO2(13) + C=C[CH]C(1344)
    CO2(13) + C=C[CH]C(1344) <=> C=CC(C)O[C]=O(3341)
    CO2(13) + C=C[CH]C(1344) <=> C=CC(C)C([O])=O(3342)
    CH3(18) + C=C[CH]C(1344) <=> CH4(31) + C=C=CC(3298)
    CH2(T)(17) + [CH2][CH]CC(468) <=> CH3(18) + C=C[CH]C(1344)
    CH2(T)(17) + [CH2]C[CH]C(467) <=> CH3(18) + C=C[CH]C(1344)
    CH2(T)(17) + CC=CC(3304) <=> CH3(18) + C=C[CH]C(1344)
    CH3(18) + C=C[CH]C(1344) <=> CH4(31) + [CH]C=CC(3295)
    CH4(31) + [CH2]C=[C]C(3300) <=> CH3(18) + C=C[CH]C(1344)
    CH3(18) + C=C[CH]C(1344) <=> [CH2][CH]C(C)C(3343)
    CH3(18) + C=C[CH]C(1344) <=> [CH2]C(C)[CH]C(3344)
    CH3(18) + C=C[CH]C(1344) <=> CC=CCC(3345)
    CH3(18) + C=C[CH]C(1344) <=> CH4(31) + C=CC=C(3303)
    CH2(T)(17) + C[CH][CH]C(3305) <=> CH3(18) + C=C[CH]C(1344)
    CH3(18) + C=C[CH]C(1344) <=> C[CH][CH]CC(3346)
    CH3(18) + C=C[CH]C(1344) <=> C=CC(C)C(3347)
    [CH2]C([CH]C)C[O](3348) <=> CH2O(19) + C=C[CH]C(1344)
    [CH2][CH]C(C)C[O](3349) <=> CH2O(19) + C=C[CH]C(1344)
    [CH2]OC([CH2])[CH]C(3350) <=> CH2O(19) + C=C[CH]C(1344)
    [CH2][CH]C(C)O[CH2](3351) <=> CH2O(19) + C=C[CH]C(1344)
    HCO(14) + [CH2][CH]CC(468) <=> CH2O(19) + C=C[CH]C(1344)
    HCO(14) + [CH2]C[CH]C(467) <=> CH2O(19) + C=C[CH]C(1344)
    CH2OH(34) + [CH]C=CC(3295) <=> CH2O(19) + C=C[CH]C(1344)
    CH2OH(34) + [CH2]C=C[CH2](3299) <=> CH2O(19) + C=C[CH]C(1344)
    CH2OH(34) + [CH2]C=[C]C(3300) <=> CH2O(19) + C=C[CH]C(1344)
    CH2OH(34) + [CH2][C]=CC(3301) <=> CH2O(19) + C=C[CH]C(1344)
    CH3O(27) + [CH]C=CC(3295) <=> CH2O(19) + C=C[CH]C(1344)
    CH3O(27) + [CH2]C=C[CH2](3299) <=> CH2O(19) + C=C[CH]C(1344)
    CH3O(27) + [CH2]C=[C]C(3300) <=> CH2O(19) + C=C[CH]C(1344)
    CH3O(27) + [CH2][C]=CC(3301) <=> CH2O(19) + C=C[CH]C(1344)
    HCO(14) + CC=CC(3304) <=> CH2O(19) + C=C[CH]C(1344)
    CH2O(19) + C=C[CH]C(1344) <=> [CH2]OCC=CC(3352)
    CH2O(19) + C=C[CH]C(1344) <=> CC=CCC[O](3353)
    [CH2]C(C=C)OC(3354) <=> CH2O(19) + C=C[CH]C(1344)
    [CH2]C(C=C)CO(3355) <=> CH2O(19) + C=C[CH]C(1344)
    C[CH][CH]CC[O](3356) <=> CH2O(19) + C=C[CH]C(1344)
    [CH2]OC[CH][CH]C(3357) <=> CH2O(19) + C=C[CH]C(1344)
    CH2O(19) + C=C[CH]C(1344) <=> C[CH]C1CCO1(3358)
    CH2O(19) + C=C[CH]C(1344) <=> C[CH]C1COC1(3359)
    HCO(14) + C[CH][CH]C(3305) <=> CH2O(19) + C=C[CH]C(1344)
    CH2O(19) + C=C[CH]C(1344) <=> [CH2]OC(C)C=C(3360)
    CH2O(19) + C=C[CH]C(1344) <=> C=CC(C)C[O](3361)
    [CH]=CC([CH2])[CH]C(3362) <=> C2H2(22) + C=C[CH]C(1344)
    [CH]=CC(C)[CH][CH2](3363) <=> C2H2(22) + C=C[CH]C(1344)
    C2H(21) + [CH2][CH]CC(468) <=> C2H2(22) + C=C[CH]C(1344)
    C2H(21) + [CH2]C[CH]C(467) <=> C2H2(22) + C=C[CH]C(1344)
    C2H3(29) + [CH]C=CC(3295) <=> C2H2(22) + C=C[CH]C(1344)
    C2H3(29) + [CH2]C=C[CH2](3299) <=> C2H2(22) + C=C[CH]C(1344)
    C2H3(29) + [CH2]C=[C]C(3300) <=> C2H2(22) + C=C[CH]C(1344)
    C2H3(29) + [CH2][C]=CC(3301) <=> C2H2(22) + C=C[CH]C(1344)
    C2H(21) + CC=CC(3304) <=> C2H2(22) + C=C[CH]C(1344)
    C2H2(22) + C=C[CH]C(1344) <=> [CH]=CCC=CC(3364)
    [CH2]C(C=C)C=C(3365) <=> C2H2(22) + C=C[CH]C(1344)
    [CH]=CC[CH][CH]C(3366) <=> C2H2(22) + C=C[CH]C(1344)
    C2H(21) + C[CH][CH]C(3305) <=> C2H2(22) + C=C[CH]C(1344)
    C2H2(22) + C=C[CH]C(1344) <=> [CH]=CC(C)C=C(3367)
    [CH2]C([CH]C)C(=C)[O](3368) <=> CH2CO(28) + C=C[CH]C(1344)
    [CH2][CH]C(C)C(=C)[O](3369) <=> CH2CO(28) + C=C[CH]C(1344)
    [CH2]C([CH]C)O[C]=C(3370) <=> CH2CO(28) + C=C[CH]C(1344)
    [CH2][CH]C(C)O[C]=C(3371) <=> CH2CO(28) + C=C[CH]C(1344)
    [CH2]C([CH]C)C[C]=O(3372) <=> CH2CO(28) + C=C[CH]C(1344)
    [CH2][CH]C(C)C[C]=O(3373) <=> CH2CO(28) + C=C[CH]C(1344)
    HCCO(20) + [CH2][CH]CC(468) <=> CH2CO(28) + C=C[CH]C(1344)
    HCCO(20) + [CH2]C[CH]C(467) <=> CH2CO(28) + C=C[CH]C(1344)
    C=[C]O(69) + [CH]C=CC(3295) <=> CH2CO(28) + C=C[CH]C(1344)
    C=[C]O(69) + [CH2]C=C[CH2](3299) <=> CH2CO(28) + C=C[CH]C(1344)
    C=[C]O(69) + [CH2]C=[C]C(3300) <=> CH2CO(28) + C=C[CH]C(1344)
    C=[C]O(69) + [CH2][C]=CC(3301) <=> CH2CO(28) + C=C[CH]C(1344)
    CH3CO(35) + [CH]C=CC(3295) <=> CH2CO(28) + C=C[CH]C(1344)
    CH3CO(35) + [CH2]C=C[CH2](3299) <=> CH2CO(28) + C=C[CH]C(1344)
    CH3CO(35) + [CH2]C=[C]C(3300) <=> CH2CO(28) + C=C[CH]C(1344)
    CH3CO(35) + [CH2][C]=CC(3301) <=> CH2CO(28) + C=C[CH]C(1344)
    CH2CHO(36) + [CH]C=CC(3295) <=> CH2CO(28) + C=C[CH]C(1344)
    CH2CHO(36) + [CH2]C=C[CH2](3299) <=> CH2CO(28) + C=C[CH]C(1344)
    CH2CHO(36) + [CH2]C=[C]C(3300) <=> CH2CO(28) + C=C[CH]C(1344)
    CH2CHO(36) + [CH2][C]=CC(3301) <=> CH2CO(28) + C=C[CH]C(1344)
    CH2CO(28) + C=C[CH]C(1344) <=> HCCO(20) + CC=CC(3304)
    CH2CO(28) + C=C[CH]C(1344) <=> C=[C]OCC=CC(3374)
    CH2CO(28) + C=C[CH]C(1344) <=> CC=CCC[C]=O(3375)
    CH2CO(28) + C=C[CH]C(1344) <=> C=C([O])CC=CC(3376)
    C#COC(C)C[CH2](3377) <=> CH2CO(28) + C=C[CH]C(1344)
    C#COC([CH2])CC(3378) <=> CH2CO(28) + C=C[CH]C(1344)
    [CH2]C(C=C)OC=C(3379) <=> CH2CO(28) + C=C[CH]C(1344)
    [CH2]C(C=C)CC=O(3380) <=> CH2CO(28) + C=C[CH]C(1344)
    [CH2]C(C=C)C(=C)O(3381) <=> CH2CO(28) + C=C[CH]C(1344)
    [CH2]C(C=C)C(C)=O(3382) <=> CH2CO(28) + C=C[CH]C(1344)
    C=C([O])C[CH][CH]C(3383) <=> CH2CO(28) + C=C[CH]C(1344)
    C=[C]OC[CH][CH]C(3384) <=> CH2CO(28) + C=C[CH]C(1344)
    C[CH][CH]CC[C]=O(3385) <=> CH2CO(28) + C=C[CH]C(1344)
    CH2CO(28) + C=C[CH]C(1344) <=> C[CH]C1CCC1=O(3386)
    CH2CO(28) + C=C[CH]C(1344) <=> C[CH]C1CC(=O)C1(3387)
    HCCO(20) + C[CH][CH]C(3305) <=> CH2CO(28) + C=C[CH]C(1344)
    CH2CO(28) + C=C[CH]C(1344) <=> C=[C]OC(C)C=C(3388)
    CH2CO(28) + C=C[CH]C(1344) <=> C=CC(C)C[C]=O(3389)
    CH2CO(28) + C=C[CH]C(1344) <=> C=CC(C)C(=C)[O](3390)
    C#COC(C)[CH]C(3391) <=> CH2CO(28) + C=C[CH]C(1344)
    C#COCC[CH]C(3392) <=> CH2CO(28) + C=C[CH]C(1344)
    [CH2]CC([CH2])[CH]C(3393) <=> C2H4(30) + C=C[CH]C(1344)
    [CH2][CH]C(C)C[CH2](3394) <=> C2H4(30) + C=C[CH]C(1344)
    C2H3(29) + [CH2][CH]CC(468) <=> C2H4(30) + C=C[CH]C(1344)
    C2H3(29) + [CH2]C[CH]C(467) <=> C2H4(30) + C=C[CH]C(1344)
    C2H5(33) + [CH]C=CC(3295) <=> C2H4(30) + C=C[CH]C(1344)
    C2H5(33) + [CH2]C=C[CH2](3299) <=> C2H4(30) + C=C[CH]C(1344)
    C2H5(33) + [CH2]C=[C]C(3300) <=> C2H4(30) + C=C[CH]C(1344)
    C2H5(33) + [CH2][C]=CC(3301) <=> C2H4(30) + C=C[CH]C(1344)
    C2H4(30) + C=C[CH]C(1344) <=> C2H3(29) + CC=CC(3304)
    C2H4(30) + C=C[CH]C(1344) <=> [CH2]CCC=CC(3395)
    [CH2]C(C=C)CC(1407) <=> C2H4(30) + C=C[CH]C(1344)
    [CH2]CC[CH][CH]C(3396) <=> C2H4(30) + C=C[CH]C(1344)
    C2H3(29) + C[CH][CH]C(3305) <=> C2H4(30) + C=C[CH]C(1344)
    C2H4(30) + C=C[CH]C(1344) <=> [CH2]CC(C)C=C(3397)
    CH3(18) + [CH2][CH]CC(468) <=> CH4(31) + C=C[CH]C(1344)
    CH3(18) + [CH2]C[CH]C(467) <=> CH4(31) + C=C[CH]C(1344)
    CH3(18) + CC=CC(3304) <=> CH4(31) + C=C[CH]C(1344)
    CH3(18) + C[CH][CH]C(3305) <=> CH4(31) + C=C[CH]C(1344)
    C2H5(33) + [CH2][CH]CC(468) <=> C2H6(32) + C=C[CH]C(1344)
    C2H5(33) + [CH2]C[CH]C(467) <=> C2H6(32) + C=C[CH]C(1344)
    C2H6(32) + C=C[CH]C(1344) <=> C2H5(33) + CC=CC(3304)
    C2H5(33) + C[CH][CH]C(3305) <=> C2H6(32) + C=C[CH]C(1344)
    [CH2]C([CH]C)C(C)[O](3398) <=> CH3CHO(37) + C=C[CH]C(1344)
    [CH2][CH]C(C)C(C)[O](3399) <=> CH3CHO(37) + C=C[CH]C(1344)
    [CH2]C([CH]C)O[CH]C(3400) <=> CH3CHO(37) + C=C[CH]C(1344)
    [CH2][CH]C(C)O[CH]C(3401) <=> CH3CHO(37) + C=C[CH]C(1344)
    CH2CHO(36) + [CH2][CH]CC(468) <=> CH3CHO(37) + C=C[CH]C(1344)
    CH2CHO(36) + [CH2]C[CH]C(467) <=> CH3CHO(37) + C=C[CH]C(1344)
    CH3CO(35) + [CH2][CH]CC(468) <=> CH3CHO(37) + C=C[CH]C(1344)
    CH3CO(35) + [CH2]C[CH]C(467) <=> CH3CHO(37) + C=C[CH]C(1344)
    CH3CHOH(133) + [CH]C=CC(3295) <=> CH3CHO(37) + C=C[CH]C(1344)
    CH3CHOH(133) + [CH2]C=C[CH2](3299) <=> CH3CHO(37) + C=C[CH]C(1344)
    CH3CHOH(133) + [CH2]C=[C]C(3300) <=> CH3CHO(37) + C=C[CH]C(1344)
    CH3CHOH(133) + [CH2][C]=CC(3301) <=> CH3CHO(37) + C=C[CH]C(1344)
    CH3CH2O(134) + [CH]C=CC(3295) <=> CH3CHO(37) + C=C[CH]C(1344)
    CH3CH2O(134) + [CH2]C=C[CH2](3299) <=> CH3CHO(37) + C=C[CH]C(1344)
    CH3CH2O(134) + [CH2]C=[C]C(3300) <=> CH3CHO(37) + C=C[CH]C(1344)
    CH3CH2O(134) + [CH2][C]=CC(3301) <=> CH3CHO(37) + C=C[CH]C(1344)
    CH2CHO(36) + CC=CC(3304) <=> CH3CHO(37) + C=C[CH]C(1344)
    CH3CHO(37) + C=C[CH]C(1344) <=> CH3CO(35) + CC=CC(3304)
    CH3CHO(37) + C=C[CH]C(1344) <=> C[CH]OCC=CC(3402)
    CH3CHO(37) + C=C[CH]C(1344) <=> CC=CCC(C)[O](1425)
    [CH2]CC(C)OC=C(3403) <=> CH3CHO(37) + C=C[CH]C(1344)
    [CH2]C(CC)OC=C(1422) <=> CH3CHO(37) + C=C[CH]C(1344)
    [CH2]C(C=C)OCC(3404) <=> CH3CHO(37) + C=C[CH]C(1344)
    [CH2]C(C=C)C(C)O(3405) <=> CH3CHO(37) + C=C[CH]C(1344)
    C[CH][CH]CC(C)[O](3406) <=> CH3CHO(37) + C=C[CH]C(1344)
    C[CH][CH]CO[CH]C(3407) <=> CH3CHO(37) + C=C[CH]C(1344)
    CH3CHO(37) + C=C[CH]C(1344) <=> C[CH]C1CC(C)O1(3408)
    CH3CHO(37) + C=C[CH]C(1344) <=> C[CH]C1COC1C(3409)
    CH2CHO(36) + C[CH][CH]C(3305) <=> CH3CHO(37) + C=C[CH]C(1344)
    CH3CO(35) + C[CH][CH]C(3305) <=> CH3CHO(37) + C=C[CH]C(1344)
    CH3CHO(37) + C=C[CH]C(1344) <=> C=CC(C)O[CH]C(3410)
    CH3CHO(37) + C=C[CH]C(1344) <=> C=CC(C)C(C)[O](3411)
    C=COC(C)[CH]C(3412) <=> CH3CHO(37) + C=C[CH]C(1344)
    C=COCC[CH]C(3413) <=> CH3CHO(37) + C=C[CH]C(1344)
    [CH2][CH]CC(468) + CCCC[CH]CCCCCCC(43) <=> C=C[CH]C(1344) + C12H24(1)
    [CH2]C[CH]C(467) + CCCC[CH]CCCCCCC(43) <=> C=C[CH]C(1344) + C12H24(1)
    [CH2][CH]CC(468) + CCCCC[CH]CCCCCC(45) <=> C=C[CH]C(1344) + C12H24(1)
    [CH2]C[CH]C(467) + CCCCC[CH]CCCCCC(45) <=> C=C[CH]C(1344) + C12H24(1)
    [CH2][CH]CC(468) + CCC[CH]CCCCCCCC(48) <=> C=C[CH]C(1344) + C12H24(1)
    [CH2]C[CH]C(467) + CCC[CH]CCCCCCCC(48) <=> C=C[CH]C(1344) + C12H24(1)
    [CH2][CH]CC(468) + CC[CH]CCCCCCCCC(50) <=> C=C[CH]C(1344) + C12H24(1)
    [CH2]C[CH]C(467) + CC[CH]CCCCCCCCC(50) <=> C=C[CH]C(1344) + C12H24(1)
    [CH2][CH]CC(468) + C[CH]CCCCCCCCCC(52) <=> C=C[CH]C(1344) + C12H24(1)
    [CH2]C[CH]C(467) + C[CH]CCCCCCCCCC(52) <=> C=C[CH]C(1344) + C12H24(1)
    [CH2][CH]CC(468) + [CH2]CCCCCCCCCCC(53) <=> C=C[CH]C(1344) + C12H24(1)
    [CH2]C[CH]C(467) + [CH2]CCCCCCCCCCC(53) <=> C=C[CH]C(1344) + C12H24(1)
    CC=CC(3304) + CCCC[CH]CCCCCCC(43) <=> C=C[CH]C(1344) + C12H24(1)
    CC=CC(3304) + CCCCC[CH]CCCCCC(45) <=> C=C[CH]C(1344) + C12H24(1)
    CC=CC(3304) + CCC[CH]CCCCCCCC(48) <=> C=C[CH]C(1344) + C12H24(1)
    CC=CC(3304) + CC[CH]CCCCCCCCC(50) <=> C=C[CH]C(1344) + C12H24(1)
    CC=CC(3304) + C[CH]CCCCCCCCCC(52) <=> C=C[CH]C(1344) + C12H24(1)
    CC=CC(3304) + [CH2]CCCCCCCCCCC(53) <=> C=C[CH]C(1344) + C12H24(1)
    C[CH][CH]C(3305) + CCCC[CH]CCCCCCC(43) <=> C=C[CH]C(1344) + C12H24(1)
    C[CH][CH]C(3305) + CCCCC[CH]CCCCCC(45) <=> C=C[CH]C(1344) + C12H24(1)
    C[CH][CH]C(3305) + CCC[CH]CCCCCCCC(48) <=> C=C[CH]C(1344) + C12H24(1)
    C[CH][CH]C(3305) + CC[CH]CCCCCCCCC(50) <=> C=C[CH]C(1344) + C12H24(1)
    C[CH][CH]C(3305) + C[CH]CCCCCCCCCC(52) <=> C=C[CH]C(1344) + C12H24(1)
    C[CH][CH]C(3305) + [CH2]CCCCCCCCCCC(53) <=> C=C[CH]C(1344) + C12H24(1)
    C=CCC(466) + CCC[CH]CCCCCCCC(48) <=> C=C[CH]C(1344) + C12H24(1)
    C=CCC(466) + CC[CH]CCCCCCCCC(50) <=> C=C[CH]C(1344) + C12H24(1)
    O2(2) + C=C[CH]C(1344) <=> HO2(10) + C=C=CC(3298)
    HO2(10) + [CH]C=CC(3295) <=> O2(2) + C=C[CH]C(1344)
    HO2(10) + [CH2]C=[C]C(3300) <=> O2(2) + C=C[CH]C(1344)
    O2(2) + C=C[CH]C(1344) <=> [CH2][CH]C(C)O[O](3414)
    O2(2) + C=C[CH]C(1344) <=> [CH2]C([CH]C)O[O](3415)
    O2(2) + C=C[CH]C(1344) <=> CC=CCO[O](3416)
    O2(2) + C=C[CH]C(1344) <=> HO2(10) + C=CC=C(3303)
    O2(2) + C=C[CH]C(1344) <=> C[CH][CH]CO[O](3417)
    O2(2) + C=C[CH]C(1344) <=> C=CC(C)O[O](3418)
    [CH2]C([CH]C)C[CH]C(3419) <=> C=CC(158) + C=C[CH]C(1344)
    [CH2][CH]C(C)C[CH]C(3420) <=> C=CC(158) + C=C[CH]C(1344)
    [CH2]C(C)C([CH2])[CH]C(3421) <=> C=CC(158) + C=C[CH]C(1344)
    [CH2][CH]C(C)C([CH2])C(3422) <=> C=CC(158) + C=C[CH]C(1344)
    [CH2]C=C(643) + [CH2][CH]CC(468) <=> C=CC(158) + C=C[CH]C(1344)
    [CH2]C=C(643) + [CH2]C[CH]C(467) <=> C=CC(158) + C=C[CH]C(1344)
    C=[C]C(644) + [CH2][CH]CC(468) <=> C=CC(158) + C=C[CH]C(1344)
    C=[C]C(644) + [CH2]C[CH]C(467) <=> C=CC(158) + C=C[CH]C(1344)
    [CH]=CC(374) + [CH2][CH]CC(468) <=> C=CC(158) + C=C[CH]C(1344)
    [CH]=CC(374) + [CH2]C[CH]C(467) <=> C=CC(158) + C=C[CH]C(1344)
    [CH2]CC(47) + [CH]C=CC(3295) <=> C=CC(158) + C=C[CH]C(1344)
    [CH2]CC(47) + [CH2]C=C[CH2](3299) <=> C=CC(158) + C=C[CH]C(1344)
    [CH2]CC(47) + [CH2]C=[C]C(3300) <=> C=CC(158) + C=C[CH]C(1344)
    [CH2]CC(47) + [CH2][C]=CC(3301) <=> C=CC(158) + C=C[CH]C(1344)
    C[CH]C(160) + [CH]C=CC(3295) <=> C=CC(158) + C=C[CH]C(1344)
    C[CH]C(160) + [CH2]C=C[CH2](3299) <=> C=CC(158) + C=C[CH]C(1344)
    C[CH]C(160) + [CH2]C=[C]C(3300) <=> C=CC(158) + C=C[CH]C(1344)
    C[CH]C(160) + [CH2][C]=CC(3301) <=> C=CC(158) + C=C[CH]C(1344)
    C=CC(158) + C=C[CH]C(1344) <=> [CH2]C=C(643) + CC=CC(3304)
    C=CC(158) + C=C[CH]C(1344) <=> C=[C]C(644) + CC=CC(3304)
    C=CC(158) + C=C[CH]C(1344) <=> [CH]=CC(374) + CC=CC(3304)
    C=CC(158) + C=C[CH]C(1344) <=> [CH2]C(C)CC=CC(1473)
    C=CC(158) + C=C[CH]C(1344) <=> C[CH]CCC=CC(3423)
    [CH2]CC(C)CC=C(3424) <=> C=CC(158) + C=C[CH]C(1344)
    [CH2]C(CC)CC=C(1472) <=> C=CC(158) + C=C[CH]C(1344)
    [CH2]C(C=C)C(C)C(3425) <=> C=CC(158) + C=C[CH]C(1344)
    [CH2]C(C=C)CCC(3426) <=> C=CC(158) + C=C[CH]C(1344)
    C[CH][CH]CC[CH]C(3427) <=> C=CC(158) + C=C[CH]C(1344)
    [CH2]C(C)C[CH][CH]C(3428) <=> C=CC(158) + C=C[CH]C(1344)
    [CH2]C=C(643) + C[CH][CH]C(3305) <=> C=CC(158) + C=C[CH]C(1344)
    C=[C]C(644) + C[CH][CH]C(3305) <=> C=CC(158) + C=C[CH]C(1344)
    [CH]=CC(374) + C[CH][CH]C(3305) <=> C=CC(158) + C=C[CH]C(1344)
    C=[C]C(644) + C=CCC(466) <=> C=CC(158) + C=C[CH]C(1344)
    C=CC(158) + C=C[CH]C(1344) <=> [CH]=CC(374) + C=CCC(466)
    C=CC(158) + C=C[CH]C(1344) <=> [CH2]C(C)C(C)C=C(3429)
    C=CC(158) + C=C[CH]C(1344) <=> C=CC(C)C[CH]C(3430)
    C=CCC(C)[CH]C(3431) <=> C=CC(158) + C=C[CH]C(1344)
    C=CCCC[CH]C(1118) <=> C=CC(158) + C=C[CH]C(1344)
    [CH2]C([CH]C)C[CH]CCCCCCC(3432) <=> C=C[CH]C(1344) + C=CCCCCCCC(138)
    [CH2][CH]C(C)C[CH]CCCCCCC(3433) <=> C=C[CH]C(1344) + C=CCCCCCCC(138)
    [CH2]C([CH]C)C([CH2])CCCCCCC(3434) <=> C=C[CH]C(1344) + C=CCCCCCCC(138)
    [CH2][CH]C(C)C([CH2])CCCCCCC(3435) <=> C=C[CH]C(1344) + C=CCCCCCCC(138)
    [CH2][CH]CC(468) + C=CC[CH]CCCCC(872) <=> C=C[CH]C(1344) + C=CCCCCCCC(138)
    [CH2]C[CH]C(467) + C=CC[CH]CCCCC(872) <=> C=C[CH]C(1344) + C=CCCCCCCC(138)
    [CH2][CH]CC(468) + C=CCC[CH]CCCC(867) <=> C=C[CH]C(1344) + C=CCCCCCCC(138)
    [CH2]C[CH]C(467) + C=CCC[CH]CCCC(867) <=> C=C[CH]C(1344) + C=CCCCCCCC(138)
    [CH2][CH]CC(468) + C=CCCC[CH]CCC(869) <=> C=C[CH]C(1344) + C=CCCCCCCC(138)
    [CH2]C[CH]C(467) + C=CCCC[CH]CCC(869) <=> C=C[CH]C(1344) + C=CCCCCCCC(138)
    [CH2][CH]CC(468) + C=CCCCC[CH]CC(871) <=> C=C[CH]C(1344) + C=CCCCCCCC(138)
    [CH2]C[CH]C(467) + C=CCCCC[CH]CC(871) <=> C=C[CH]C(1344) + C=CCCCCCCC(138)
    [CH2][CH]CC(468) + C=CCCCCC[CH]C(874) <=> C=C[CH]C(1344) + C=CCCCCCCC(138)
    [CH2]C[CH]C(467) + C=CCCCCC[CH]C(874) <=> C=C[CH]C(1344) + C=CCCCCCCC(138)
    [CH2][CH]CC(468) + C=C[CH]CCCCCC(875) <=> C=C[CH]C(1344) + C=CCCCCCCC(138)
    [CH2]C[CH]C(467) + C=C[CH]CCCCCC(875) <=> C=C[CH]C(1344) + C=CCCCCCCC(138)
    [CH2][CH]CC(468) + [CH2]CCCCCCC=C(876) <=> C=C[CH]C(1344) + C=CCCCCCCC(138)
    [CH2]C[CH]C(467) + [CH2]CCCCCCC=C(876) <=> C=C[CH]C(1344) + C=CCCCCCCC(138)
    [CH2][CH]CC(468) + C=[C]CCCCCCC(877) <=> C=C[CH]C(1344) + C=CCCCCCCC(138)
    [CH2]C[CH]C(467) + C=[C]CCCCCCC(877) <=> C=C[CH]C(1344) + C=CCCCCCCC(138)
    [CH2][CH]CC(468) + [CH]=CCCCCCCC(585) <=> C=C[CH]C(1344) + C=CCCCCCCC(138)
    [CH2]C[CH]C(467) + [CH]=CCCCCCCC(585) <=> C=C[CH]C(1344) + C=CCCCCCCC(138)
    [CH]C=CC(3295) + [CH2]CCCCCCCC(46) <=> C=C[CH]C(1344) + C=CCCCCCCC(138)
    [CH2]C=C[CH2](3299) + [CH2]CCCCCCCC(46) <=> C=C[CH]C(1344) + C=CCCCCCCC(138)
    [CH2]C=[C]C(3300) + [CH2]CCCCCCCC(46) <=> C=C[CH]C(1344) + C=CCCCCCCC(138)
    [CH2][C]=CC(3301) + [CH2]CCCCCCCC(46) <=> C=C[CH]C(1344) + C=CCCCCCCC(138)
    [CH]C=CC(3295) + C[CH]CCCCCCC(153) <=> C=C[CH]C(1344) + C=CCCCCCCC(138)
    [CH2]C=C[CH2](3299) + C[CH]CCCCCCC(153) <=> C=C[CH]C(1344) + C=CCCCCCCC(138)
    [CH2]C=[C]C(3300) + C[CH]CCCCCCC(153) <=> C=C[CH]C(1344) + C=CCCCCCCC(138)
    [CH2][C]=CC(3301) + C[CH]CCCCCCC(153) <=> C=C[CH]C(1344) + C=CCCCCCCC(138)
    CC=CC(3304) + C=CCC[CH]CCCC(867) <=> C=C[CH]C(1344) + C=CCCCCCCC(138)
    CC=CC(3304) + C=CCCC[CH]CCC(869) <=> C=C[CH]C(1344) + C=CCCCCCCC(138)
    CC=CC(3304) + C=CCCCC[CH]CC(871) <=> C=C[CH]C(1344) + C=CCCCCCCC(138)
    CC=CC(3304) + C=CC[CH]CCCCC(872) <=> C=C[CH]C(1344) + C=CCCCCCCC(138)
    CC=CC(3304) + C=CCCCCC[CH]C(874) <=> C=C[CH]C(1344) + C=CCCCCCCC(138)
    C=C[CH]C(1344) + C=CCCCCCCC(138) <=> CC=CC(3304) + C=C[CH]CCCCCC(875)
    CC=CC(3304) + [CH2]CCCCCCC=C(876) <=> C=C[CH]C(1344) + C=CCCCCCCC(138)
    C=C[CH]C(1344) + C=CCCCCCCC(138) <=> CC=CC(3304) + C=[C]CCCCCCC(877)
    C=C[CH]C(1344) + C=CCCCCCCC(138) <=> CC=CC(3304) + [CH]=CCCCCCCC(585)
    C=C[CH]C(1344) + C=CCCCCCCC(138) <=> [CH2]C(CC=CC)CCCCCCC(3436)
    C=C[CH]C(1344) + C=CCCCCCCC(138) <=> CC=CCC[CH]CCCCCCC(3437)
    [CH2]CC(C)CC=CCCCCCC(3438) <=> C=C[CH]C(1344) + C=CCCCCCCC(138)
    [CH2]C(CC)CC=CCCCCCC(3439) <=> C=C[CH]C(1344) + C=CCCCCCCC(138)
    [CH2]C(C=C)C(C)CCCCCCC(3440) <=> C=C[CH]C(1344) + C=CCCCCCCC(138)
    [CH2]C(C=C)CCCCCCCCC(3441) <=> C=C[CH]C(1344) + C=CCCCCCCC(138)
    C[CH][CH]CC[CH]CCCCCCC(3442) <=> C=C[CH]C(1344) + C=CCCCCCCC(138)
    [CH2]C(C[CH][CH]C)CCCCCCC(3443) <=> C=C[CH]C(1344) + C=CCCCCCCC(138)
    C[CH][CH]C(3305) + C=CC[CH]CCCCC(872) <=> C=C[CH]C(1344) + C=CCCCCCCC(138)
    C[CH][CH]C(3305) + C=CCC[CH]CCCC(867) <=> C=C[CH]C(1344) + C=CCCCCCCC(138)
    C[CH][CH]C(3305) + C=CCCC[CH]CCC(869) <=> C=C[CH]C(1344) + C=CCCCCCCC(138)
    C[CH][CH]C(3305) + C=CCCCC[CH]CC(871) <=> C=C[CH]C(1344) + C=CCCCCCCC(138)
    C[CH][CH]C(3305) + C=CCCCCC[CH]C(874) <=> C=C[CH]C(1344) + C=CCCCCCCC(138)
    C[CH][CH]C(3305) + C=C[CH]CCCCCC(875) <=> C=C[CH]C(1344) + C=CCCCCCCC(138)
    C[CH][CH]C(3305) + [CH2]CCCCCCC=C(876) <=> C=C[CH]C(1344) + C=CCCCCCCC(138)
    C[CH][CH]C(3305) + C=[C]CCCCCCC(877) <=> C=C[CH]C(1344) + C=CCCCCCCC(138)
    C[CH][CH]C(3305) + [CH]=CCCCCCCC(585) <=> C=C[CH]C(1344) + C=CCCCCCCC(138)
    C=CCC(466) + C=CCC[CH]CCCC(867) <=> C=C[CH]C(1344) + C=CCCCCCCC(138)
    C=CCC(466) + C=CCCC[CH]CCC(869) <=> C=C[CH]C(1344) + C=CCCCCCCC(138)
    C=CCC(466) + C=CCCCC[CH]CC(871) <=> C=C[CH]C(1344) + C=CCCCCCCC(138)
    C=CCC(466) + C=CC[CH]CCCCC(872) <=> C=C[CH]C(1344) + C=CCCCCCCC(138)
    C=CCC(466) + C=CCCCCC[CH]C(874) <=> C=C[CH]C(1344) + C=CCCCCCCC(138)
    C=CCC(466) + C=C[CH]CCCCCC(875) <=> C=C[CH]C(1344) + C=CCCCCCCC(138)
    C=CCC(466) + [CH2]CCCCCCC=C(876) <=> C=C[CH]C(1344) + C=CCCCCCCC(138)
    C=CCC(466) + C=[C]CCCCCCC(877) <=> C=C[CH]C(1344) + C=CCCCCCCC(138)
    C=C[CH]C(1344) + C=CCCCCCCC(138) <=> C=CCC(466) + [CH]=CCCCCCCC(585)
    C=C[CH]C(1344) + C=CCCCCCCC(138) <=> [CH2]C(CCCCCCC)C(C)C=C(3444)
    C=C[CH]C(1344) + C=CCCCCCCC(138) <=> C=CC(C)C[CH]CCCCCCC(3445)
    C[CH]C(C)CC=CCCCCCC(3446) <=> C=C[CH]C(1344) + C=CCCCCCCC(138)
    C[CH]CCCC=CCCCCCC(3447) <=> C=C[CH]C(1344) + C=CCCCCCCC(138)
    [CH2]C([CH]C)C[CH]CCCC(3448) <=> C=C[CH]C(1344) + C=CCCCC(514)
    [CH2][CH]C(C)C[CH]CCCC(3449) <=> C=C[CH]C(1344) + C=CCCCC(514)
    [CH2]C([CH]C)C([CH2])CCCC(3450) <=> C=C[CH]C(1344) + C=CCCCC(514)
    [CH2][CH]C(C)C([CH2])CCCC(3451) <=> C=C[CH]C(1344) + C=CCCCC(514)
    [CH2][CH]CC(468) + C=CC[CH]CC(996) <=> C=C[CH]C(1344) + C=CCCCC(514)
    [CH2]C[CH]C(467) + C=CC[CH]CC(996) <=> C=C[CH]C(1344) + C=CCCCC(514)
    [CH2][CH]CC(468) + C=CCC[CH]C(997) <=> C=C[CH]C(1344) + C=CCCCC(514)
    [CH2]C[CH]C(467) + C=CCC[CH]C(997) <=> C=C[CH]C(1344) + C=CCCCC(514)
    [CH2][CH]CC(468) + C=C[CH]CCC(998) <=> C=C[CH]C(1344) + C=CCCCC(514)
    [CH2]C[CH]C(467) + C=C[CH]CCC(998) <=> C=C[CH]C(1344) + C=CCCCC(514)
    [CH2][CH]CC(468) + [CH2]CCCC=C(868) <=> C=C[CH]C(1344) + C=CCCCC(514)
    [CH2]C[CH]C(467) + [CH2]CCCC=C(868) <=> C=C[CH]C(1344) + C=CCCCC(514)
    [CH2][CH]CC(468) + C=[C]CCCC(999) <=> C=C[CH]C(1344) + C=CCCCC(514)
    [CH2]C[CH]C(467) + C=[C]CCCC(999) <=> C=C[CH]C(1344) + C=CCCCC(514)
    [CH2][CH]CC(468) + [CH]=CCCCC(500) <=> C=C[CH]C(1344) + C=CCCCC(514)
    [CH2]C[CH]C(467) + [CH]=CCCCC(500) <=> C=C[CH]C(1344) + C=CCCCC(514)
    [CH]C=CC(3295) + [CH2]CCCCC(44) <=> C=C[CH]C(1344) + C=CCCCC(514)
    [CH2]C=C[CH2](3299) + [CH2]CCCCC(44) <=> C=C[CH]C(1344) + C=CCCCC(514)
    [CH2]C=[C]C(3300) + [CH2]CCCCC(44) <=> C=C[CH]C(1344) + C=CCCCC(514)
    [CH2][C]=CC(3301) + [CH2]CCCCC(44) <=> C=C[CH]C(1344) + C=CCCCC(514)
    [CH]C=CC(3295) + C[CH]CCCC(519) <=> C=C[CH]C(1344) + C=CCCCC(514)
    [CH2]C=C[CH2](3299) + C[CH]CCCC(519) <=> C=C[CH]C(1344) + C=CCCCC(514)
    [CH2]C=[C]C(3300) + C[CH]CCCC(519) <=> C=C[CH]C(1344) + C=CCCCC(514)
    [CH2][C]=CC(3301) + C[CH]CCCC(519) <=> C=C[CH]C(1344) + C=CCCCC(514)
    CC=CC(3304) + C=CC[CH]CC(996) <=> C=C[CH]C(1344) + C=CCCCC(514)
    CC=CC(3304) + C=CCC[CH]C(997) <=> C=C[CH]C(1344) + C=CCCCC(514)
    C=C[CH]C(1344) + C=CCCCC(514) <=> CC=CC(3304) + C=C[CH]CCC(998)
    CC=CC(3304) + [CH2]CCCC=C(868) <=> C=C[CH]C(1344) + C=CCCCC(514)
    C=C[CH]C(1344) + C=CCCCC(514) <=> CC=CC(3304) + C=[C]CCCC(999)
    C=C[CH]C(1344) + C=CCCCC(514) <=> CC=CC(3304) + [CH]=CCCCC(500)
    C=C[CH]C(1344) + C=CCCCC(514) <=> [CH2]C(CC=CC)CCCC(3452)
    C=C[CH]C(1344) + C=CCCCC(514) <=> CC=CCC[CH]CCCC(3453)
    [CH2]CC(C)CC=CCCC(3454) <=> C=C[CH]C(1344) + C=CCCCC(514)
    [CH2]C(CC)CC=CCCC(3455) <=> C=C[CH]C(1344) + C=CCCCC(514)
    [CH2]C(C=C)C(C)CCCC(3456) <=> C=C[CH]C(1344) + C=CCCCC(514)
    [CH2]C(C=C)CCCCCC(3457) <=> C=C[CH]C(1344) + C=CCCCC(514)
    C[CH][CH]CC[CH]CCCC(3458) <=> C=C[CH]C(1344) + C=CCCCC(514)
    [CH2]C(C[CH][CH]C)CCCC(3459) <=> C=C[CH]C(1344) + C=CCCCC(514)
    C[CH][CH]C(3305) + C=CC[CH]CC(996) <=> C=C[CH]C(1344) + C=CCCCC(514)
    C[CH][CH]C(3305) + C=CCC[CH]C(997) <=> C=C[CH]C(1344) + C=CCCCC(514)
    C[CH][CH]C(3305) + C=C[CH]CCC(998) <=> C=C[CH]C(1344) + C=CCCCC(514)
    C[CH][CH]C(3305) + [CH2]CCCC=C(868) <=> C=C[CH]C(1344) + C=CCCCC(514)
    C[CH][CH]C(3305) + C=[C]CCCC(999) <=> C=C[CH]C(1344) + C=CCCCC(514)
    C[CH][CH]C(3305) + [CH]=CCCCC(500) <=> C=C[CH]C(1344) + C=CCCCC(514)
    C=CCC(466) + C=CC[CH]CC(996) <=> C=C[CH]C(1344) + C=CCCCC(514)
    C=CCC(466) + C=CCC[CH]C(997) <=> C=C[CH]C(1344) + C=CCCCC(514)
    C=CCC(466) + C=C[CH]CCC(998) <=> C=C[CH]C(1344) + C=CCCCC(514)
    C=CCC(466) + [CH2]CCCC=C(868) <=> C=C[CH]C(1344) + C=CCCCC(514)
    C=CCC(466) + C=[C]CCCC(999) <=> C=C[CH]C(1344) + C=CCCCC(514)
    C=C[CH]C(1344) + C=CCCCC(514) <=> C=CCC(466) + [CH]=CCCCC(500)
    C=C[CH]C(1344) + C=CCCCC(514) <=> [CH2]C(CCCC)C(C)C=C(3460)
    C=C[CH]C(1344) + C=CCCCC(514) <=> C=CC(C)C[CH]CCCC(3461)
    C[CH]C(C)CC=CCCC(3462) <=> C=C[CH]C(1344) + C=CCCCC(514)
    C[CH]CCCC=CCCC(3463) <=> C=C[CH]C(1344) + C=CCCCC(514)
    [CH2]C([CH]C)C[CH]CCCCC(3464) <=> C=C[CH]C(1344) + C=CCCCCC(546)
    [CH2][CH]C(C)C[CH]CCCCC(3465) <=> C=C[CH]C(1344) + C=CCCCCC(546)
    [CH2]C([CH]C)C([CH2])CCCCC(3466) <=> C=C[CH]C(1344) + C=CCCCCC(546)
    [CH2][CH]C(C)C([CH2])CCCCC(3467) <=> C=C[CH]C(1344) + C=CCCCCC(546)
    [CH2][CH]CC(468) + C=CC[CH]CCC(1117) <=> C=C[CH]C(1344) + C=CCCCCC(546)
    [CH2]C[CH]C(467) + C=CC[CH]CCC(1117) <=> C=C[CH]C(1344) + C=CCCCCC(546)
    [CH2][CH]CC(468) + C=CCC[CH]CC(1116) <=> C=C[CH]C(1344) + C=CCCCCC(546)
    [CH2]C[CH]C(467) + C=CCC[CH]CC(1116) <=> C=C[CH]C(1344) + C=CCCCCC(546)
    [CH2][CH]CC(468) + C=CCCC[CH]C(1118) <=> C=C[CH]C(1344) + C=CCCCCC(546)
    [CH2]C[CH]C(467) + C=CCCC[CH]C(1118) <=> C=C[CH]C(1344) + C=CCCCCC(546)
    [CH2][CH]CC(468) + C=C[CH]CCCC(1119) <=> C=C[CH]C(1344) + C=CCCCCC(546)
    [CH2]C[CH]C(467) + C=C[CH]CCCC(1119) <=> C=C[CH]C(1344) + C=CCCCCC(546)
    [CH2][CH]CC(468) + [CH2]CCCCC=C(870) <=> C=C[CH]C(1344) + C=CCCCCC(546)
    [CH2]C[CH]C(467) + [CH2]CCCCC=C(870) <=> C=C[CH]C(1344) + C=CCCCCC(546)
    [CH2][CH]CC(468) + C=[C]CCCCC(1120) <=> C=C[CH]C(1344) + C=CCCCCC(546)
    [CH2]C[CH]C(467) + C=[C]CCCCC(1120) <=> C=C[CH]C(1344) + C=CCCCCC(546)
    [CH2][CH]CC(468) + [CH]=CCCCCC(1121) <=> C=C[CH]C(1344) + C=CCCCCC(546)
    [CH2]C[CH]C(467) + [CH]=CCCCCC(1121) <=> C=C[CH]C(1344) + C=CCCCCC(546)
    [CH]C=CC(3295) + [CH2]CCCCCC(40) <=> C=C[CH]C(1344) + C=CCCCCC(546)
    [CH2]C=C[CH2](3299) + [CH2]CCCCCC(40) <=> C=C[CH]C(1344) + C=CCCCCC(546)
    [CH2]C=[C]C(3300) + [CH2]CCCCCC(40) <=> C=C[CH]C(1344) + C=CCCCCC(546)
    [CH2][C]=CC(3301) + [CH2]CCCCCC(40) <=> C=C[CH]C(1344) + C=CCCCCC(546)
    [CH]C=CC(3295) + C[CH]CCCCC(552) <=> C=C[CH]C(1344) + C=CCCCCC(546)
    [CH2]C=C[CH2](3299) + C[CH]CCCCC(552) <=> C=C[CH]C(1344) + C=CCCCCC(546)
    [CH2]C=[C]C(3300) + C[CH]CCCCC(552) <=> C=C[CH]C(1344) + C=CCCCCC(546)
    [CH2][C]=CC(3301) + C[CH]CCCCC(552) <=> C=C[CH]C(1344) + C=CCCCCC(546)
    CC=CC(3304) + C=CCC[CH]CC(1116) <=> C=C[CH]C(1344) + C=CCCCCC(546)
    CC=CC(3304) + C=CC[CH]CCC(1117) <=> C=C[CH]C(1344) + C=CCCCCC(546)
    CC=CC(3304) + C=CCCC[CH]C(1118) <=> C=C[CH]C(1344) + C=CCCCCC(546)
    C=C[CH]C(1344) + C=CCCCCC(546) <=> CC=CC(3304) + C=C[CH]CCCC(1119)
    CC=CC(3304) + [CH2]CCCCC=C(870) <=> C=C[CH]C(1344) + C=CCCCCC(546)
    C=C[CH]C(1344) + C=CCCCCC(546) <=> CC=CC(3304) + C=[C]CCCCC(1120)
    C=C[CH]C(1344) + C=CCCCCC(546) <=> CC=CC(3304) + [CH]=CCCCCC(1121)
    C=C[CH]C(1344) + C=CCCCCC(546) <=> [CH2]C(CC=CC)CCCCC(3468)
    C=C[CH]C(1344) + C=CCCCCC(546) <=> CC=CCC[CH]CCCCC(3469)
    [CH2]CC(C)CC=CCCCC(3470) <=> C=C[CH]C(1344) + C=CCCCCC(546)
    [CH2]C(CC)CC=CCCCC(3471) <=> C=C[CH]C(1344) + C=CCCCCC(546)
    [CH2]C(C=C)C(C)CCCCC(3472) <=> C=C[CH]C(1344) + C=CCCCCC(546)
    [CH2]C(C=C)CCCCCCC(3473) <=> C=C[CH]C(1344) + C=CCCCCC(546)
    C[CH][CH]CC[CH]CCCCC(3474) <=> C=C[CH]C(1344) + C=CCCCCC(546)
    [CH2]C(C[CH][CH]C)CCCCC(3475) <=> C=C[CH]C(1344) + C=CCCCCC(546)
    C[CH][CH]C(3305) + C=CC[CH]CCC(1117) <=> C=C[CH]C(1344) + C=CCCCCC(546)
    C[CH][CH]C(3305) + C=CCC[CH]CC(1116) <=> C=C[CH]C(1344) + C=CCCCCC(546)
    C[CH][CH]C(3305) + C=CCCC[CH]C(1118) <=> C=C[CH]C(1344) + C=CCCCCC(546)
    C[CH][CH]C(3305) + C=C[CH]CCCC(1119) <=> C=C[CH]C(1344) + C=CCCCCC(546)
    C[CH][CH]C(3305) + [CH2]CCCCC=C(870) <=> C=C[CH]C(1344) + C=CCCCCC(546)
    C[CH][CH]C(3305) + C=[C]CCCCC(1120) <=> C=C[CH]C(1344) + C=CCCCCC(546)
    C[CH][CH]C(3305) + [CH]=CCCCCC(1121) <=> C=C[CH]C(1344) + C=CCCCCC(546)
    C=CCC(466) + C=CCC[CH]CC(1116) <=> C=C[CH]C(1344) + C=CCCCCC(546)
    C=CCC(466) + C=CC[CH]CCC(1117) <=> C=C[CH]C(1344) + C=CCCCCC(546)
    C=CCC(466) + C=CCCC[CH]C(1118) <=> C=C[CH]C(1344) + C=CCCCCC(546)
    C=CCC(466) + C=C[CH]CCCC(1119) <=> C=C[CH]C(1344) + C=CCCCCC(546)
    C=CCC(466) + [CH2]CCCCC=C(870) <=> C=C[CH]C(1344) + C=CCCCCC(546)
    C=CCC(466) + C=[C]CCCCC(1120) <=> C=C[CH]C(1344) + C=CCCCCC(546)
    C=C[CH]C(1344) + C=CCCCCC(546) <=> C=CCC(466) + [CH]=CCCCCC(1121)
    C=C[CH]C(1344) + C=CCCCCC(546) <=> [CH2]C(CCCCC)C(C)C=C(3476)
    C=C[CH]C(1344) + C=CCCCCC(546) <=> C=CC(C)C[CH]CCCCC(3477)
    C[CH]C(C)CC=CCCCC(3478) <=> C=C[CH]C(1344) + C=CCCCCC(546)
    C[CH]CCCC=CCCCC(3479) <=> C=C[CH]C(1344) + C=CCCCCC(546)
    [CH2][CH]CC([CH2])[CH]C(3480) <=> [CH2]C=C(643) + C=C[CH]C(1344)
    [CH2][CH]CC(C)[CH][CH2](3481) <=> [CH2]C=C(643) + C=C[CH]C(1344)
    [CH2]C([CH2])C([CH2])[CH]C(3482) <=> [CH2]C=C(643) + C=C[CH]C(1344)
    [CH2][CH]C(C)C([CH2])[CH2](3483) <=> [CH2]C=C(643) + C=C[CH]C(1344)
    [CH2]C=C(643) + C=C[CH]C(1344) <=> C=CC(158) + C=C=CC(3298)
    [CH2]C=C(643) + C=C[CH]C(1344) <=> C=C=C(1236) + CC=CC(3304)
    [CH]C=C(2266) + [CH2][CH]CC(468) <=> [CH2]C=C(643) + C=C[CH]C(1344)
    [CH]C=C(2266) + [CH2]C[CH]C(467) <=> [CH2]C=C(643) + C=C[CH]C(1344)
    [CH2][C]=C(1237) + [CH2][CH]CC(468) <=> [CH2]C=C(643) + C=C[CH]C(1344)
    [CH2][C]=C(1237) + [CH2]C[CH]C(467) <=> [CH2]C=C(643) + C=C[CH]C(1344)
    [CH]C=C(2266) + [CH2][CH]CC(468) <=> [CH2]C=C(643) + C=C[CH]C(1344)
    [CH]C=C(2266) + [CH2]C[CH]C(467) <=> [CH2]C=C(643) + C=C[CH]C(1344)
    [CH2]C[CH2](146) + [CH]C=CC(3295) <=> [CH2]C=C(643) + C=C[CH]C(1344)
    [CH2]C[CH2](146) + [CH2]C=C[CH2](3299) <=> [CH2]C=C(643) + C=C[CH]C(1344)
    [CH2]C[CH2](146) + [CH2]C=[C]C(3300) <=> [CH2]C=C(643) + C=C[CH]C(1344)
    [CH2]C[CH2](146) + [CH2][C]=CC(3301) <=> [CH2]C=C(643) + C=C[CH]C(1344)
    [CH2][CH]C(159) + [CH]C=CC(3295) <=> [CH2]C=C(643) + C=C[CH]C(1344)
    [CH2][CH]C(159) + [CH2]C=C[CH2](3299) <=> [CH2]C=C(643) + C=C[CH]C(1344)
    [CH2][CH]C(159) + [CH2]C=[C]C(3300) <=> [CH2]C=C(643) + C=C[CH]C(1344)
    [CH2][CH]C(159) + [CH2][C]=CC(3301) <=> [CH2]C=C(643) + C=C[CH]C(1344)
    [CH]C=C(2266) + CC=CC(3304) <=> [CH2]C=C(643) + C=C[CH]C(1344)
    [CH2]C=C(643) + C=C[CH]C(1344) <=> [CH]C=C(2266) + CC=CC(3304)
    C=CC(158) + [CH]C=CC(3295) <=> [CH2]C=C(643) + C=C[CH]C(1344)
    [CH2]C=C(643) + C=C[CH]C(1344) <=> C=CC(158) + [CH2]C=[C]C(3300)
    [CH2]C=C(643) + C=C[CH]C(1344) <=> [CH2]C([CH2])CC=CC(3484)
    [CH2]C=C(643) + C=C[CH]C(1344) <=> [CH2][CH]CCC=CC(3485)
    [CH2]C=C(643) + C=C[CH]C(1344) <=> [CH2][CH]C(C)CC=C(3486)
    [CH2]C=C(643) + C=C[CH]C(1344) <=> [CH2]C([CH]C)CC=C(3487)
    [CH2]C=C(643) + C=C[CH]C(1344) <=> C=CCCC=CC(2019)
    [CH2]C(C)C([CH2])C=C(3488) <=> [CH2]C=C(643) + C=C[CH]C(1344)
    [CH2]CCC([CH2])C=C(3489) <=> [CH2]C=C(643) + C=C[CH]C(1344)
    [CH2][CH]CC[CH][CH]C(3490) <=> [CH2]C=C(643) + C=C[CH]C(1344)
    [CH2]C([CH2])C[CH][CH]C(3491) <=> [CH2]C=C(643) + C=C[CH]C(1344)
    [CH2]C=C(643) + C=C[CH]C(1344) <=> C=CC(158) + C=CC=C(3303)
    [CH]C=C(2266) + C[CH][CH]C(3305) <=> [CH2]C=C(643) + C=C[CH]C(1344)
    [CH2][C]=C(1237) + C[CH][CH]C(3305) <=> [CH2]C=C(643) + C=C[CH]C(1344)
    [CH]C=C(2266) + C[CH][CH]C(3305) <=> [CH2]C=C(643) + C=C[CH]C(1344)
    [CH]C=C(2266) + C=CCC(466) <=> [CH2]C=C(643) + C=C[CH]C(1344)
    [CH2]C=C(643) + C=C[CH]C(1344) <=> [CH]C=C(2266) + C=CCC(466)
    [CH2]C=C(643) + C=C[CH]C(1344) <=> [CH2]C([CH2])C(C)C=C(3492)
    [CH2]C=C(643) + C=C[CH]C(1344) <=> [CH2][CH]C(C)CC=C(3486)
    [CH2]C=C(643) + C=C[CH]C(1344) <=> C=CCC(C)C=C(3493)
    [CH2]C([CH]C)C[CH]CC(3494) <=> C=C[CH]C(1344) + C=CCC(466)
    [CH2][CH]C(C)C[CH]CC(3495) <=> C=C[CH]C(1344) + C=CCC(466)
    [CH2]C([CH]C)C([CH2])CC(3496) <=> C=C[CH]C(1344) + C=CCC(466)
    [CH2][CH]C(C)C([CH2])CC(3497) <=> C=C[CH]C(1344) + C=CCC(466)
    C=C[CH]C(1344) + [CH2][CH]CC(468) <=> C=C[CH]C(1344) + C=CCC(466)
    C=C[CH]C(1344) + [CH2]C[CH]C(467) <=> C=C[CH]C(1344) + C=CCC(466)
    [CH2]CC=C(538) + [CH2][CH]CC(468) <=> C=C[CH]C(1344) + C=CCC(466)
    [CH2]CC=C(538) + [CH2]C[CH]C(467) <=> C=C[CH]C(1344) + C=CCC(466)
    C=[C]CC(1345) + [CH2][CH]CC(468) <=> C=C[CH]C(1344) + C=CCC(466)
    C=[C]CC(1345) + [CH2]C[CH]C(467) <=> C=C[CH]C(1344) + C=CCC(466)
    [CH]=CCC(1346) + [CH2][CH]CC(468) <=> C=C[CH]C(1344) + C=CCC(466)
    [CH]=CCC(1346) + [CH2]C[CH]C(467) <=> C=C[CH]C(1344) + C=CCC(466)
    [CH]C=CC(3295) + [CH2]CCC(41) <=> C=C[CH]C(1344) + C=CCC(466)
    [CH2]C=C[CH2](3299) + [CH2]CCC(41) <=> C=C[CH]C(1344) + C=CCC(466)
    [CH2]C=[C]C(3300) + [CH2]CCC(41) <=> C=C[CH]C(1344) + C=CCC(466)
    [CH2][C]=CC(3301) + [CH2]CCC(41) <=> C=C[CH]C(1344) + C=CCC(466)
    [CH]C=CC(3295) + C[CH]CC(469) <=> C=C[CH]C(1344) + C=CCC(466)
    [CH2]C=C[CH2](3299) + C[CH]CC(469) <=> C=C[CH]C(1344) + C=CCC(466)
    [CH2]C=[C]C(3300) + C[CH]CC(469) <=> C=C[CH]C(1344) + C=CCC(466)
    [CH2][C]=CC(3301) + C[CH]CC(469) <=> C=C[CH]C(1344) + C=CCC(466)
    C=C[CH]C(1344) + C=CCC(466) <=> C=C[CH]C(1344) + CC=CC(3304)
    [CH2]CC=C(538) + CC=CC(3304) <=> C=C[CH]C(1344) + C=CCC(466)
    C=C[CH]C(1344) + C=CCC(466) <=> C=[C]CC(1345) + CC=CC(3304)
    C=C[CH]C(1344) + C=CCC(466) <=> [CH]=CCC(1346) + CC=CC(3304)
    C=C[CH]C(1344) + C=CCC(466) <=> [CH2]C(CC)CC=CC(3498)
    C=C[CH]C(1344) + C=CCC(466) <=> CC=CCC[CH]CC(3499)
    [CH2]CC(C)CC=CC(3500) <=> C=C[CH]C(1344) + C=CCC(466)
    [CH2]C(CC)CC=CC(3498) <=> C=C[CH]C(1344) + C=CCC(466)
    [CH2]C(C=C)C(C)CC(3501) <=> C=C[CH]C(1344) + C=CCC(466)
    [CH2]C(C=C)CCCC(3502) <=> C=C[CH]C(1344) + C=CCC(466)
    C[CH][CH]CC[CH]CC(3503) <=> C=C[CH]C(1344) + C=CCC(466)
    [CH2]C(CC)C[CH][CH]C(3504) <=> C=C[CH]C(1344) + C=CCC(466)
    C=C[CH]C(1344) + C[CH][CH]C(3305) <=> C=C[CH]C(1344) + C=CCC(466)
    [CH2]CC=C(538) + C[CH][CH]C(3305) <=> C=C[CH]C(1344) + C=CCC(466)
    C=[C]CC(1345) + C[CH][CH]C(3305) <=> C=C[CH]C(1344) + C=CCC(466)
    [CH]=CCC(1346) + C[CH][CH]C(3305) <=> C=C[CH]C(1344) + C=CCC(466)
    [CH2]CC=C(538) + C=CCC(466) <=> C=C[CH]C(1344) + C=CCC(466)
    C=[C]CC(1345) + C=CCC(466) <=> C=C[CH]C(1344) + C=CCC(466)
    C=C[CH]C(1344) + C=CCC(466) <=> [CH]=CCC(1346) + C=CCC(466)
    C=C[CH]C(1344) + C=CCC(466) <=> [CH2]C(CC)C(C)C=C(3505)
    C=C[CH]C(1344) + C=CCC(466) <=> C=CC(C)C[CH]CC(3506)
    C[CH]C(C)CC=CC(3507) <=> C=C[CH]C(1344) + C=CCC(466)
    C[CH]CCCC=CC(3508) <=> C=C[CH]C(1344) + C=CCC(466)
    CC=C([O])C([O])O[O](3509) <=> [O]OC=O(106) + CC=C=O(2656)
    CC=[C]OC([O])O[O](3510) <=> [O]OC=O(106) + CC=C=O(2656)
    CC([C]=O)C([O])O[O](3511) <=> [O]OC=O(106) + CC=C=O(2656)
    CC=C([O])O[CH]O[O](3512) <=> [O]OC=O(106) + CC=C=O(2656)
    CC=[C]OO[CH]O[O](3513) <=> [O]OC=O(106) + CC=C=O(2656)
    CC([C]=O)O[CH]O[O](3514) <=> [O]OC=O(106) + CC=C=O(2656)
    [O]OC=O(106) + CC=C=O(2656) <=> CC1C(=O)OC1O[O](3515)
    [O]OC=O(106) + CC=C=O(2656) <=> CC1OC(O[O])C1=O(3516)
    CO3t2(231) + CC=[C]O(3047) <=> [O]OC=O(106) + CC=C=O(2656)
    CO3t2(231) + CC[C]=O(282) <=> [O]OC=O(106) + CC=C=O(2656)
    CO3t2(231) + C[CH]C=O(2668) <=> [O]OC=O(106) + CC=C=O(2656)
    [O]O[CH]O(1482) + C=C[C]=O(277) <=> [O]OC=O(106) + CC=C=O(2656)
    [O]O[CH]O(1482) + C[C]=C=O(3046) <=> [O]OC=O(106) + CC=C=O(2656)
    [O]CO[O](110) + C=C[C]=O(277) <=> [O]OC=O(106) + CC=C=O(2656)
    [O]CO[O](110) + C[C]=C=O(3046) <=> [O]OC=O(106) + CC=C=O(2656)
    [O]OC=O(106) + CC=C=O(2656) <=> O=COO(268) + C=C[C]=O(277)
    O=COO(268) + C[C]=C=O(3046) <=> [O]OC=O(106) + CC=C=O(2656)
    [O]OC=O(106) + CC=C=O(2656) <=> CC=[C]OOOC=O(3517)
    [O]OC=O(106) + CC=C=O(2656) <=> CC([C]=O)OOC=O(3518)
    [O]OC=O(106) + CC=C=O(2656) <=> CC=C([O])OOC=O(3519)
    C=CC(=O)OCO[O](3520) <=> [O]OC=O(106) + CC=C=O(2656)
    CC#COOCO[O](3521) <=> [O]OC=O(106) + CC=C=O(2656)
    C=CC(=O)C(O)O[O](3522) <=> [O]OC=O(106) + CC=C=O(2656)
    CC#COC(O)O[O](3523) <=> [O]OC=O(106) + CC=C=O(2656)
    C=CCC[CH]CC([O])=CC(3524) <=> CC=C=O(2656) + C=CCCC=C(1328)
    C=CCC[CH]CO[C]=CC(3525) <=> CC=C=O(2656) + C=CCCC=C(1328)
    C=CCC[CH]CC(C)[C]=O(3526) <=> CC=C=O(2656) + C=CCCC=C(1328)
    [CH2]C(CCC=C)C([O])=CC(3527) <=> CC=C=O(2656) + C=CCCC=C(1328)
    [CH2]C(CCC=C)O[C]=CC(3528) <=> CC=C=O(2656) + C=CCCC=C(1328)
    [CH2]C(CCC=C)C(C)[C]=O(3529) <=> CC=C=O(2656) + C=CCCC=C(1328)
    CC=C=O(2656) + C=CCCC=C(1328) <=> C=CCCC1CC(C)C1=O(3530)
    CC=C=O(2656) + C=CCCC=C(1328) <=> C=CCCC1CC(=O)C1C(3531)
    CC=[C]O(3047) + C=C[CH]CC=C(1625) <=> CC=C=O(2656) + C=CCCC=C(1328)
    CC[C]=O(282) + C=C[CH]CC=C(1625) <=> CC=C=O(2656) + C=CCCC=C(1328)
    C[CH]C=O(2668) + C=C[CH]CC=C(1625) <=> CC=C=O(2656) + C=CCCC=C(1328)
    CC=[C]O(3047) + C=[C]CCC=C(1626) <=> CC=C=O(2656) + C=CCCC=C(1328)
    CC[C]=O(282) + C=[C]CCC=C(1626) <=> CC=C=O(2656) + C=CCCC=C(1328)
    C[CH]C=O(2668) + C=[C]CCC=C(1626) <=> CC=C=O(2656) + C=CCCC=C(1328)
    CC=[C]O(3047) + [CH]=CCCC=C(1627) <=> CC=C=O(2656) + C=CCCC=C(1328)
    CC[C]=O(282) + [CH]=CCCC=C(1627) <=> CC=C=O(2656) + C=CCCC=C(1328)
    C[CH]C=O(2668) + [CH]=CCCC=C(1627) <=> CC=C=O(2656) + C=CCCC=C(1328)
    C=C[C]=O(277) + [CH2]CCCC=C(868) <=> CC=C=O(2656) + C=CCCC=C(1328)
    C[C]=C=O(3046) + [CH2]CCCC=C(868) <=> CC=C=O(2656) + C=CCCC=C(1328)
    C=C[C]=O(277) + C=CCC[CH]C(997) <=> CC=C=O(2656) + C=CCCC=C(1328)
    C[C]=C=O(3046) + C=CCC[CH]C(997) <=> CC=C=O(2656) + C=CCCC=C(1328)
    C=CCC=CCOC=CC(3532) <=> CC=C=O(2656) + C=CCCC=C(1328)
    C=CCC=CCC(C)C=O(2967) <=> CC=C=O(2656) + C=CCCC=C(1328)
    C=CCC=CCC(O)=CC(3533) <=> CC=C=O(2656) + C=CCCC=C(1328)
    C=CCC=CCC(=O)CC(3534) <=> CC=C=O(2656) + C=CCCC=C(1328)
    C=CCCC(C)C(=O)C=C(3535) <=> CC=C=O(2656) + C=CCCC=C(1328)
    C=CCCC(C)OC#CC(3536) <=> CC=C=O(2656) + C=CCCC=C(1328)
    C=CCCCCC(=O)C=C(3537) <=> CC=C=O(2656) + C=CCCC=C(1328)
    C=CCCCCOC#CC(3538) <=> CC=C=O(2656) + C=CCCC=C(1328)
    [CH2]C([CH]C)C[CH]O(3539) <=> C2H3OH(72) + C=C[CH]C(1344)
    [CH2][CH]C(C)C[CH]O(3540) <=> C2H3OH(72) + C=C[CH]C(1344)
    [CH2]C(O)C([CH2])[CH]C(3541) <=> C2H3OH(72) + C=C[CH]C(1344)
    [CH2][CH]C(C)C([CH2])O(3542) <=> C2H3OH(72) + C=C[CH]C(1344)
    C=[C]O(69) + [CH2][CH]CC(468) <=> C2H3OH(72) + C=C[CH]C(1344)
    C=[C]O(69) + [CH2]C[CH]C(467) <=> C2H3OH(72) + C=C[CH]C(1344)
    [CH]=CO(70) + [CH2][CH]CC(468) <=> C2H3OH(72) + C=C[CH]C(1344)
    [CH]=CO(70) + [CH2]C[CH]C(467) <=> C2H3OH(72) + C=C[CH]C(1344)
    CH2CHO(36) + [CH2][CH]CC(468) <=> C2H3OH(72) + C=C[CH]C(1344)
    CH2CHO(36) + [CH2]C[CH]C(467) <=> C2H3OH(72) + C=C[CH]C(1344)
    CH2CH2OH(241) + [CH]C=CC(3295) <=> C2H3OH(72) + C=C[CH]C(1344)
    CH2CH2OH(241) + [CH2]C=C[CH2](3299) <=> C2H3OH(72) + C=C[CH]C(1344)
    CH2CH2OH(241) + [CH2]C=[C]C(3300) <=> C2H3OH(72) + C=C[CH]C(1344)
    CH2CH2OH(241) + [CH2][C]=CC(3301) <=> C2H3OH(72) + C=C[CH]C(1344)
    CH3CHOH(133) + [CH]C=CC(3295) <=> C2H3OH(72) + C=C[CH]C(1344)
    CH3CHOH(133) + [CH2]C=C[CH2](3299) <=> C2H3OH(72) + C=C[CH]C(1344)
    CH3CHOH(133) + [CH2]C=[C]C(3300) <=> C2H3OH(72) + C=C[CH]C(1344)
    CH3CHOH(133) + [CH2][C]=CC(3301) <=> C2H3OH(72) + C=C[CH]C(1344)
    C2H3OH(72) + C=C[CH]C(1344) <=> CH2CHO(36) + CC=CC(3304)
    C=[C]O(69) + CC=CC(3304) <=> C2H3OH(72) + C=C[CH]C(1344)
    C2H3OH(72) + C=C[CH]C(1344) <=> [CH]=CO(70) + CC=CC(3304)
    C2H3OH(72) + C=C[CH]C(1344) <=> [CH2]C(O)CC=CC(1419)
    C2H3OH(72) + C=C[CH]C(1344) <=> CC=CCC[CH]O(3543)
    [CH2]CC(C)CC=O(3544) <=> C2H3OH(72) + C=C[CH]C(1344)
    [CH2]C(CC)CC=O(1416) <=> C2H3OH(72) + C=C[CH]C(1344)
    [CH2]C(C=C)C(C)O(3405) <=> C2H3OH(72) + C=C[CH]C(1344)
    [CH2]C(C=C)CCO(3545) <=> C2H3OH(72) + C=C[CH]C(1344)
    C[CH][CH]CC[CH]O(3546) <=> C2H3OH(72) + C=C[CH]C(1344)
    [CH2]C(O)C[CH][CH]C(3547) <=> C2H3OH(72) + C=C[CH]C(1344)
    C=[C]O(69) + C[CH][CH]C(3305) <=> C2H3OH(72) + C=C[CH]C(1344)
    [CH]=CO(70) + C[CH][CH]C(3305) <=> C2H3OH(72) + C=C[CH]C(1344)
    CH2CHO(36) + C[CH][CH]C(3305) <=> C2H3OH(72) + C=C[CH]C(1344)
    C=[C]O(69) + C=CCC(466) <=> C2H3OH(72) + C=C[CH]C(1344)
    C2H3OH(72) + C=C[CH]C(1344) <=> [CH]=CO(70) + C=CCC(466)
    C2H3OH(72) + C=C[CH]C(1344) <=> [CH2]C(O)C(C)C=C(3548)
    C2H3OH(72) + C=C[CH]C(1344) <=> C=CC(C)C[CH]O(3549)
    C[CH]C(C)CC=O(3550) <=> C2H3OH(72) + C=C[CH]C(1344)
    C[CH]CCCC=O(3551) <=> C2H3OH(72) + C=C[CH]C(1344)
    C2H3O(67) + [CH2][CH]CC(468) <=> CH2OCH2(1871) + C=C[CH]C(1344)
    C2H3O(67) + [CH2]C[CH]C(467) <=> CH2OCH2(1871) + C=C[CH]C(1344)
    C2H3O(67) + CC=CC(3304) <=> CH2OCH2(1871) + C=C[CH]C(1344)
    C2H3O(67) + C[CH][CH]C(3305) <=> CH2OCH2(1871) + C=C[CH]C(1344)
    C2H3O(67) + C=CCC(466) <=> CH2OCH2(1871) + C=C[CH]C(1344)
    [CH2]C(=C)C([CH2])[CH]C(3552) <=> C=C=C(1236) + C=C[CH]C(1344)
    [CH2][CH]C(C)C([CH2])=C(3553) <=> C=C=C(1236) + C=C[CH]C(1344)
    [CH2]C([CH]C)C[C]=C(3554) <=> C=C=C(1236) + C=C[CH]C(1344)
    [CH2][CH]C(C)C[C]=C(3555) <=> C=C=C(1236) + C=C[CH]C(1344)
    [CH]=C=C(1912) + [CH2][CH]CC(468) <=> C=C=C(1236) + C=C[CH]C(1344)
    [CH]=C=C(1912) + [CH2]C[CH]C(467) <=> C=C=C(1236) + C=C[CH]C(1344)
    C=[C]C(644) + [CH]C=CC(3295) <=> C=C=C(1236) + C=C[CH]C(1344)
    C=[C]C(644) + [CH2]C=C[CH2](3299) <=> C=C=C(1236) + C=C[CH]C(1344)
    C=[C]C(644) + [CH2]C=[C]C(3300) <=> C=C=C(1236) + C=C[CH]C(1344)
    C=[C]C(644) + [CH2][C]=CC(3301) <=> C=C=C(1236) + C=C[CH]C(1344)
    [CH2]C=C(643) + [CH]C=CC(3295) <=> C=C=C(1236) + C=C[CH]C(1344)
    [CH2]C=C(643) + [CH2]C=C[CH2](3299) <=> C=C=C(1236) + C=C[CH]C(1344)
    [CH2]C=C(643) + [CH2]C=[C]C(3300) <=> C=C=C(1236) + C=C[CH]C(1344)
    [CH2]C=C(643) + [CH2][C]=CC(3301) <=> C=C=C(1236) + C=C[CH]C(1344)
    C=C=C(1236) + C=C[CH]C(1344) <=> [CH]=C=C(1912) + CC=CC(3304)
    C=C=C(1236) + C=C[CH]C(1344) <=> C=[C]CCC=CC(3556)
    C=C=C(1236) + C=C[CH]C(1344) <=> [CH2]C(=C)CC=CC(3557)
    C#CCC(C)C[CH2](3558) <=> C=C=C(1236) + C=C[CH]C(1344)
    C#CCC([CH2])CC(3559) <=> C=C=C(1236) + C=C[CH]C(1344)
    [CH2]C(C=C)CC=C(3560) <=> C=C=C(1236) + C=C[CH]C(1344)
    [CH2]C(C=C)C(=C)C(3561) <=> C=C=C(1236) + C=C[CH]C(1344)
    [CH2]C(=C)C[CH][CH]C(3562) <=> C=C=C(1236) + C=C[CH]C(1344)
    C=[C]CC[CH][CH]C(3563) <=> C=C=C(1236) + C=C[CH]C(1344)
    [CH]=C=C(1912) + C[CH][CH]C(3305) <=> C=C=C(1236) + C=C[CH]C(1344)
    [CH]=C=C(1912) + C=CCC(466) <=> C=C=C(1236) + C=C[CH]C(1344)
    C=C=C(1236) + C=C[CH]C(1344) <=> C=[C]CC(C)C=C(3564)
    C=C=C(1236) + C=C[CH]C(1344) <=> [CH2]C(=C)C(C)C=C(3565)
    C#CCC(C)[CH]C(3566) <=> C=C=C(1236) + C=C[CH]C(1344)
    C#CCCC[CH]C(3567) <=> C=C=C(1236) + C=C[CH]C(1344)
    [CH2]C([CH]C)C([O])C=C(3568) <=> C=CC=O(278) + C=C[CH]C(1344)
    [CH2][CH]C(C)C([O])C=C(3569) <=> C=CC=O(278) + C=C[CH]C(1344)
    [CH2]C([CH]C)C[CH]C=O(3570) <=> C=CC=O(278) + C=C[CH]C(1344)
    [CH2][CH]C(C)C[CH]C=O(3571) <=> C=CC=O(278) + C=C[CH]C(1344)
    [CH2]C([CH]C)C([CH2])C=O(3572) <=> C=CC=O(278) + C=C[CH]C(1344)
    [CH2][CH]C(C)C([CH2])C=O(3573) <=> C=CC=O(278) + C=C[CH]C(1344)
    [CH2]C([CH]C)O[CH]C=C(3574) <=> C=CC=O(278) + C=C[CH]C(1344)
    [CH2][CH]C(C)O[CH]C=C(3575) <=> C=CC=O(278) + C=C[CH]C(1344)
    C=[C]C=O(2663) + [CH2][CH]CC(468) <=> C=CC=O(278) + C=C[CH]C(1344)
    C=[C]C=O(2663) + [CH2]C[CH]C(467) <=> C=CC=O(278) + C=C[CH]C(1344)
    C=C[C]=O(277) + [CH2][CH]CC(468) <=> C=CC=O(278) + C=C[CH]C(1344)
    C=C[C]=O(277) + [CH2]C[CH]C(467) <=> C=CC=O(278) + C=C[CH]C(1344)
    [CH]=CC=O(276) + [CH2][CH]CC(468) <=> C=CC=O(278) + C=C[CH]C(1344)
    [CH]=CC=O(276) + [CH2]C[CH]C(467) <=> C=CC=O(278) + C=C[CH]C(1344)
    C=C[CH]O(2667) + [CH]C=CC(3295) <=> C=CC=O(278) + C=C[CH]C(1344)
    C=C[CH]O(2667) + [CH2]C=C[CH2](3299) <=> C=CC=O(278) + C=C[CH]C(1344)
    C=C[CH]O(2667) + [CH2]C=[C]C(3300) <=> C=CC=O(278) + C=C[CH]C(1344)
    C=C[CH]O(2667) + [CH2][C]=CC(3301) <=> C=CC=O(278) + C=C[CH]C(1344)
    [CH2]CC=O(281) + [CH]C=CC(3295) <=> C=CC=O(278) + C=C[CH]C(1344)
    [CH2]CC=O(281) + [CH2]C=C[CH2](3299) <=> C=CC=O(278) + C=C[CH]C(1344)
    [CH2]CC=O(281) + [CH2]C=[C]C(3300) <=> C=CC=O(278) + C=C[CH]C(1344)
    [CH2]CC=O(281) + [CH2][C]=CC(3301) <=> C=CC=O(278) + C=C[CH]C(1344)
    C[CH]C=O(2668) + [CH]C=CC(3295) <=> C=CC=O(278) + C=C[CH]C(1344)
    C[CH]C=O(2668) + [CH2]C=C[CH2](3299) <=> C=CC=O(278) + C=C[CH]C(1344)
    C[CH]C=O(2668) + [CH2]C=[C]C(3300) <=> C=CC=O(278) + C=C[CH]C(1344)
    C[CH]C=O(2668) + [CH2][C]=CC(3301) <=> C=CC=O(278) + C=C[CH]C(1344)
    C=CC[O](605) + [CH]C=CC(3295) <=> C=CC=O(278) + C=C[CH]C(1344)
    C=CC[O](605) + [CH2]C=C[CH2](3299) <=> C=CC=O(278) + C=C[CH]C(1344)
    C=CC[O](605) + [CH2]C=[C]C(3300) <=> C=CC=O(278) + C=C[CH]C(1344)
    C=CC[O](605) + [CH2][C]=CC(3301) <=> C=CC=O(278) + C=C[CH]C(1344)
    C=[C]C=O(2663) + CC=CC(3304) <=> C=CC=O(278) + C=C[CH]C(1344)
    C=CC=O(278) + C=C[CH]C(1344) <=> [CH]=CC=O(276) + CC=CC(3304)
    C=C[C]=O(277) + CC=CC(3304) <=> C=CC=O(278) + C=C[CH]C(1344)
    C=CC=O(278) + C=C[CH]C(1344) <=> C=C[CH]OCC=CC(3576)
    C=CC=O(278) + C=C[CH]C(1344) <=> [CH2]C(C=O)CC=CC(3577)
    C=CC=O(278) + C=C[CH]C(1344) <=> CC=CCC[CH]C=O(3578)
    C=CC=O(278) + C=C[CH]C(1344) <=> C=CC([O])CC=CC(3579)
    [CH2]CC(C)OC=C=C(3580) <=> C=CC=O(278) + C=C[CH]C(1344)
    [CH2]C(CC)OC=C=C(3581) <=> C=CC=O(278) + C=C[CH]C(1344)
    [CH2]CC(C)CC=C=O(3582) <=> C=CC=O(278) + C=C[CH]C(1344)
    [CH2]C(CC)CC=C=O(3583) <=> C=CC=O(278) + C=C[CH]C(1344)
    [CH2]C(C=C)OCC=C(3584) <=> C=CC=O(278) + C=C[CH]C(1344)
    [CH2]C(C=C)C(C)C=O(3585) <=> C=CC=O(278) + C=C[CH]C(1344)
    [CH2]C(C=C)CCC=O(3586) <=> C=CC=O(278) + C=C[CH]C(1344)
    [CH2]C(C=C)C(O)C=C(3587) <=> C=CC=O(278) + C=C[CH]C(1344)
    C=CC([O])C[CH][CH]C(3588) <=> C=CC=O(278) + C=C[CH]C(1344)
    C[CH][CH]CC[CH]C=O(3589) <=> C=CC=O(278) + C=C[CH]C(1344)
    [CH2]C(C=O)C[CH][CH]C(3590) <=> C=CC=O(278) + C=C[CH]C(1344)
    C=C[CH]OC[CH][CH]C(3591) <=> C=CC=O(278) + C=C[CH]C(1344)
    C=CC=O(278) + C=C[CH]C(1344) <=> C=CC1CC([CH]C)O1(3592)
    C=CC=O(278) + C=C[CH]C(1344) <=> C=CC1OCC1[CH]C(3593)
    C=[C]C=O(2663) + C[CH][CH]C(3305) <=> C=CC=O(278) + C=C[CH]C(1344)
    C=C[C]=O(277) + C[CH][CH]C(3305) <=> C=CC=O(278) + C=C[CH]C(1344)
    [CH]=CC=O(276) + C[CH][CH]C(3305) <=> C=CC=O(278) + C=C[CH]C(1344)
    C=[C]C=O(2663) + C=CCC(466) <=> C=CC=O(278) + C=C[CH]C(1344)
    C=CC=O(278) + C=C[CH]C(1344) <=> [CH]=CC=O(276) + C=CCC(466)
    C=C[C]=O(277) + C=CCC(466) <=> C=CC=O(278) + C=C[CH]C(1344)
    C=CC=O(278) + C=C[CH]C(1344) <=> C=C[CH]OC(C)C=C(3594)
    C=CC=O(278) + C=C[CH]C(1344) <=> [CH2]C(C=O)C(C)C=C(3595)
    C=CC=O(278) + C=C[CH]C(1344) <=> C=CC(C)C[CH]C=O(3596)
    C=CC=O(278) + C=C[CH]C(1344) <=> C=CC(C)C([O])C=C(3597)
    C=C=COC(C)[CH]C(3598) <=> C=CC=O(278) + C=C[CH]C(1344)
    C=C=COCC[CH]C(3599) <=> C=CC=O(278) + C=C[CH]C(1344)
    C[CH]C(C)CC=C=O(3600) <=> C=CC=O(278) + C=C[CH]C(1344)
    C[CH]CCCC=C=O(3601) <=> C=CC=O(278) + C=C[CH]C(1344)
    [CH2]C([CH]C)C([O])=CC(3602) <=> CC=C=O(2656) + C=C[CH]C(1344)
    [CH2][CH]C(C)C([O])=CC(3603) <=> CC=C=O(2656) + C=C[CH]C(1344)
    [CH2]C([CH]C)O[C]=CC(3604) <=> CC=C=O(2656) + C=C[CH]C(1344)
    [CH2][CH]C(C)O[C]=CC(3605) <=> CC=C=O(2656) + C=C[CH]C(1344)
    [CH2]C([CH]C)C(C)[C]=O(3606) <=> CC=C=O(2656) + C=C[CH]C(1344)
    [CH2][CH]C(C)C(C)[C]=O(3607) <=> CC=C=O(2656) + C=C[CH]C(1344)
    C=C[C]=O(277) + [CH2][CH]CC(468) <=> CC=C=O(2656) + C=C[CH]C(1344)
    C=C[C]=O(277) + [CH2]C[CH]C(467) <=> CC=C=O(2656) + C=C[CH]C(1344)
    C[C]=C=O(3046) + [CH2][CH]CC(468) <=> CC=C=O(2656) + C=C[CH]C(1344)
    C[C]=C=O(3046) + [CH2]C[CH]C(467) <=> CC=C=O(2656) + C=C[CH]C(1344)
    CC=[C]O(3047) + [CH]C=CC(3295) <=> CC=C=O(2656) + C=C[CH]C(1344)
    CC=[C]O(3047) + [CH2]C=C[CH2](3299) <=> CC=C=O(2656) + C=C[CH]C(1344)
    CC=[C]O(3047) + [CH2]C=[C]C(3300) <=> CC=C=O(2656) + C=C[CH]C(1344)
    CC=[C]O(3047) + [CH2][C]=CC(3301) <=> CC=C=O(2656) + C=C[CH]C(1344)
    CC[C]=O(282) + [CH]C=CC(3295) <=> CC=C=O(2656) + C=C[CH]C(1344)
    CC[C]=O(282) + [CH2]C=C[CH2](3299) <=> CC=C=O(2656) + C=C[CH]C(1344)
    CC[C]=O(282) + [CH2]C=[C]C(3300) <=> CC=C=O(2656) + C=C[CH]C(1344)
    CC[C]=O(282) + [CH2][C]=CC(3301) <=> CC=C=O(2656) + C=C[CH]C(1344)
    C[CH]C=O(2668) + [CH]C=CC(3295) <=> CC=C=O(2656) + C=C[CH]C(1344)
    C[CH]C=O(2668) + [CH2]C=C[CH2](3299) <=> CC=C=O(2656) + C=C[CH]C(1344)
    C[CH]C=O(2668) + [CH2]C=[C]C(3300) <=> CC=C=O(2656) + C=C[CH]C(1344)
    C[CH]C=O(2668) + [CH2][C]=CC(3301) <=> CC=C=O(2656) + C=C[CH]C(1344)
    C=C[C]=O(277) + CC=CC(3304) <=> CC=C=O(2656) + C=C[CH]C(1344)
    C[C]=C=O(3046) + CC=CC(3304) <=> CC=C=O(2656) + C=C[CH]C(1344)
    CC=C=O(2656) + C=C[CH]C(1344) <=> CC=[C]OCC=CC(3608)
    CC=C=O(2656) + C=C[CH]C(1344) <=> CC=CCC(C)[C]=O(3609)
    CC=C=O(2656) + C=C[CH]C(1344) <=> CC=CCC([O])=CC(3610)
    [CH2]CC(C)C(=O)C=C(3611) <=> CC=C=O(2656) + C=C[CH]C(1344)
    [CH2]C(CC)C(=O)C=C(3612) <=> CC=C=O(2656) + C=C[CH]C(1344)
    [CH2]CC(C)OC#CC(3613) <=> CC=C=O(2656) + C=C[CH]C(1344)
    [CH2]C(CC)OC#CC(3614) <=> CC=C=O(2656) + C=C[CH]C(1344)
    [CH2]C(C=C)OC=CC(3615) <=> CC=C=O(2656) + C=C[CH]C(1344)
    [CH2]C(C=C)C(C)C=O(3585) <=> CC=C=O(2656) + C=C[CH]C(1344)
    [CH2]C(C=C)C(O)=CC(3616) <=> CC=C=O(2656) + C=C[CH]C(1344)
    [CH2]C(C=C)C(=O)CC(3617) <=> CC=C=O(2656) + C=C[CH]C(1344)
    C[CH][CH]CC([O])=CC(3618) <=> CC=C=O(2656) + C=C[CH]C(1344)
    C[CH][CH]CO[C]=CC(3619) <=> CC=C=O(2656) + C=C[CH]C(1344)
    C[CH][CH]CC(C)[C]=O(3620) <=> CC=C=O(2656) + C=C[CH]C(1344)
    CC=C=O(2656) + C=C[CH]C(1344) <=> C[CH]C1CC(C)C1=O(3621)
    CC=C=O(2656) + C=C[CH]C(1344) <=> C[CH]C1CC(=O)C1C(3622)
    C=C[C]=O(277) + C[CH][CH]C(3305) <=> CC=C=O(2656) + C=C[CH]C(1344)
    C[C]=C=O(3046) + C[CH][CH]C(3305) <=> CC=C=O(2656) + C=C[CH]C(1344)
    C=C[C]=O(277) + C=CCC(466) <=> CC=C=O(2656) + C=C[CH]C(1344)
    C[C]=C=O(3046) + C=CCC(466) <=> CC=C=O(2656) + C=C[CH]C(1344)
    CC=C=O(2656) + C=C[CH]C(1344) <=> C=CC(C)O[C]=CC(3623)
    CC=C=O(2656) + C=C[CH]C(1344) <=> C=CC(C)C(C)[C]=O(3624)
    CC=C=O(2656) + C=C[CH]C(1344) <=> C=CC(C)C([O])=CC(3625)
    C=CC(=O)C(C)[CH]C(3626) <=> CC=C=O(2656) + C=C[CH]C(1344)
    C=CC(=O)CC[CH]C(3627) <=> CC=C=O(2656) + C=C[CH]C(1344)
    CC#COC(C)[CH]C(3628) <=> CC=C=O(2656) + C=C[CH]C(1344)
    CC#COCC[CH]C(3629) <=> CC=C=O(2656) + C=C[CH]C(1344)
    [CH2]C([CH]C)C([CH2])[CH]C(3630) <=> C=C[CH]C(1344) + C=C[CH]C(1344)
    [CH2][CH]C(C)C([CH2])[CH]C(3631) <=> C=C[CH]C(1344) + C=C[CH]C(1344)
    [CH2][CH]C(C)C(C)[CH][CH2](3632) <=> C=C[CH]C(1344) + C=C[CH]C(1344)
    C=C[CH]C(1344) + C=C[CH]C(1344) <=> C=C=CC(3298) + CC=CC(3304)
    [CH]C=CC(3295) + [CH2][CH]CC(468) <=> C=C[CH]C(1344) + C=C[CH]C(1344)
    [CH]C=CC(3295) + [CH2]C[CH]C(467) <=> C=C[CH]C(1344) + C=C[CH]C(1344)
    [CH2]C=C[CH2](3299) + [CH2][CH]CC(468) <=> C=C[CH]C(1344) + C=C[CH]C(1344)
    [CH2]C=C[CH2](3299) + [CH2]C[CH]C(467) <=> C=C[CH]C(1344) + C=C[CH]C(1344)
    [CH2]C=[C]C(3300) + [CH2][CH]CC(468) <=> C=C[CH]C(1344) + C=C[CH]C(1344)
    [CH2]C=[C]C(3300) + [CH2]C[CH]C(467) <=> C=C[CH]C(1344) + C=C[CH]C(1344)
    [CH2][C]=CC(3301) + [CH2][CH]CC(468) <=> C=C[CH]C(1344) + C=C[CH]C(1344)
    [CH2][C]=CC(3301) + [CH2]C[CH]C(467) <=> C=C[CH]C(1344) + C=C[CH]C(1344)
    [CH]C=CC(3295) + CC=CC(3304) <=> C=C[CH]C(1344) + C=C[CH]C(1344)
    C=C[CH]C(1344) + C=C[CH]C(1344) <=> [CH2]C=[C]C(3300) + CC=CC(3304)
    C=C[CH]C(1344) + C=C[CH]C(1344) <=> [CH2][CH]C(C)CC=CC(3633)
    C=C[CH]C(1344) + C=C[CH]C(1344) <=> [CH2]C([CH]C)CC=CC(3634)
    C=C[CH]C(1344) + C=C[CH]C(1344) <=> CC=CCCC=CC(3635)
    [CH2]CC(C)C([CH2])C=C(3636) <=> C=C[CH]C(1344) + C=C[CH]C(1344)
    [CH2]C(C=C)C([CH2])CC(3637) <=> C=C[CH]C(1344) + C=C[CH]C(1344)
    [CH2]C([CH]C)C[CH][CH]C(3638) <=> C=C[CH]C(1344) + C=C[CH]C(1344)
    [CH2][CH]C(C)C[CH][CH]C(3639) <=> C=C[CH]C(1344) + C=C[CH]C(1344)
    C=C[CH]C(1344) + C=C[CH]C(1344) <=> C=CC=C(3303) + CC=CC(3304)
    C=C[CH]C(1344) + C=C[CH]C(1344) <=> C=C=CC(3298) + C=CCC(466)
    [CH]C=CC(3295) + C[CH][CH]C(3305) <=> C=C[CH]C(1344) + C=C[CH]C(1344)
    [CH2]C=C[CH2](3299) + C[CH][CH]C(3305) <=> C=C[CH]C(1344) + C=C[CH]C(1344)
    [CH2]C=[C]C(3300) + C[CH][CH]C(3305) <=> C=C[CH]C(1344) + C=C[CH]C(1344)
    [CH2][C]=CC(3301) + C[CH][CH]C(3305) <=> C=C[CH]C(1344) + C=C[CH]C(1344)
    [CH]C=CC(3295) + C=CCC(466) <=> C=C[CH]C(1344) + C=C[CH]C(1344)
    C=C[CH]C(1344) + C=C[CH]C(1344) <=> [CH2]C=[C]C(3300) + C=CCC(466)
    C=C[CH]C(1344) + C=C[CH]C(1344) <=> [CH2][CH]C(C)C(C)C=C(3640)
    C=C[CH]C(1344) + C=C[CH]C(1344) <=> [CH2]C([CH]C)C(C)C=C(3641)
    C=C[CH]C(1344) + C=C[CH]C(1344) <=> C[CH][CH]CCC=CC(3642)
    C=C[CH]C(1344) + C=C[CH]C(1344) <=> C=CC(C)CC=CC(3643)
    [CH2]C(C=C)C(C)[CH]C(3644) <=> C=C[CH]C(1344) + C=C[CH]C(1344)
    [CH2]C(C=C)CC[CH]C(3645) <=> C=C[CH]C(1344) + C=C[CH]C(1344)
    C[CH][CH]CC[CH][CH]C(3646) <=> C=C[CH]C(1344) + C=C[CH]C(1344)
    C=C[CH]C(1344) + C=C[CH]C(1344) <=> C=CC=C(3303) + C=CCC(466)
    C=C[CH]C(1344) + C=C[CH]C(1344) <=> C=CC(C)C(C)C=C(3647)

After model enlargement:
    The model core has 81 species and 924 reactions
    The model edge has 3565 species and 9456 reactions


Saving current model core to Chemkin file...
Chemkin file contains 931 reactions.
Saving annotated version of Chemkin file...
Chemkin file contains 931 reactions.
Saving current model core and edge to Chemkin file...
Chemkin file contains 10387 reactions.
Saving annotated version of Chemkin file...
Chemkin file contains 10387 reactions.
Saving current model core to HTML file...
Saving current model edge to HTML file...
Updating RMG execution statistics...
    Execution time (DD:HH:MM:SS): 00:00:05:47
    Memory used: 1021.39 MB

Making seed mechanism...
Conducting simulation of reaction system 1...
At time 5.1641e-06 s, species C=CC(C)O[O](3418) at 0.10564071747257245 exceeded the minimum rate for simulation interruption of 0.1
At time 5.1641e-06 s, species C=CC(C)O[O](3418) at rate ratio 0.10564071747257245 exceeded the minimum rate for moving to model core of 0.1
terminating simulation due to interrupt...


Adding species C=CC(C)O[O](3418) to model core

Summary of Model Enlargement
---------------------------------
Added 1 new core species
    C=CC(C)O[O](3418)
Created 0 new edge species
Moved 1 reactions from edge to core
    O2(2) + C=C[CH]C(1344) <=> C=CC(C)O[O](3418)
Added 0 new core reactions
Created 0 new edge reactions

After model enlargement:
    The model core has 82 species and 925 reactions
    The model edge has 3564 species and 9455 reactions


At time 7.2499e-05 s, reached target termination conversion: 0.900000 of C12H24(1)
    C12H24(1) conversion: 0.9021    

For reaction generation 1 process is used.
Generating thermo for new species...
Generating kinetics for new reactions...
For reaction O2(2) + C=CC(C)O[O](3418) <=> [CH2]C(O[O])C(C)O[O](3658), Ea raised from 144.4 to 146.2 kJ/mol to match endothermicity of reaction.
For reaction O2(2) + C=CC(C)O[O](3418) <=> CC([CH]CO[O])O[O](3659), Ea raised from 143.5 to 145.3 kJ/mol to match endothermicity of reaction.
For reaction O2(2) + C=CC(C)O[O](3418) <=> C=CC(C)OOO[O](3660), Ea raised from 74.1 to 80.6 kJ/mol to match endothermicity of reaction.

Summary of Secondary Model Edge Enlargement
---------------------------------
Added 0 new core species
Created 13 new edge species
    [CH2]C[C](C)O[O](3648)
    CC1[CH]COO1(3649)
    C=C[C](C)O[O](3650)
    [CH2]C(C=C)O[O](3651)
    C=[C]C(C)O[O](3652)
    [CH]=CC(C)O[O](3653)
    C=C[C](C)OO(3654)
    [CH2]C(C=C)OO(3655)
    C=[C]C(C)OO(3656)
    [CH]=CC(C)OO(3657)
    [CH2]C(O[O])C(C)O[O](3658)
    CC([CH]CO[O])O[O](3659)
    C=CC(C)OOO[O](3660)
Added 1 new core reactions
    CH2(S)(24) + C=CCO[O](1294) <=> C=CC(C)O[O](3418)
Created 25 new edge reactions
    O(4) + C=CC(C)[O](2705) <=> C=CC(C)O[O](3418)
    C=CC(C)O[O](3418) <=> HO2(10) + C=CC=C(3303)
    C=CC(C)O[O](3418) <=> HO2(10) + C=C=CC(3298)
    [CH2]C[C](C)O[O](3648) <=> C=CC(C)O[O](3418)
    [CH2]CC([CH2])O[O](1603) <=> C=CC(C)O[O](3418)
    [CH2]C([CH]C)O[O](3415) <=> C=CC(C)O[O](3418)
    C=CC(C)O[O](3418) <=> CC1[CH]COO1(3649)
    C=CC(C)O[O](3418) <=> [CH2]C1OOC1C(1880)
    CH3(18) + C=C[CH]O[O](1331) <=> C=CC(C)O[O](3418)
    C2H3(29) + C[CH]O[O](740) <=> C=CC(C)O[O](3418)
    H(3) + C=C[C](C)O[O](3650) <=> C=CC(C)O[O](3418)
    H(3) + [CH2]C(C=C)O[O](3651) <=> C=CC(C)O[O](3418)
    H(3) + C=[C]C(C)O[O](3652) <=> C=CC(C)O[O](3418)
    H(3) + [CH]=CC(C)O[O](3653) <=> C=CC(C)O[O](3418)
    C=CC(C)O[O](3418) <=> C=C[C](C)OO(3654)
    C=CC(C)O[O](3418) <=> [CH2]C(C=C)OO(3655)
    C=[C]C(C)OO(3656) <=> C=CC(C)O[O](3418)
    C=CC(C)O[O](3418) <=> [CH]=CC(C)OO(3657)
    HO2(10) + C=C[C](C)O[O](3650) <=> O2(2) + C=CC(C)O[O](3418)
    HO2(10) + [CH2]C(C=C)O[O](3651) <=> O2(2) + C=CC(C)O[O](3418)
    HO2(10) + C=[C]C(C)O[O](3652) <=> O2(2) + C=CC(C)O[O](3418)
    O2(2) + C=CC(C)O[O](3418) <=> HO2(10) + [CH]=CC(C)O[O](3653)
    O2(2) + C=CC(C)O[O](3418) <=> [CH2]C(O[O])C(C)O[O](3658)
    O2(2) + C=CC(C)O[O](3418) <=> CC([CH]CO[O])O[O](3659)
    O2(2) + C=CC(C)O[O](3418) <=> C=CC(C)OOO[O](3660)

After model enlargement:
    The model core has 82 species and 926 reactions
    The model edge has 3577 species and 9480 reactions


Saving current model core to Chemkin file...
Chemkin file contains 933 reactions.
Saving annotated version of Chemkin file...
Chemkin file contains 933 reactions.
Saving current model core and edge to Chemkin file...
Chemkin file contains 10413 reactions.
Saving annotated version of Chemkin file...
Chemkin file contains 10413 reactions.
Saving current model core to HTML file...
Saving current model edge to HTML file...
Updating RMG execution statistics...
    Execution time (DD:HH:MM:SS): 00:00:05:57
    Memory used: 1022.80 MB

Making seed mechanism...
Conducting simulation of reaction system 1...
At time 9.1054e-06 s, species C=CC=C(3303) at 0.1014878668731646 exceeded the minimum rate for simulation interruption of 0.1
At time 9.1054e-06 s, species C=CC=C(3303) at rate ratio 0.1014878668731646 exceeded the minimum rate for moving to model core of 0.1
terminating simulation due to interrupt...


Adding species C=CC=C(3303) to model core

Summary of Model Enlargement
---------------------------------
Added 1 new core species
    C=CC=C(3303)
Created 0 new edge species
Moved 7 reactions from edge to core
    H(3) + C=CC=C(3303) <=> C=C[CH]C(1344)
    HO2(10) + C=C[CH]C(1344) <=> H2O2(11) + C=CC=C(3303)
    CH3(18) + C=C[CH]C(1344) <=> CH4(31) + C=CC=C(3303)
    O2(2) + C=C[CH]C(1344) <=> HO2(10) + C=CC=C(3303)
    [CH2]C=C(643) + C=C[CH]C(1344) <=> C=CC(158) + C=CC=C(3303)
    C=C[CH]C(1344) + C=C[CH]C(1344) <=> C=CC=C(3303) + C=CCC(466)
    C=CC(C)O[O](3418) <=> HO2(10) + C=CC=C(3303)
Added 0 new core reactions
Created 0 new edge reactions

After model enlargement:
    The model core has 83 species and 933 reactions
    The model edge has 3576 species and 9473 reactions


At time 6.5736e-05 s, reached target termination conversion: 0.900000 of C12H24(1)
    C12H24(1) conversion: 0.9009    

For reaction generation 1 process is used.
Generating thermo for new species...
Generating kinetics for new reactions...
For reaction O2(2) + C=CC=C(3303) <=> [CH2]C(C=C)O[O](3651), Ea raised from 159.5 to 162.8 kJ/mol to match endothermicity of reaction.

Summary of Secondary Model Edge Enlargement
---------------------------------
Added 0 new core species
Created 216 new edge species
    C1=CCC1(3661)
    [CH2]C[C]=C(3662)
    C=[C]C=C(3663)
    [CH]=CC=C(3664)
    C=C[C]C(3665)
    [CH]CC=C(3666)
    [CH2]C(O)C=C(3667)
    C=C[CH]CO(3668)
    C=CC(C)O(3669)
    C=CCCO[O](3670)
    C=C[CH]COO(3671)
    C=CC(=C)C=O(3672)
    C=CC=CC=O(3673)
    [C-]=[O+]CC=C=C(3674)
    C=C=CC[C-]=[OH+](3675)
    C=CC(=C)OC=O(3676)
    C=CC=COC=O(3677)
    C=CC(=C)C(=O)O(3678)
    C=CC=CC(=O)O(3679)
    C=C[CH]CC([O])=O(3680)
    [CH2]C(C=C)C([O])=O(3681)
    C=C[CH]CO[C]=O(3682)
    [CH2]C(C=C)O[C]=O(3683)
    O=C1CC=CCO1(3684)
    C=C=CCOC=O(3685)
    C=C=CCC(=O)O(3686)
    C=C[CH]CC(3687)
    C=C[CH]CC[O](3688)
    [CH2]C(C=C)C[O](3689)
    [CH2]OC[CH]C=C(3690)
    [CH2]OC([CH2])C=C(3691)
    C=CC1COC1(3692)
    C1=CCOCC1(3693)
    C=C=CCOC(3694)
    C=C=CCCO(3695)
    [CH]=CC[CH]C=C(3696)
    [CH]=CC([CH2])C=C(3697)
    C1=CCC=CC1(3698)
    C=C=CCC=C(3699)
    C=CCCOC(3700)
    C=CC(C)OC(3701)
    C=CC(O)CC(3702)
    C=C[CH]CC(=C)[O](3703)
    [CH2]C(C=C)C(=C)[O](3704)
    C=[C]OC[CH]C=C(3705)
    [CH2]C(C=C)O[C]=C(3706)
    C=C[CH]CC[C]=O(3707)
    [CH2]C(C=C)C[C]=O(3708)
    C=CC1CCC1=O(3709)
    C=CC1CC(=O)C1(3710)
    C=C1CC=CCO1(3711)
    O=C1CC=CCC1(3712)
    C#COC(C)C=C(3713)
    C#COCCC=C(3714)
    C=C=CCOC=C(3715)
    C=C=CCCC=O(3716)
    C=C=CCC(=C)O(3717)
    C=C=CCC(C)=O(3718)
    [CH2]CC([CH2])C=C(3719)
    C1=CCCCC1(3720)
    C=C=CCCC(3721)
    [CH2]C([O])C[CH]C=C(3722)
    [CH2]C([O])C([CH2])C=C(3723)
    [CH2][CH]OC[CH]C=C(3724)
    [CH2][CH]OC([CH2])C=C(3725)
    [CH2]C1OCC1C=C(3726)
    [CH2]C1CC=CCO1(3727)
    C=C[CH]CCC=O(3728)
    [CH2]COCC=C=C(3729)
    [CH2]C(O)CC=C=C(3730)
    C=C[CH]CC[CH][O](3731)
    [CH2]C(C=C)C[CH][O](3732)
    [O]C1CC=CCC1(3733)
    C=C[CH]COC=C(3734)
    C=C=CCCC[O](3735)
    C=C=CCC(C)[O](3736)
    C=C[CH]CC(C)[O](3737)
    [CH2]C(C=C)C(C)[O](3738)
    C=C[CH]CO[CH]C(3739)
    [CH2]C(C=C)O[CH]C(3740)
    C=CC1COC1C(3741)
    CC1CC=CCO1(3742)
    C=COC(C)C=C(3743)
    C=CCCOC=C(3744)
    C=C=CCOCC(3745)
    C=C=CCC(C)O(3746)
    C=C[CH]CO[O](3747)
    C=C[CH]CC[CH]C(3748)
    [CH2]C(C=C)C[CH]C(3749)
    [CH2]C(C)C[CH]C=C(3750)
    CC1CC=CCC1(3751)
    C=CCCCC=C(3752)
    C=C=CCC(C)C(3753)
    C=C=CCCCC(3754)
    C=C[CH]CC[CH]CCCCCCC(3755)
    [CH2]C(C=C)C[CH]CCCCCCC(3756)
    [CH2]C(C[CH]C=C)CCCCCCC(3757)
    [CH2]C(C=C)C([CH2])CCCCCCC(3758)
    CCCCCCCC1CC=CCC1(3759)
    C=CC(C)CC=CCCCCCC(3760)
    C=CCCCC=CCCCCCC(3761)
    C=C=CCC(C)CCCCCCC(3762)
    C=C=CCCCCCCCCCC(3763)
    C=C[CH]CC[CH]CCCC(3764)
    [CH2]C(C=C)C[CH]CCCC(3765)
    [CH2]C(C[CH]C=C)CCCC(3766)
    [CH2]C(C=C)C([CH2])CCCC(3767)
    CCCCC1CC=CCC1(3768)
    C=CC(C)CC=CCCC(3769)
    C=CCCCC=CCCC(3770)
    C=C=CCC(C)CCCC(3771)
    C=C=CCCCCCCC(3772)
    C=C[CH]CC[CH]CCCCC(3773)
    [CH2]C(C=C)C[CH]CCCCC(3774)
    [CH2]C(C[CH]C=C)CCCCC(3775)
    [CH2]C(C=C)C([CH2])CCCCC(3776)
    CCCCCC1CC=CCC1(3777)
    C=CC(C)CC=CCCCC(3778)
    C=CCCCC=CCCCC(3779)
    C=C=CCC(C)CCCCC(3780)
    C=C=CCCCCCCCC(3781)
    [CH2][CH]CC[CH]C=C(3782)
    [CH2][CH]CC([CH2])C=C(3783)
    [CH2]C([CH2])C[CH]C=C(3784)
    [CH2]C([CH2])C([CH2])C=C(3785)
    [CH2]C1CC=CCC1(3786)
    C=C[CH]CCC=C(3787)
    [CH2]C(C)CC=C=C(3788)
    [CH2]CCCC=C=C(3789)
    C=C[CH]CC[CH]CC(3790)
    [CH2]C(C=C)C[CH]CC(3791)
    [CH2]C(CC)C[CH]C=C(3792)
    CCC1CC=CCC1(3793)
    C=CCCCC=CC(3794)
    C=C=CCC(C)CC(3795)
    C=C=CCCCCC(3796)
    C=C[CH]CC([O])O[O](3797)
    [CH2]C(C=C)C([O])O[O](3798)
    C=C[CH]CO[CH]O[O](3799)
    [CH2]C(C=C)O[CH]O[O](3800)
    C=CC1CC(O[O])O1(3801)
    C=CC1COC1O[O](3802)
    [O]OC1CC=CCO1(3803)
    [CH2]C(C=C)OOC=O(3804)
    C=C[CH]COOC=O(3805)
    C=C=CCOCO[O](3806)
    C=C=CCC(O)O[O](3807)
    C=C[CH]CC[CH]CCC=C(3808)
    [CH2]C(C=C)C[CH]CCC=C(3809)
    [CH2]C(C[CH]C=C)CCC=C(3810)
    [CH2]C(C=C)C([CH2])CCC=C(3811)
    C=CCCC1CC=CCC1(3812)
    C=CCC=CCC(C)C=C(3813)
    C=CCC=CCCCC=C(3814)
    C=C=CCC(C)CCC=C(3815)
    C=C=CCCCCCC=C(3816)
    C=CC(C=C)CO(3817)
    C=C[CH]CC[CH]O(3818)
    [CH2]C(C=C)C[CH]O(3819)
    [CH2]C(O)C[CH]C=C(3820)
    [CH2]C(O)C([CH2])C=C(3821)
    OC1CC=CCC1(3822)
    C=CC(C)CC=O(3823)
    C=C=CCCCO(3824)
    [CH2]C(=C)C[CH]C=C(3825)
    [CH2]C(=C)C([CH2])C=C(3826)
    C=[C]CC[CH]C=C(3827)
    [CH2]C(C=C)C[C]=C(3828)
    C=C1CC=CCC1(3829)
    C#CCC(C)C=C(3830)
    C#CCCCC=C(3831)
    C=C=CCCC=C(3832)
    C=C=CCC(=C)C(3833)
    C=C[CH]CC([O])C=C(3834)
    [CH2]C(C=C)C([O])C=C(3835)
    C=C[CH]CC[CH]C=O(3836)
    [CH2]C(C=C)C[CH]C=O(3837)
    [CH2]C(C=O)C[CH]C=C(3838)
    [CH2]C(C=C)C([CH2])C=O(3839)
    C=C[CH]CO[CH]C=C(3840)
    [CH2]C(C=C)O[CH]C=C(3841)
    C=CC1CC(C=C)O1(3842)
    C=CC1COC1C=C(3843)
    C=CC1CC=CCO1(3844)
    O=CC1CC=CCC1(3845)
    C=C=COC(C)C=C(3846)
    C=C=COCCC=C(3847)
    C=CC(C)CC=C=O(3848)
    C=CCCCC=C=O(3849)
    C=C=CCOCC=C(3850)
    C=C=CCC(C)C=O(3851)
    C=C=CCCCC=O(3852)
    C=C=CCC(O)C=C(3853)
    C=C[CH]CC([O])=CC(3854)
    [CH2]C(C=C)C([O])=CC(3855)
    C=C[CH]CO[C]=CC(3856)
    [CH2]C(C=C)O[C]=CC(3857)
    C=C[CH]CC(C)[C]=O(3858)
    [CH2]C(C=C)C(C)[C]=O(3859)
    C=CC1CC(C)C1=O(3860)
    C=CC1CC(=O)C1C(3861)
    CC=C1CC=CCO1(3862)
    CC1CC=CCC1=O(3863)
    C=CC(=O)C(C)C=C(3864)
    C=CCCC(=O)C=C(3865)
    C=CC(C)OC#CC(3866)
    C=CCCOC#CC(3867)
    C=C=CCOC=CC(3868)
    C=C=CCC(O)=CC(3869)
    C=C=CCC(=O)CC(3870)
    C=C[CH]CC[CH]C=C(3871)
    [CH2]C(C=C)C[CH]C=C(3872)
    [CH2]C(C=C)C([CH2])C=C(3873)
    C=CC1CC=CCC1(3874)
    C=C=CCC(C)C=C(3875)
    C=C=CCCCC=C(3876)
Added 19 new core reactions
    C2H3(29) + C2H3(29) <=> C=CC=C(3303)
    O(4) + C=C[CH]C(1344) <=> OH(5) + C=CC=C(3303)
    H(3) + C=C[CH]C(1344) <=> H2(6) + C=CC=C(3303)
    OH(5) + C=C[CH]C(1344) <=> H2O(7) + C=CC=C(3303)
    CH2(T)(17) + C=C[CH]C(1344) <=> CH3(18) + C=CC=C(3303)
    HCO(14) + C=C[CH]C(1344) <=> CH2O(19) + C=CC=C(3303)
    C2H(21) + C=C[CH]C(1344) <=> C2H2(22) + C=CC=C(3303)
    CH2OH(34) + C=C[CH]C(1344) <=> CH3OH(26) + C=CC=C(3303)
    CH3O(27) + C=C[CH]C(1344) <=> CH3OH(26) + C=CC=C(3303)
    HCCO(20) + C=C[CH]C(1344) <=> CH2CO(28) + C=CC=C(3303)
    C2H3(29) + C=C[CH]C(1344) <=> C2H4(30) + C=CC=C(3303)
    C2H5(33) + C=C[CH]C(1344) <=> C2H6(32) + C=CC=C(3303)
    CH2CHO(36) + C=C[CH]C(1344) <=> CH3CHO(37) + C=CC=C(3303)
    CH3CO(35) + C=C[CH]C(1344) <=> CH3CHO(37) + C=CC=C(3303)
    C=C[CH]C(1344) + CCCC[CH]CCCCCCC(43) <=> C=CC=C(3303) + C12H24(1)
    C=C[CH]C(1344) + CCCCC[CH]CCCCCC(45) <=> C=CC=C(3303) + C12H24(1)
    C=C[CH]C(1344) + C[CH]CCCCCCCCCC(52) <=> C=CC=C(3303) + C12H24(1)
    C=C[CH]C(1344) + [CH2]CCCCCCCCCCC(53) <=> C=CC=C(3303) + C12H24(1)
    CH2CHO(36) + C=C[CH]C(1344) <=> C2H3OH(72) + C=CC=C(3303)
Created 473 new edge reactions
    C=CC=C(3303) <=> C1=CCC1(3661)
    [CH2]C[C]=C(3662) <=> C=CC=C(3303)
    [CH]=CC[CH2](408) <=> C=CC=C(3303)
    [CH]C=CC(3295) <=> C=CC=C(3303)
    H(3) + C=[C]C=C(3663) <=> C=CC=C(3303)
    H(3) + [CH]=CC=C(3664) <=> C=CC=C(3303)
    C=C[C]C(3665) <=> C=CC=C(3303)
    [CH]CC=C(3666) <=> C=CC=C(3303)
    H2(6) + C=[C]C=C(3663) <=> H(3) + C=CC=C(3303)
    H(3) + C=CC=C(3303) <=> H2(6) + [CH]=CC=C(3664)
    H(3) + C=CC=C(3303) <=> [CH2]CC=C(538)
    O(4) + [CH2]CC=C(538) <=> OH(5) + C=CC=C(3303)
    OH(5) + C=CC=C(3303) <=> H2O(7) + C=[C]C=C(3663)
    OH(5) + C=CC=C(3303) <=> H2O(7) + [CH]=CC=C(3664)
    OH(5) + C=CC=C(3303) <=> [CH2]C(O)C=C(3667)
    OH(5) + C=CC=C(3303) <=> C=C[CH]CO(3668)
    H(3) + [CH2]CC=C(538) <=> H2(6) + C=CC=C(3303)
    H2O(7) + C=CC=C(3303) <=> C=CCCO(680)
    H2O(7) + C=CC=C(3303) <=> C=CC(C)O(3669)
    OH(5) + [CH2]CC=C(538) <=> H2O(7) + C=CC=C(3303)
    O2(2) + [CH2]CC=C(538) <=> HO2(10) + C=CC=C(3303)
    C=CCCO[O](3670) <=> HO2(10) + C=CC=C(3303)
    H2O2(11) + C=[C]C=C(3663) <=> HO2(10) + C=CC=C(3303)
    H2O2(11) + [CH]=CC=C(3664) <=> HO2(10) + C=CC=C(3303)
    HO2(10) + C=CC=C(3303) <=> [CH2]C(C=C)OO(3655)
    HO2(10) + C=CC=C(3303) <=> C=C[CH]COO(3671)
    HO2(10) + [CH2]CC=C(538) <=> H2O2(11) + C=CC=C(3303)
    CO(12) + C=CC=C(3303) <=> C=CC(=C)C=O(3672)
    CO(12) + C=CC=C(3303) <=> C=CC=CC=O(3673)
    HCO(14) + C=[C]C=C(3663) <=> CO(12) + C=CC=C(3303)
    HCO(14) + [CH]=CC=C(3664) <=> CO(12) + C=CC=C(3303)
    [C-]=[O+]CC=C=C(3674) <=> CO(12) + C=CC=C(3303)
    C=C=CC[C-]=[OH+](3675) <=> CO(12) + C=CC=C(3303)
    CO2(13) + C=CC=C(3303) <=> C=CC(=C)OC=O(3676)
    CO2(13) + C=CC=C(3303) <=> C=CC=COC=O(3677)
    CO2(13) + C=CC=C(3303) <=> C=CC(=C)C(=O)O(3678)
    CO2(13) + C=CC=C(3303) <=> C=CC=CC(=O)O(3679)
    C=C[CH]CC([O])=O(3680) <=> CO2(13) + C=CC=C(3303)
    [CH2]C(C=C)C([O])=O(3681) <=> CO2(13) + C=CC=C(3303)
    C=C[CH]CO[C]=O(3682) <=> CO2(13) + C=CC=C(3303)
    [CH2]C(C=C)O[C]=O(3683) <=> CO2(13) + C=CC=C(3303)
    CO2(13) + C=CC=C(3303) <=> O=C1CC=CCO1(3684)
    HOCO(102) + C=[C]C=C(3663) <=> CO2(13) + C=CC=C(3303)
    HOCO(102) + [CH]=CC=C(3664) <=> CO2(13) + C=CC=C(3303)
    [O]C=O(103) + C=[C]C=C(3663) <=> CO2(13) + C=CC=C(3303)
    [O]C=O(103) + [CH]=CC=C(3664) <=> CO2(13) + C=CC=C(3303)
    C=C=CCOC=O(3685) <=> CO2(13) + C=CC=C(3303)
    C=C=CCC(=O)O(3686) <=> CO2(13) + C=CC=C(3303)
    CH2(T)(17) + [CH2]CC=C(538) <=> CH3(18) + C=CC=C(3303)
    CH4(31) + C=[C]C=C(3663) <=> CH3(18) + C=CC=C(3303)
    CH3(18) + C=CC=C(3303) <=> CH4(31) + [CH]=CC=C(3664)
    CH3(18) + C=CC=C(3303) <=> [CH2]C(C)C=C(736)
    CH3(18) + C=CC=C(3303) <=> C=C[CH]CC(3687)
    C=C[CH]CC[O](3688) <=> CH2O(19) + C=CC=C(3303)
    [CH2]C(C=C)C[O](3689) <=> CH2O(19) + C=CC=C(3303)
    [CH2]OC[CH]C=C(3690) <=> CH2O(19) + C=CC=C(3303)
    [CH2]OC([CH2])C=C(3691) <=> CH2O(19) + C=CC=C(3303)
    CH2O(19) + C=CC=C(3303) <=> C=CC1CCO1(2764)
    CH2O(19) + C=CC=C(3303) <=> C=CC1COC1(3692)
    CH2O(19) + C=CC=C(3303) <=> C1=CCOCC1(3693)
    HCO(14) + [CH2]CC=C(538) <=> CH2O(19) + C=CC=C(3303)
    CH2OH(34) + C=[C]C=C(3663) <=> CH2O(19) + C=CC=C(3303)
    CH2OH(34) + [CH]=CC=C(3664) <=> CH2O(19) + C=CC=C(3303)
    CH3O(27) + C=[C]C=C(3663) <=> CH2O(19) + C=CC=C(3303)
    CH3O(27) + [CH]=CC=C(3664) <=> CH2O(19) + C=CC=C(3303)
    C=C=CCOC(3694) <=> CH2O(19) + C=CC=C(3303)
    C=C=CCCO(3695) <=> CH2O(19) + C=CC=C(3303)
    [CH]=CC[CH]C=C(3696) <=> C2H2(22) + C=CC=C(3303)
    [CH]=CC([CH2])C=C(3697) <=> C2H2(22) + C=CC=C(3303)
    C2H2(22) + C=CC=C(3303) <=> C1=CCC=CC1(3698)
    C2H(21) + [CH2]CC=C(538) <=> C2H2(22) + C=CC=C(3303)
    C2H3(29) + C=[C]C=C(3663) <=> C2H2(22) + C=CC=C(3303)
    C2H3(29) + [CH]=CC=C(3664) <=> C2H2(22) + C=CC=C(3303)
    C=C=CCC=C(3699) <=> C2H2(22) + C=CC=C(3303)
    CH3OH(26) + C=CC=C(3303) <=> C=CCCOC(3700)
    CH3OH(26) + C=CC=C(3303) <=> C=CC(C)OC(3701)
    CH3OH(26) + C=CC=C(3303) <=> C=CC(C)CO(1800)
    CH3OH(26) + C=CC=C(3303) <=> C=CC(O)CC(3702)
    CH2OH(34) + [CH2]CC=C(538) <=> CH3OH(26) + C=CC=C(3303)
    CH3O(27) + [CH2]CC=C(538) <=> CH3OH(26) + C=CC=C(3303)
    C=C[CH]CC(=C)[O](3703) <=> CH2CO(28) + C=CC=C(3303)
    [CH2]C(C=C)C(=C)[O](3704) <=> CH2CO(28) + C=CC=C(3303)
    C=[C]OC[CH]C=C(3705) <=> CH2CO(28) + C=CC=C(3303)
    [CH2]C(C=C)O[C]=C(3706) <=> CH2CO(28) + C=CC=C(3303)
    C=C[CH]CC[C]=O(3707) <=> CH2CO(28) + C=CC=C(3303)
    [CH2]C(C=C)C[C]=O(3708) <=> CH2CO(28) + C=CC=C(3303)
    CH2CO(28) + C=CC=C(3303) <=> C=CC1CCC1=O(3709)
    CH2CO(28) + C=CC=C(3303) <=> C=CC1CC(=O)C1(3710)
    CH2CO(28) + C=CC=C(3303) <=> C=C1CC=CCO1(3711)
    CH2CO(28) + C=CC=C(3303) <=> O=C1CC=CCC1(3712)
    HCCO(20) + [CH2]CC=C(538) <=> CH2CO(28) + C=CC=C(3303)
    C=[C]O(69) + C=[C]C=C(3663) <=> CH2CO(28) + C=CC=C(3303)
    C=[C]O(69) + [CH]=CC=C(3664) <=> CH2CO(28) + C=CC=C(3303)
    CH3CO(35) + C=[C]C=C(3663) <=> CH2CO(28) + C=CC=C(3303)
    CH3CO(35) + [CH]=CC=C(3664) <=> CH2CO(28) + C=CC=C(3303)
    CH2CHO(36) + C=[C]C=C(3663) <=> CH2CO(28) + C=CC=C(3303)
    CH2CHO(36) + [CH]=CC=C(3664) <=> CH2CO(28) + C=CC=C(3303)
    C#COC(C)C=C(3713) <=> CH2CO(28) + C=CC=C(3303)
    C#COCCC=C(3714) <=> CH2CO(28) + C=CC=C(3303)
    C=C=CCOC=C(3715) <=> CH2CO(28) + C=CC=C(3303)
    C=C=CCCC=O(3716) <=> CH2CO(28) + C=CC=C(3303)
    C=C=CCC(=C)O(3717) <=> CH2CO(28) + C=CC=C(3303)
    C=C=CCC(C)=O(3718) <=> CH2CO(28) + C=CC=C(3303)
    [CH2]CC[CH]C=C(1619) <=> C2H4(30) + C=CC=C(3303)
    [CH2]CC([CH2])C=C(3719) <=> C2H4(30) + C=CC=C(3303)
    C2H4(30) + C=CC=C(3303) <=> C1=CCCCC1(3720)
    C2H3(29) + [CH2]CC=C(538) <=> C2H4(30) + C=CC=C(3303)
    C2H5(33) + C=[C]C=C(3663) <=> C2H4(30) + C=CC=C(3303)
    C2H5(33) + [CH]=CC=C(3664) <=> C2H4(30) + C=CC=C(3303)
    C=C=CCCC(3721) <=> C2H4(30) + C=CC=C(3303)
    CH3(18) + [CH2]CC=C(538) <=> CH4(31) + C=CC=C(3303)
    C2H5(33) + [CH2]CC=C(538) <=> C2H6(32) + C=CC=C(3303)
    [CH]C(65) + [CH2]CC=C(538) <=> C2H5(33) + C=CC=C(3303)
    [CH]C(65) + C=C[CH]C(1344) <=> C2H5(33) + C=CC=C(3303)
    [CH2][CH2](66) + [CH2]CC=C(538) <=> C2H5(33) + C=CC=C(3303)
    [CH2][CH2](66) + C=C[CH]C(1344) <=> C2H5(33) + C=CC=C(3303)
    C2H6(32) + C=[C]C=C(3663) <=> C2H5(33) + C=CC=C(3303)
    C2H5(33) + C=CC=C(3303) <=> C2H6(32) + [CH]=CC=C(3664)
    C2H5(33) + C=CC=C(3303) <=> [CH2]C(C=C)CC(1407)
    C2H5(33) + C=CC=C(3303) <=> C=C[CH]CCC(998)
    [CH2]C([O])C[CH]C=C(3722) <=> CH2CHO(36) + C=CC=C(3303)
    [CH2]C([O])C([CH2])C=C(3723) <=> CH2CHO(36) + C=CC=C(3303)
    [CH2][CH]OC[CH]C=C(3724) <=> CH2CHO(36) + C=CC=C(3303)
    [CH2][CH]OC([CH2])C=C(3725) <=> CH2CHO(36) + C=CC=C(3303)
    CH2CHO(36) + C=CC=C(3303) <=> [CH2]C1CC(C=C)O1(2908)
    CH2CHO(36) + C=CC=C(3303) <=> [CH2]C1OCC1C=C(3726)
    CH2CHO(36) + C=CC=C(3303) <=> [CH2]C1CC=CCO1(3727)
    [CH]=C[O](60) + [CH2]CC=C(538) <=> CH2CHO(36) + C=CC=C(3303)
    [CH]=C[O](60) + C=C[CH]C(1344) <=> CH2CHO(36) + C=CC=C(3303)
    [CH2][C]=O(68) + [CH2]CC=C(538) <=> CH2CHO(36) + C=CC=C(3303)
    [CH2][C]=O(68) + C=C[CH]C(1344) <=> CH2CHO(36) + C=CC=C(3303)
    [CH2][CH]O(126) + C=[C]C=C(3663) <=> CH2CHO(36) + C=CC=C(3303)
    [CH2][CH]O(126) + [CH]=CC=C(3664) <=> CH2CHO(36) + C=CC=C(3303)
    [CH2]C[O](71) + C=[C]C=C(3663) <=> CH2CHO(36) + C=CC=C(3303)
    [CH2]C[O](71) + [CH]=CC=C(3664) <=> CH2CHO(36) + C=CC=C(3303)
    CH3CHO(37) + C=[C]C=C(3663) <=> CH2CHO(36) + C=CC=C(3303)
    CH3CHO(37) + [CH]=CC=C(3664) <=> CH2CHO(36) + C=CC=C(3303)
    CH2CHO(36) + C=CC=C(3303) <=> [CH2]C(C=C)CC=O(3380)
    CH2CHO(36) + C=CC=C(3303) <=> C=C[CH]CCC=O(3728)
    [CH2]COCC=C=C(3729) <=> CH2CHO(36) + C=CC=C(3303)
    [CH2]C(O)CC=C=C(3730) <=> CH2CHO(36) + C=CC=C(3303)
    C=C[CH]CC[CH][O](3731) <=> CH2CHO(36) + C=CC=C(3303)
    [CH2]C(C=C)C[CH][O](3732) <=> CH2CHO(36) + C=CC=C(3303)
    CH2CHO(36) + C=CC=C(3303) <=> [O]C1CC=CCC1(3733)
    C[CH][O](127) + C=[C]C=C(3663) <=> CH2CHO(36) + C=CC=C(3303)
    C[CH][O](127) + [CH]=CC=C(3664) <=> CH2CHO(36) + C=CC=C(3303)
    C2H3OH(72) + C=[C]C=C(3663) <=> CH2CHO(36) + C=CC=C(3303)
    C2H3OH(72) + [CH]=CC=C(3664) <=> CH2CHO(36) + C=CC=C(3303)
    CH2CHO(36) + C=CC=C(3303) <=> [CH2]C(C=C)OC=C(3379)
    CH2CHO(36) + C=CC=C(3303) <=> C=C[CH]COC=C(3734)
    C=C=CCCC[O](3735) <=> CH2CHO(36) + C=CC=C(3303)
    C=C=CCC(C)[O](3736) <=> CH2CHO(36) + C=CC=C(3303)
    C=C[CH]CC(C)[O](3737) <=> CH3CHO(37) + C=CC=C(3303)
    [CH2]C(C=C)C(C)[O](3738) <=> CH3CHO(37) + C=CC=C(3303)
    C=C[CH]CO[CH]C(3739) <=> CH3CHO(37) + C=CC=C(3303)
    [CH2]C(C=C)O[CH]C(3740) <=> CH3CHO(37) + C=CC=C(3303)
    CH3CHO(37) + C=CC=C(3303) <=> C=CC1CC(C)O1(2836)
    CH3CHO(37) + C=CC=C(3303) <=> C=CC1COC1C(3741)
    CH3CHO(37) + C=CC=C(3303) <=> CC1CC=CCO1(3742)
    CH2CHO(36) + [CH2]CC=C(538) <=> CH3CHO(37) + C=CC=C(3303)
    CH3CO(35) + [CH2]CC=C(538) <=> CH3CHO(37) + C=CC=C(3303)
    CH3CHOH(133) + C=[C]C=C(3663) <=> CH3CHO(37) + C=CC=C(3303)
    CH3CHOH(133) + [CH]=CC=C(3664) <=> CH3CHO(37) + C=CC=C(3303)
    CH3CH2O(134) + C=[C]C=C(3663) <=> CH3CHO(37) + C=CC=C(3303)
    CH3CH2O(134) + [CH]=CC=C(3664) <=> CH3CHO(37) + C=CC=C(3303)
    C=COC(C)C=C(3743) <=> CH3CHO(37) + C=CC=C(3303)
    C=CCCOC=C(3744) <=> CH3CHO(37) + C=CC=C(3303)
    C=C=CCOCC(3745) <=> CH3CHO(37) + C=CC=C(3303)
    C=C=CCC(C)O(3746) <=> CH3CHO(37) + C=CC=C(3303)
    [CH2]CC=C(538) + CCCC[CH]CCCCCCC(43) <=> C=CC=C(3303) + C12H24(1)
    [CH2]CC=C(538) + CCCCC[CH]CCCCCC(45) <=> C=CC=C(3303) + C12H24(1)
    [CH2]CC=C(538) + CCC[CH]CCCCCCCC(48) <=> C=CC=C(3303) + C12H24(1)
    C=C[CH]C(1344) + CCC[CH]CCCCCCCC(48) <=> C=CC=C(3303) + C12H24(1)
    [CH2]CC=C(538) + CC[CH]CCCCCCCCC(50) <=> C=CC=C(3303) + C12H24(1)
    C=C[CH]C(1344) + CC[CH]CCCCCCCCC(50) <=> C=CC=C(3303) + C12H24(1)
    [CH2]CC=C(538) + C[CH]CCCCCCCCCC(52) <=> C=CC=C(3303) + C12H24(1)
    [CH2]CC=C(538) + [CH2]CCCCCCCCCCC(53) <=> C=CC=C(3303) + C12H24(1)
    HO2(10) + C=[C]C=C(3663) <=> O2(2) + C=CC=C(3303)
    O2(2) + C=CC=C(3303) <=> HO2(10) + [CH]=CC=C(3664)
    O2(2) + C=CC=C(3303) <=> [CH2]C(C=C)O[O](3651)
    O2(2) + C=CC=C(3303) <=> C=C[CH]CO[O](3747)
    C=C[CH]CC[CH]C(3748) <=> C=CC(158) + C=CC=C(3303)
    [CH2]C(C=C)C[CH]C(3749) <=> C=CC(158) + C=CC=C(3303)
    [CH2]C(C)C[CH]C=C(3750) <=> C=CC(158) + C=CC=C(3303)
    [CH2]C(C)C([CH2])C=C(3488) <=> C=CC(158) + C=CC=C(3303)
    C=CC(158) + C=CC=C(3303) <=> CC1CC=CCC1(3751)
    [CH2]C=C(643) + [CH2]CC=C(538) <=> C=CC(158) + C=CC=C(3303)
    C=[C]C(644) + [CH2]CC=C(538) <=> C=CC(158) + C=CC=C(3303)
    C=[C]C(644) + C=C[CH]C(1344) <=> C=CC(158) + C=CC=C(3303)
    [CH]=CC(374) + [CH2]CC=C(538) <=> C=CC(158) + C=CC=C(3303)
    [CH]=CC(374) + C=C[CH]C(1344) <=> C=CC(158) + C=CC=C(3303)
    [CH2]CC(47) + C=[C]C=C(3663) <=> C=CC(158) + C=CC=C(3303)
    [CH2]CC(47) + [CH]=CC=C(3664) <=> C=CC(158) + C=CC=C(3303)
    C[CH]C(160) + C=[C]C=C(3663) <=> C=CC(158) + C=CC=C(3303)
    C[CH]C(160) + [CH]=CC=C(3664) <=> C=CC(158) + C=CC=C(3303)
    C=CCC(C)C=C(3493) <=> C=CC(158) + C=CC=C(3303)
    C=CCCCC=C(3752) <=> C=CC(158) + C=CC=C(3303)
    C=C=CCC(C)C(3753) <=> C=CC(158) + C=CC=C(3303)
    C=C=CCCCC(3754) <=> C=CC(158) + C=CC=C(3303)
    C=C[CH]CC[CH]CCCCCCC(3755) <=> C=CC=C(3303) + C=CCCCCCCC(138)
    [CH2]C(C=C)C[CH]CCCCCCC(3756) <=> C=CC=C(3303) + C=CCCCCCCC(138)
    [CH2]C(C[CH]C=C)CCCCCCC(3757) <=> C=CC=C(3303) + C=CCCCCCCC(138)
    [CH2]C(C=C)C([CH2])CCCCCCC(3758) <=> C=CC=C(3303) + C=CCCCCCCC(138)
    C=CC=C(3303) + C=CCCCCCCC(138) <=> CCCCCCCC1CC=CCC1(3759)
    [CH2]CC=C(538) + C=CC[CH]CCCCC(872) <=> C=CC=C(3303) + C=CCCCCCCC(138)
    C=C[CH]C(1344) + C=CC[CH]CCCCC(872) <=> C=CC=C(3303) + C=CCCCCCCC(138)
    [CH2]CC=C(538) + C=CCC[CH]CCCC(867) <=> C=CC=C(3303) + C=CCCCCCCC(138)
    C=C[CH]C(1344) + C=CCC[CH]CCCC(867) <=> C=CC=C(3303) + C=CCCCCCCC(138)
    [CH2]CC=C(538) + C=CCCC[CH]CCC(869) <=> C=CC=C(3303) + C=CCCCCCCC(138)
    C=C[CH]C(1344) + C=CCCC[CH]CCC(869) <=> C=CC=C(3303) + C=CCCCCCCC(138)
    [CH2]CC=C(538) + C=CCCCC[CH]CC(871) <=> C=CC=C(3303) + C=CCCCCCCC(138)
    C=C[CH]C(1344) + C=CCCCC[CH]CC(871) <=> C=CC=C(3303) + C=CCCCCCCC(138)
    [CH2]CC=C(538) + C=CCCCCC[CH]C(874) <=> C=CC=C(3303) + C=CCCCCCCC(138)
    C=C[CH]C(1344) + C=CCCCCC[CH]C(874) <=> C=CC=C(3303) + C=CCCCCCCC(138)
    [CH2]CC=C(538) + C=C[CH]CCCCCC(875) <=> C=CC=C(3303) + C=CCCCCCCC(138)
    C=C[CH]C(1344) + C=C[CH]CCCCCC(875) <=> C=CC=C(3303) + C=CCCCCCCC(138)
    [CH2]CC=C(538) + [CH2]CCCCCCC=C(876) <=> C=CC=C(3303) + C=CCCCCCCC(138)
    C=C[CH]C(1344) + [CH2]CCCCCCC=C(876) <=> C=CC=C(3303) + C=CCCCCCCC(138)
    [CH2]CC=C(538) + C=[C]CCCCCCC(877) <=> C=CC=C(3303) + C=CCCCCCCC(138)
    C=C[CH]C(1344) + C=[C]CCCCCCC(877) <=> C=CC=C(3303) + C=CCCCCCCC(138)
    [CH2]CC=C(538) + [CH]=CCCCCCCC(585) <=> C=CC=C(3303) + C=CCCCCCCC(138)
    C=C[CH]C(1344) + [CH]=CCCCCCCC(585) <=> C=CC=C(3303) + C=CCCCCCCC(138)
    C=[C]C=C(3663) + [CH2]CCCCCCCC(46) <=> C=CC=C(3303) + C=CCCCCCCC(138)
    [CH]=CC=C(3664) + [CH2]CCCCCCCC(46) <=> C=CC=C(3303) + C=CCCCCCCC(138)
    C=[C]C=C(3663) + C[CH]CCCCCCC(153) <=> C=CC=C(3303) + C=CCCCCCCC(138)
    [CH]=CC=C(3664) + C[CH]CCCCCCC(153) <=> C=CC=C(3303) + C=CCCCCCCC(138)
    C=CC(C)CC=CCCCCCC(3760) <=> C=CC=C(3303) + C=CCCCCCCC(138)
    C=CCCCC=CCCCCCC(3761) <=> C=CC=C(3303) + C=CCCCCCCC(138)
    C=C=CCC(C)CCCCCCC(3762) <=> C=CC=C(3303) + C=CCCCCCCC(138)
    C=C=CCCCCCCCCCC(3763) <=> C=CC=C(3303) + C=CCCCCCCC(138)
    C=C[CH]CC[CH]CCCC(3764) <=> C=CC=C(3303) + C=CCCCC(514)
    [CH2]C(C=C)C[CH]CCCC(3765) <=> C=CC=C(3303) + C=CCCCC(514)
    [CH2]C(C[CH]C=C)CCCC(3766) <=> C=CC=C(3303) + C=CCCCC(514)
    [CH2]C(C=C)C([CH2])CCCC(3767) <=> C=CC=C(3303) + C=CCCCC(514)
    C=CC=C(3303) + C=CCCCC(514) <=> CCCCC1CC=CCC1(3768)
    [CH2]CC=C(538) + C=CC[CH]CC(996) <=> C=CC=C(3303) + C=CCCCC(514)
    C=C[CH]C(1344) + C=CC[CH]CC(996) <=> C=CC=C(3303) + C=CCCCC(514)
    [CH2]CC=C(538) + C=CCC[CH]C(997) <=> C=CC=C(3303) + C=CCCCC(514)
    C=C[CH]C(1344) + C=CCC[CH]C(997) <=> C=CC=C(3303) + C=CCCCC(514)
    [CH2]CC=C(538) + C=C[CH]CCC(998) <=> C=CC=C(3303) + C=CCCCC(514)
    C=C[CH]C(1344) + C=C[CH]CCC(998) <=> C=CC=C(3303) + C=CCCCC(514)
    [CH2]CC=C(538) + [CH2]CCCC=C(868) <=> C=CC=C(3303) + C=CCCCC(514)
    C=C[CH]C(1344) + [CH2]CCCC=C(868) <=> C=CC=C(3303) + C=CCCCC(514)
    [CH2]CC=C(538) + C=[C]CCCC(999) <=> C=CC=C(3303) + C=CCCCC(514)
    C=C[CH]C(1344) + C=[C]CCCC(999) <=> C=CC=C(3303) + C=CCCCC(514)
    [CH2]CC=C(538) + [CH]=CCCCC(500) <=> C=CC=C(3303) + C=CCCCC(514)
    C=C[CH]C(1344) + [CH]=CCCCC(500) <=> C=CC=C(3303) + C=CCCCC(514)
    C=[C]C=C(3663) + [CH2]CCCCC(44) <=> C=CC=C(3303) + C=CCCCC(514)
    [CH]=CC=C(3664) + [CH2]CCCCC(44) <=> C=CC=C(3303) + C=CCCCC(514)
    C=[C]C=C(3663) + C[CH]CCCC(519) <=> C=CC=C(3303) + C=CCCCC(514)
    [CH]=CC=C(3664) + C[CH]CCCC(519) <=> C=CC=C(3303) + C=CCCCC(514)
    C=CC(C)CC=CCCC(3769) <=> C=CC=C(3303) + C=CCCCC(514)
    C=CCCCC=CCCC(3770) <=> C=CC=C(3303) + C=CCCCC(514)
    C=C=CCC(C)CCCC(3771) <=> C=CC=C(3303) + C=CCCCC(514)
    C=C=CCCCCCCC(3772) <=> C=CC=C(3303) + C=CCCCC(514)
    C=C[CH]CC[CH]CCCCC(3773) <=> C=CC=C(3303) + C=CCCCCC(546)
    [CH2]C(C=C)C[CH]CCCCC(3774) <=> C=CC=C(3303) + C=CCCCCC(546)
    [CH2]C(C[CH]C=C)CCCCC(3775) <=> C=CC=C(3303) + C=CCCCCC(546)
    [CH2]C(C=C)C([CH2])CCCCC(3776) <=> C=CC=C(3303) + C=CCCCCC(546)
    C=CC=C(3303) + C=CCCCCC(546) <=> CCCCCC1CC=CCC1(3777)
    [CH2]CC=C(538) + C=CC[CH]CCC(1117) <=> C=CC=C(3303) + C=CCCCCC(546)
    C=C[CH]C(1344) + C=CC[CH]CCC(1117) <=> C=CC=C(3303) + C=CCCCCC(546)
    [CH2]CC=C(538) + C=CCC[CH]CC(1116) <=> C=CC=C(3303) + C=CCCCCC(546)
    C=C[CH]C(1344) + C=CCC[CH]CC(1116) <=> C=CC=C(3303) + C=CCCCCC(546)
    [CH2]CC=C(538) + C=CCCC[CH]C(1118) <=> C=CC=C(3303) + C=CCCCCC(546)
    C=C[CH]C(1344) + C=CCCC[CH]C(1118) <=> C=CC=C(3303) + C=CCCCCC(546)
    [CH2]CC=C(538) + C=C[CH]CCCC(1119) <=> C=CC=C(3303) + C=CCCCCC(546)
    C=C[CH]C(1344) + C=C[CH]CCCC(1119) <=> C=CC=C(3303) + C=CCCCCC(546)
    [CH2]CC=C(538) + [CH2]CCCCC=C(870) <=> C=CC=C(3303) + C=CCCCCC(546)
    C=C[CH]C(1344) + [CH2]CCCCC=C(870) <=> C=CC=C(3303) + C=CCCCCC(546)
    [CH2]CC=C(538) + C=[C]CCCCC(1120) <=> C=CC=C(3303) + C=CCCCCC(546)
    C=C[CH]C(1344) + C=[C]CCCCC(1120) <=> C=CC=C(3303) + C=CCCCCC(546)
    [CH2]CC=C(538) + [CH]=CCCCCC(1121) <=> C=CC=C(3303) + C=CCCCCC(546)
    C=C[CH]C(1344) + [CH]=CCCCCC(1121) <=> C=CC=C(3303) + C=CCCCCC(546)
    C=[C]C=C(3663) + [CH2]CCCCCC(40) <=> C=CC=C(3303) + C=CCCCCC(546)
    [CH]=CC=C(3664) + [CH2]CCCCCC(40) <=> C=CC=C(3303) + C=CCCCCC(546)
    C=[C]C=C(3663) + C[CH]CCCCC(552) <=> C=CC=C(3303) + C=CCCCCC(546)
    [CH]=CC=C(3664) + C[CH]CCCCC(552) <=> C=CC=C(3303) + C=CCCCCC(546)
    C=CC(C)CC=CCCCC(3778) <=> C=CC=C(3303) + C=CCCCCC(546)
    C=CCCCC=CCCCC(3779) <=> C=CC=C(3303) + C=CCCCCC(546)
    C=C=CCC(C)CCCCC(3780) <=> C=CC=C(3303) + C=CCCCCC(546)
    C=C=CCCCCCCCC(3781) <=> C=CC=C(3303) + C=CCCCCC(546)
    [CH2][CH]CC[CH]C=C(3782) <=> [CH2]C=C(643) + C=CC=C(3303)
    [CH2][CH]CC([CH2])C=C(3783) <=> [CH2]C=C(643) + C=CC=C(3303)
    [CH2]C([CH2])C[CH]C=C(3784) <=> [CH2]C=C(643) + C=CC=C(3303)
    [CH2]C([CH2])C([CH2])C=C(3785) <=> [CH2]C=C(643) + C=CC=C(3303)
    [CH2]C=C(643) + C=CC=C(3303) <=> [CH2]C1CC=CCC1(3786)
    [CH]C=C(2266) + [CH2]CC=C(538) <=> [CH2]C=C(643) + C=CC=C(3303)
    [CH]C=C(2266) + C=C[CH]C(1344) <=> [CH2]C=C(643) + C=CC=C(3303)
    [CH2][C]=C(1237) + [CH2]CC=C(538) <=> [CH2]C=C(643) + C=CC=C(3303)
    [CH2][C]=C(1237) + C=C[CH]C(1344) <=> [CH2]C=C(643) + C=CC=C(3303)
    [CH]C=C(2266) + [CH2]CC=C(538) <=> [CH2]C=C(643) + C=CC=C(3303)
    [CH]C=C(2266) + C=C[CH]C(1344) <=> [CH2]C=C(643) + C=CC=C(3303)
    [CH2]C[CH2](146) + C=[C]C=C(3663) <=> [CH2]C=C(643) + C=CC=C(3303)
    [CH2]C[CH2](146) + [CH]=CC=C(3664) <=> [CH2]C=C(643) + C=CC=C(3303)
    [CH2][CH]C(159) + C=[C]C=C(3663) <=> [CH2]C=C(643) + C=CC=C(3303)
    [CH2][CH]C(159) + [CH]=CC=C(3664) <=> [CH2]C=C(643) + C=CC=C(3303)
    C=CC(158) + C=[C]C=C(3663) <=> [CH2]C=C(643) + C=CC=C(3303)
    [CH2]C=C(643) + C=CC=C(3303) <=> C=CC(158) + [CH]=CC=C(3664)
    [CH2]C=C(643) + C=CC=C(3303) <=> [CH2]C(C=C)CC=C(3560)
    [CH2]C=C(643) + C=CC=C(3303) <=> C=C[CH]CCC=C(3787)
    [CH2]C(C)CC=C=C(3788) <=> [CH2]C=C(643) + C=CC=C(3303)
    [CH2]CCCC=C=C(3789) <=> [CH2]C=C(643) + C=CC=C(3303)
    C=C[CH]CC[CH]CC(3790) <=> C=CC=C(3303) + C=CCC(466)
    [CH2]C(C=C)C[CH]CC(3791) <=> C=CC=C(3303) + C=CCC(466)
    [CH2]C(CC)C[CH]C=C(3792) <=> C=CC=C(3303) + C=CCC(466)
    [CH2]C(C=C)C([CH2])CC(3637) <=> C=CC=C(3303) + C=CCC(466)
    C=CC=C(3303) + C=CCC(466) <=> CCC1CC=CCC1(3793)
    C=C[CH]C(1344) + [CH2]CC=C(538) <=> C=CC=C(3303) + C=CCC(466)
    [CH2]CC=C(538) + [CH2]CC=C(538) <=> C=CC=C(3303) + C=CCC(466)
    C=C[CH]C(1344) + [CH2]CC=C(538) <=> C=CC=C(3303) + C=CCC(466)
    C=[C]CC(1345) + [CH2]CC=C(538) <=> C=CC=C(3303) + C=CCC(466)
    C=C[CH]C(1344) + C=[C]CC(1345) <=> C=CC=C(3303) + C=CCC(466)
    [CH2]CC=C(538) + [CH]=CCC(1346) <=> C=CC=C(3303) + C=CCC(466)
    C=C[CH]C(1344) + [CH]=CCC(1346) <=> C=CC=C(3303) + C=CCC(466)
    C=[C]C=C(3663) + [CH2]CCC(41) <=> C=CC=C(3303) + C=CCC(466)
    [CH]=CC=C(3664) + [CH2]CCC(41) <=> C=CC=C(3303) + C=CCC(466)
    C=[C]C=C(3663) + C[CH]CC(469) <=> C=CC=C(3303) + C=CCC(466)
    [CH]=CC=C(3664) + C[CH]CC(469) <=> C=CC=C(3303) + C=CCC(466)
    C=CC(C)CC=CC(3643) <=> C=CC=C(3303) + C=CCC(466)
    C=CCCCC=CC(3794) <=> C=CC=C(3303) + C=CCC(466)
    C=C=CCC(C)CC(3795) <=> C=CC=C(3303) + C=CCC(466)
    C=C=CCCCCC(3796) <=> C=CC=C(3303) + C=CCC(466)
    C=C[CH]CC([O])O[O](3797) <=> [O]OC=O(106) + C=CC=C(3303)
    [CH2]C(C=C)C([O])O[O](3798) <=> [O]OC=O(106) + C=CC=C(3303)
    C=C[CH]CO[CH]O[O](3799) <=> [O]OC=O(106) + C=CC=C(3303)
    [CH2]C(C=C)O[CH]O[O](3800) <=> [O]OC=O(106) + C=CC=C(3303)
    [O]OC=O(106) + C=CC=C(3303) <=> C=CC1CC(O[O])O1(3801)
    [O]OC=O(106) + C=CC=C(3303) <=> C=CC1COC1O[O](3802)
    [O]OC=O(106) + C=CC=C(3303) <=> [O]OC1CC=CCO1(3803)
    CO3t2(231) + [CH2]CC=C(538) <=> [O]OC=O(106) + C=CC=C(3303)
    CO3t2(231) + C=C[CH]C(1344) <=> [O]OC=O(106) + C=CC=C(3303)
    [O]O[CH]O(1482) + C=[C]C=C(3663) <=> [O]OC=O(106) + C=CC=C(3303)
    [O]O[CH]O(1482) + [CH]=CC=C(3664) <=> [O]OC=O(106) + C=CC=C(3303)
    [O]CO[O](110) + C=[C]C=C(3663) <=> [O]OC=O(106) + C=CC=C(3303)
    [O]CO[O](110) + [CH]=CC=C(3664) <=> [O]OC=O(106) + C=CC=C(3303)
    O=COO(268) + C=[C]C=C(3663) <=> [O]OC=O(106) + C=CC=C(3303)
    O=COO(268) + [CH]=CC=C(3664) <=> [O]OC=O(106) + C=CC=C(3303)
    [O]OC=O(106) + C=CC=C(3303) <=> [CH2]C(C=C)OOC=O(3804)
    [O]OC=O(106) + C=CC=C(3303) <=> C=C[CH]COOC=O(3805)
    C=C=CCOCO[O](3806) <=> [O]OC=O(106) + C=CC=C(3303)
    C=C=CCC(O)O[O](3807) <=> [O]OC=O(106) + C=CC=C(3303)
    C=C[CH]CC[CH]CCC=C(3808) <=> C=CC=C(3303) + C=CCCC=C(1328)
    [CH2]C(C=C)C[CH]CCC=C(3809) <=> C=CC=C(3303) + C=CCCC=C(1328)
    [CH2]C(C[CH]C=C)CCC=C(3810) <=> C=CC=C(3303) + C=CCCC=C(1328)
    [CH2]C(C=C)C([CH2])CCC=C(3811) <=> C=CC=C(3303) + C=CCCC=C(1328)
    C=CC=C(3303) + C=CCCC=C(1328) <=> C=CCCC1CC=CCC1(3812)
    [CH2]CC=C(538) + C=C[CH]CC=C(1625) <=> C=CC=C(3303) + C=CCCC=C(1328)
    C=C[CH]C(1344) + C=C[CH]CC=C(1625) <=> C=CC=C(3303) + C=CCCC=C(1328)
    [CH2]CC=C(538) + C=[C]CCC=C(1626) <=> C=CC=C(3303) + C=CCCC=C(1328)
    C=C[CH]C(1344) + C=[C]CCC=C(1626) <=> C=CC=C(3303) + C=CCCC=C(1328)
    [CH2]CC=C(538) + [CH]=CCCC=C(1627) <=> C=CC=C(3303) + C=CCCC=C(1328)
    C=C[CH]C(1344) + [CH]=CCCC=C(1627) <=> C=CC=C(3303) + C=CCCC=C(1328)
    C=[C]C=C(3663) + [CH2]CCCC=C(868) <=> C=CC=C(3303) + C=CCCC=C(1328)
    [CH]=CC=C(3664) + [CH2]CCCC=C(868) <=> C=CC=C(3303) + C=CCCC=C(1328)
    C=[C]C=C(3663) + C=CCC[CH]C(997) <=> C=CC=C(3303) + C=CCCC=C(1328)
    [CH]=CC=C(3664) + C=CCC[CH]C(997) <=> C=CC=C(3303) + C=CCCC=C(1328)
    C=CCC=CCC(C)C=C(3813) <=> C=CC=C(3303) + C=CCCC=C(1328)
    C=CCC=CCCCC=C(3814) <=> C=CC=C(3303) + C=CCCC=C(1328)
    C=C=CCC(C)CCC=C(3815) <=> C=CC=C(3303) + C=CCCC=C(1328)
    C=C=CCCCCCC=C(3816) <=> C=CC=C(3303) + C=CCCC=C(1328)
    C2H3OH(72) + C=CC=C(3303) <=> C=CCCOC=C(3744)
    C2H3OH(72) + C=CC=C(3303) <=> C=COC(C)C=C(3743)
    C2H3OH(72) + C=CC=C(3303) <=> C=CC(C=C)CO(3817)
    C2H3OH(72) + C=CC=C(3303) <=> C=CCC(O)C=C(2841)
    C=C[CH]CC[CH]O(3818) <=> C2H3OH(72) + C=CC=C(3303)
    [CH2]C(C=C)C[CH]O(3819) <=> C2H3OH(72) + C=CC=C(3303)
    [CH2]C(O)C[CH]C=C(3820) <=> C2H3OH(72) + C=CC=C(3303)
    [CH2]C(O)C([CH2])C=C(3821) <=> C2H3OH(72) + C=CC=C(3303)
    C2H3OH(72) + C=CC=C(3303) <=> OC1CC=CCC1(3822)
    C=[C]O(69) + [CH2]CC=C(538) <=> C2H3OH(72) + C=CC=C(3303)
    C=[C]O(69) + C=C[CH]C(1344) <=> C2H3OH(72) + C=CC=C(3303)
    [CH]=CO(70) + [CH2]CC=C(538) <=> C2H3OH(72) + C=CC=C(3303)
    [CH]=CO(70) + C=C[CH]C(1344) <=> C2H3OH(72) + C=CC=C(3303)
    CH2CHO(36) + [CH2]CC=C(538) <=> C2H3OH(72) + C=CC=C(3303)
    CH2CH2OH(241) + C=[C]C=C(3663) <=> C2H3OH(72) + C=CC=C(3303)
    CH2CH2OH(241) + [CH]=CC=C(3664) <=> C2H3OH(72) + C=CC=C(3303)
    CH3CHOH(133) + C=[C]C=C(3663) <=> C2H3OH(72) + C=CC=C(3303)
    CH3CHOH(133) + [CH]=CC=C(3664) <=> C2H3OH(72) + C=CC=C(3303)
    C=CC(C)CC=O(3823) <=> C2H3OH(72) + C=CC=C(3303)
    C=CCCCC=O(2840) <=> C2H3OH(72) + C=CC=C(3303)
    C=C=CCC(C)O(3746) <=> C2H3OH(72) + C=CC=C(3303)
    C=C=CCCCO(3824) <=> C2H3OH(72) + C=CC=C(3303)
    C2H3O(67) + [CH2]CC=C(538) <=> CH2OCH2(1871) + C=CC=C(3303)
    C2H3O(67) + C=C[CH]C(1344) <=> CH2OCH2(1871) + C=CC=C(3303)
    [CH2]C(=C)C[CH]C=C(3825) <=> C=C=C(1236) + C=CC=C(3303)
    [CH2]C(=C)C([CH2])C=C(3826) <=> C=C=C(1236) + C=CC=C(3303)
    C=[C]CC[CH]C=C(3827) <=> C=C=C(1236) + C=CC=C(3303)
    [CH2]C(C=C)C[C]=C(3828) <=> C=C=C(1236) + C=CC=C(3303)
    C=C=C(1236) + C=CC=C(3303) <=> C=C1CC=CCC1(3829)
    [CH]=C=C(1912) + [CH2]CC=C(538) <=> C=C=C(1236) + C=CC=C(3303)
    [CH]=C=C(1912) + C=C[CH]C(1344) <=> C=C=C(1236) + C=CC=C(3303)
    C=[C]C(644) + C=[C]C=C(3663) <=> C=C=C(1236) + C=CC=C(3303)
    C=[C]C(644) + [CH]=CC=C(3664) <=> C=C=C(1236) + C=CC=C(3303)
    [CH2]C=C(643) + C=[C]C=C(3663) <=> C=C=C(1236) + C=CC=C(3303)
    [CH2]C=C(643) + [CH]=CC=C(3664) <=> C=C=C(1236) + C=CC=C(3303)
    C#CCC(C)C=C(3830) <=> C=C=C(1236) + C=CC=C(3303)
    C#CCCCC=C(3831) <=> C=C=C(1236) + C=CC=C(3303)
    C=C=CCCC=C(3832) <=> C=C=C(1236) + C=CC=C(3303)
    C=C=CCC(=C)C(3833) <=> C=C=C(1236) + C=CC=C(3303)
    C=C[CH]CC([O])C=C(3834) <=> C=CC=O(278) + C=CC=C(3303)
    [CH2]C(C=C)C([O])C=C(3835) <=> C=CC=O(278) + C=CC=C(3303)
    C=C[CH]CC[CH]C=O(3836) <=> C=CC=O(278) + C=CC=C(3303)
    [CH2]C(C=C)C[CH]C=O(3837) <=> C=CC=O(278) + C=CC=C(3303)
    [CH2]C(C=O)C[CH]C=C(3838) <=> C=CC=O(278) + C=CC=C(3303)
    [CH2]C(C=C)C([CH2])C=O(3839) <=> C=CC=O(278) + C=CC=C(3303)
    C=C[CH]CO[CH]C=C(3840) <=> C=CC=O(278) + C=CC=C(3303)
    [CH2]C(C=C)O[CH]C=C(3841) <=> C=CC=O(278) + C=CC=C(3303)
    C=CC=O(278) + C=CC=C(3303) <=> C=CC1CC(C=C)O1(3842)
    C=CC=O(278) + C=CC=C(3303) <=> C=CC1COC1C=C(3843)
    C=CC=O(278) + C=CC=C(3303) <=> C=CC1CC=CCO1(3844)
    C=CC=O(278) + C=CC=C(3303) <=> O=CC1CC=CCC1(3845)
    C=[C]C=O(2663) + [CH2]CC=C(538) <=> C=CC=O(278) + C=CC=C(3303)
    C=[C]C=O(2663) + C=C[CH]C(1344) <=> C=CC=O(278) + C=CC=C(3303)
    C=C[C]=O(277) + [CH2]CC=C(538) <=> C=CC=O(278) + C=CC=C(3303)
    C=C[C]=O(277) + C=C[CH]C(1344) <=> C=CC=O(278) + C=CC=C(3303)
    [CH]=CC=O(276) + [CH2]CC=C(538) <=> C=CC=O(278) + C=CC=C(3303)
    [CH]=CC=O(276) + C=C[CH]C(1344) <=> C=CC=O(278) + C=CC=C(3303)
    C=C[CH]O(2667) + C=[C]C=C(3663) <=> C=CC=O(278) + C=CC=C(3303)
    C=C[CH]O(2667) + [CH]=CC=C(3664) <=> C=CC=O(278) + C=CC=C(3303)
    [CH2]CC=O(281) + C=[C]C=C(3663) <=> C=CC=O(278) + C=CC=C(3303)
    [CH2]CC=O(281) + [CH]=CC=C(3664) <=> C=CC=O(278) + C=CC=C(3303)
    C[CH]C=O(2668) + C=[C]C=C(3663) <=> C=CC=O(278) + C=CC=C(3303)
    C[CH]C=O(2668) + [CH]=CC=C(3664) <=> C=CC=O(278) + C=CC=C(3303)
    C=CC[O](605) + C=[C]C=C(3663) <=> C=CC=O(278) + C=CC=C(3303)
    C=CC[O](605) + [CH]=CC=C(3664) <=> C=CC=O(278) + C=CC=C(3303)
    C=C=COC(C)C=C(3846) <=> C=CC=O(278) + C=CC=C(3303)
    C=C=COCCC=C(3847) <=> C=CC=O(278) + C=CC=C(3303)
    C=CC(C)CC=C=O(3848) <=> C=CC=O(278) + C=CC=C(3303)
    C=CCCCC=C=O(3849) <=> C=CC=O(278) + C=CC=C(3303)
    C=C=CCOCC=C(3850) <=> C=CC=O(278) + C=CC=C(3303)
    C=C=CCC(C)C=O(3851) <=> C=CC=O(278) + C=CC=C(3303)
    C=C=CCCCC=O(3852) <=> C=CC=O(278) + C=CC=C(3303)
    C=C=CCC(O)C=C(3853) <=> C=CC=O(278) + C=CC=C(3303)
    C=C[CH]CC([O])=CC(3854) <=> CC=C=O(2656) + C=CC=C(3303)
    [CH2]C(C=C)C([O])=CC(3855) <=> CC=C=O(2656) + C=CC=C(3303)
    C=C[CH]CO[C]=CC(3856) <=> CC=C=O(2656) + C=CC=C(3303)
    [CH2]C(C=C)O[C]=CC(3857) <=> CC=C=O(2656) + C=CC=C(3303)
    C=C[CH]CC(C)[C]=O(3858) <=> CC=C=O(2656) + C=CC=C(3303)
    [CH2]C(C=C)C(C)[C]=O(3859) <=> CC=C=O(2656) + C=CC=C(3303)
    CC=C=O(2656) + C=CC=C(3303) <=> C=CC1CC(C)C1=O(3860)
    CC=C=O(2656) + C=CC=C(3303) <=> C=CC1CC(=O)C1C(3861)
    CC=C=O(2656) + C=CC=C(3303) <=> CC=C1CC=CCO1(3862)
    CC=C=O(2656) + C=CC=C(3303) <=> CC1CC=CCC1=O(3863)
    C=C[C]=O(277) + [CH2]CC=C(538) <=> CC=C=O(2656) + C=CC=C(3303)
    C=C[C]=O(277) + C=C[CH]C(1344) <=> CC=C=O(2656) + C=CC=C(3303)
    C[C]=C=O(3046) + [CH2]CC=C(538) <=> CC=C=O(2656) + C=CC=C(3303)
    C[C]=C=O(3046) + C=C[CH]C(1344) <=> CC=C=O(2656) + C=CC=C(3303)
    CC=[C]O(3047) + C=[C]C=C(3663) <=> CC=C=O(2656) + C=CC=C(3303)
    CC=[C]O(3047) + [CH]=CC=C(3664) <=> CC=C=O(2656) + C=CC=C(3303)
    CC[C]=O(282) + C=[C]C=C(3663) <=> CC=C=O(2656) + C=CC=C(3303)
    CC[C]=O(282) + [CH]=CC=C(3664) <=> CC=C=O(2656) + C=CC=C(3303)
    C[CH]C=O(2668) + C=[C]C=C(3663) <=> CC=C=O(2656) + C=CC=C(3303)
    C[CH]C=O(2668) + [CH]=CC=C(3664) <=> CC=C=O(2656) + C=CC=C(3303)
    C=CC(=O)C(C)C=C(3864) <=> CC=C=O(2656) + C=CC=C(3303)
    C=CCCC(=O)C=C(3865) <=> CC=C=O(2656) + C=CC=C(3303)
    C=CC(C)OC#CC(3866) <=> CC=C=O(2656) + C=CC=C(3303)
    C=CCCOC#CC(3867) <=> CC=C=O(2656) + C=CC=C(3303)
    C=C=CCOC=CC(3868) <=> CC=C=O(2656) + C=CC=C(3303)
    C=C=CCC(C)C=O(3851) <=> CC=C=O(2656) + C=CC=C(3303)
    C=C=CCC(O)=CC(3869) <=> CC=C=O(2656) + C=CC=C(3303)
    C=C=CCC(=O)CC(3870) <=> CC=C=O(2656) + C=CC=C(3303)
    C=C[CH]CC[CH]C=C(3871) <=> C=CC=C(3303) + C=CC=C(3303)
    [CH2]C(C=C)C[CH]C=C(3872) <=> C=CC=C(3303) + C=CC=C(3303)
    [CH2]C(C=C)C([CH2])C=C(3873) <=> C=CC=C(3303) + C=CC=C(3303)
    C=CC=C(3303) + C=CC=C(3303) <=> C=CC1CC=CCC1(3874)
    C=CC=C(3303) + C=CC=C(3303) <=> C=CC1CC=CCC1(3874)
    C=[C]C=C(3663) + [CH2]CC=C(538) <=> C=CC=C(3303) + C=CC=C(3303)
    C=[C]C=C(3663) + C=C[CH]C(1344) <=> C=CC=C(3303) + C=CC=C(3303)
    [CH]=CC=C(3664) + [CH2]CC=C(538) <=> C=CC=C(3303) + C=CC=C(3303)
    [CH]=CC=C(3664) + C=C[CH]C(1344) <=> C=CC=C(3303) + C=CC=C(3303)
    C=C=CCC(C)C=C(3875) <=> C=CC=C(3303) + C=CC=C(3303)
    C=C=CCCCC=C(3876) <=> C=CC=C(3303) + C=CC=C(3303)

After model enlargement:
    The model core has 83 species and 952 reactions
    The model edge has 3792 species and 9946 reactions


Saving current model core to Chemkin file...
Chemkin file contains 959 reactions.
Saving annotated version of Chemkin file...
Chemkin file contains 959 reactions.
Saving current model core and edge to Chemkin file...
Chemkin file contains 10905 reactions.
Saving annotated version of Chemkin file...
Chemkin file contains 10905 reactions.
Saving current model core to HTML file...
Saving current model edge to HTML file...
Updating RMG execution statistics...
    Execution time (DD:HH:MM:SS): 00:00:06:11
    Memory used: 1022.79 MB

Making seed mechanism...
Conducting simulation of reaction system 1...
At time 7.4040e-06 s, species C1=CCC1(3661) at 0.10106173067745461 exceeded the minimum rate for simulation interruption of 0.1
At time 7.4040e-06 s, species C1=CCC1(3661) at rate ratio 0.10106173067745461 exceeded the minimum rate for moving to model core of 0.1
terminating simulation due to interrupt...


Adding species C1=CCC1(3661) to model core

Summary of Model Enlargement
---------------------------------
Added 1 new core species
    C1=CCC1(3661)
Created 0 new edge species
Moved 1 reactions from edge to core
    C=CC=C(3303) <=> C1=CCC1(3661)
Added 0 new core reactions
Created 0 new edge reactions

After model enlargement:
    The model core has 84 species and 953 reactions
    The model edge has 3791 species and 9945 reactions


At time 6.6321e-05 s, reached target termination conversion: 0.900000 of C12H24(1)
    C12H24(1) conversion: 0.9022    

For reaction generation 1 process is used.
Generating thermo for new species...
Generating kinetics for new reactions...
For reaction O2(2) + C1=CCC1(3661) <=> [O]OC1[CH]CC1(3890), Ea raised from 126.3 to 129.5 kJ/mol to match endothermicity of reaction.

Summary of Secondary Model Edge Enlargement
---------------------------------
Added 0 new core species
Created 19 new edge species
    [CH]1C[CH]C1(3877)
    [CH]1[CH]CC1(3878)
    [CH]1C=CC1(3879)
    [C]1=CCC1(3880)
    [C]1CCC1(3881)
    OC1CCC1(3882)
    [CH]1CCC1(3883)
    O=CC1C=CC1(3884)
    O=CC1=CCC1(3885)
    [C-]=[O+]C1C=CC1(3886)
    [OH+]=[C-]C1C=CC1(3887)
    [CH2]CC1[CH]CC1(3888)
    CCC1C=CC1(3889)
    [O]OC1[CH]CC1(3890)
    C[CH]CC1[CH]CC1(3891)
    [CH2]C(C)C1[CH]CC1(3892)
    C=CCC1CCC1(3893)
    CC(C)C1C=CC1(3894)
    CCCC1C=CC1(3895)
Added 0 new core reactions
Created 35 new edge reactions
    [CH]=CC[CH2](408) <=> C1=CCC1(3661)
    [CH2]C=C[CH2](3299) <=> C1=CCC1(3661)
    [CH]1C[CH]C1(3877) <=> C1=CCC1(3661)
    [CH]1[CH]CC1(3878) <=> C1=CCC1(3661)
    H(3) + [CH]1C=CC1(3879) <=> C1=CCC1(3661)
    H(3) + [C]1=CCC1(3880) <=> C1=CCC1(3661)
    [C]1CCC1(3881) <=> C1=CCC1(3661)
    H2O(7) + C1=CCC1(3661) <=> OC1CCC1(3882)
    OH(5) + [CH]1CCC1(3883) <=> H2O(7) + C1=CCC1(3661)
    CO(12) + C1=CCC1(3661) <=> O=CC1C=CC1(3884)
    CO(12) + C1=CCC1(3661) <=> O=CC1=CCC1(3885)
    HCO(14) + [CH]1C=CC1(3879) <=> CO(12) + C1=CCC1(3661)
    HCO(14) + [C]1=CCC1(3880) <=> CO(12) + C1=CCC1(3661)
    [C-]=[O+]C1C=CC1(3886) <=> CO(12) + C1=CCC1(3661)
    [OH+]=[C-]C1C=CC1(3887) <=> CO(12) + C1=CCC1(3661)
    [CH2]CC1[CH]CC1(3888) <=> C2H4(30) + C1=CCC1(3661)
    C2H3(29) + [CH]1CCC1(3883) <=> C2H4(30) + C1=CCC1(3661)
    C2H5(33) + [CH]1C=CC1(3879) <=> C2H4(30) + C1=CCC1(3661)
    C2H5(33) + [C]1=CCC1(3880) <=> C2H4(30) + C1=CCC1(3661)
    CCC1C=CC1(3889) <=> C2H4(30) + C1=CCC1(3661)
    HO2(10) + [CH]1C=CC1(3879) <=> O2(2) + C1=CCC1(3661)
    HO2(10) + [C]1=CCC1(3880) <=> O2(2) + C1=CCC1(3661)
    O2(2) + C1=CCC1(3661) <=> [O]OC1[CH]CC1(3890)
    C[CH]CC1[CH]CC1(3891) <=> C=CC(158) + C1=CCC1(3661)
    [CH2]C(C)C1[CH]CC1(3892) <=> C=CC(158) + C1=CCC1(3661)
    [CH2]C=C(643) + [CH]1CCC1(3883) <=> C=CC(158) + C1=CCC1(3661)
    C=[C]C(644) + [CH]1CCC1(3883) <=> C=CC(158) + C1=CCC1(3661)
    [CH]=CC(374) + [CH]1CCC1(3883) <=> C=CC(158) + C1=CCC1(3661)
    [CH2]CC(47) + [CH]1C=CC1(3879) <=> C=CC(158) + C1=CCC1(3661)
    [CH2]CC(47) + [C]1=CCC1(3880) <=> C=CC(158) + C1=CCC1(3661)
    C[CH]C(160) + [CH]1C=CC1(3879) <=> C=CC(158) + C1=CCC1(3661)
    C[CH]C(160) + [C]1=CCC1(3880) <=> C=CC(158) + C1=CCC1(3661)
    C=CCC1CCC1(3893) <=> C=CC(158) + C1=CCC1(3661)
    CC(C)C1C=CC1(3894) <=> C=CC(158) + C1=CCC1(3661)
    CCCC1C=CC1(3895) <=> C=CC(158) + C1=CCC1(3661)

After model enlargement:
    The model core has 84 species and 953 reactions
    The model edge has 3810 species and 9980 reactions


Saving current model core to Chemkin file...
Chemkin file contains 960 reactions.
Saving annotated version of Chemkin file...
Chemkin file contains 960 reactions.
Saving current model core and edge to Chemkin file...
Chemkin file contains 10940 reactions.
Saving annotated version of Chemkin file...
Chemkin file contains 10940 reactions.
Saving current model core to HTML file...
Saving current model edge to HTML file...
Updating RMG execution statistics...
    Execution time (DD:HH:MM:SS): 00:00:06:22
    Memory used: 1027.15 MB

Making seed mechanism...
Conducting simulation of reaction system 1...
At time 4.0389e-05 s, species [CH2]C=C[CH2](3299) at 0.1020676805065192 exceeded the minimum rate for simulation interruption of 0.1
At time 4.0389e-05 s, species [CH2]C=C[CH2](3299) at rate ratio 0.1020676805065192 exceeded the minimum rate for moving to model core of 0.1
terminating simulation due to interrupt...


Adding species [CH2]C=C[CH2](3299) to model core

Summary of Model Enlargement
---------------------------------
Added 1 new core species
    [CH2]C=C[CH2](3299)
Created 0 new edge species
Moved 18 reactions from edge to core
    H(3) + [CH2]C=C[CH2](3299) <=> C=C[CH]C(1344)
    HCO(14) + [CH2]C=C[CH2](3299) <=> CO(12) + C=C[CH]C(1344)
    CH2OH(34) + [CH2]C=C[CH2](3299) <=> CH2O(19) + C=C[CH]C(1344)
    CH3O(27) + [CH2]C=C[CH2](3299) <=> CH2O(19) + C=C[CH]C(1344)
    C2H3(29) + [CH2]C=C[CH2](3299) <=> C2H2(22) + C=C[CH]C(1344)
    CH3CO(35) + [CH2]C=C[CH2](3299) <=> CH2CO(28) + C=C[CH]C(1344)
    CH2CHO(36) + [CH2]C=C[CH2](3299) <=> CH2CO(28) + C=C[CH]C(1344)
    C2H5(33) + [CH2]C=C[CH2](3299) <=> C2H4(30) + C=C[CH]C(1344)
    [CH2]CC(47) + [CH2]C=C[CH2](3299) <=> C=CC(158) + C=C[CH]C(1344)
    C[CH]C(160) + [CH2]C=C[CH2](3299) <=> C=CC(158) + C=C[CH]C(1344)
    [CH2]C=C[CH2](3299) + [CH2]CCCCCCCC(46) <=> C=C[CH]C(1344) + C=CCCCCCCC(138)
    [CH2]C=C[CH2](3299) + [CH2]CCCCC(44) <=> C=C[CH]C(1344) + C=CCCCC(514)
    [CH2]C=C[CH2](3299) + C[CH]CCCC(519) <=> C=C[CH]C(1344) + C=CCCCC(514)
    [CH2]C=C[CH2](3299) + [CH2]CCCCCC(40) <=> C=C[CH]C(1344) + C=CCCCCC(546)
    [CH2]C=C[CH2](3299) + [CH2]CCC(41) <=> C=C[CH]C(1344) + C=CCC(466)
    CH2CH2OH(241) + [CH2]C=C[CH2](3299) <=> C2H3OH(72) + C=C[CH]C(1344)
    [CH2]C=C(643) + [CH2]C=C[CH2](3299) <=> C=C=C(1236) + C=C[CH]C(1344)
    [CH2]C=C[CH2](3299) <=> C1=CCC1(3661)
Added 0 new core reactions
Created 0 new edge reactions

After model enlargement:
    The model core has 85 species and 971 reactions
    The model edge has 3809 species and 9962 reactions


At time 6.5779e-05 s, reached target termination conversion: 0.900000 of C12H24(1)
    C12H24(1) conversion: 0.9006    

For reaction generation 1 process is used.
Generating thermo for new species...
Generating kinetics for new reactions...

Summary of Secondary Model Edge Enlargement
---------------------------------
Added 0 new core species
Created 4 new edge species
    [CH]C=C[CH2](3896)
    [CH2]C1[CH]C1(3897)
    [CH2][C]=C[CH2](3898)
    [CH][CH2](3899)
Added 1 new core reactions
    [CH2]C=C[CH2](3299) => C=CC=C(3303)
Created 13 new edge reactions
    CH2(T)(17) + [CH]C=C(2266) <=> [CH2]C=C[CH2](3299)
    H(3) + [CH]C=C[CH2](3896) <=> [CH2]C=C[CH2](3299)
    [CH2]C=C[CH2](3299) <=> C=C=CC(3298)
    [CH2]C=C[CH2](3299) <=> [CH2]C1[CH]C1(3897)
    H(3) + C=[C]C=C(3663) <=> [CH2]C=C[CH2](3299)
    H(3) + [CH2][C]=C[CH2](3898) <=> [CH2]C=C[CH2](3299)
    [CH2]C=C[CH2](3299) <=> [CH2]C=[C]C(3300)
    [CH2][C]=CC(3301) <=> [CH2]C=C[CH2](3299)
    C2H3(29) + [CH][CH2](3899) <=> [CH2]C=C[CH2](3299)
    [CH2]C=C[CH2](3299) <=> [CH]1[CH]CC1(3878)
    [CH2]C[C]=C(3662) <=> [CH2]C=C[CH2](3299)
    [CH]=CC[CH2](408) <=> [CH2]C=C[CH2](3299)
    [CH]C=CC(3295) <=> [CH2]C=C[CH2](3299)

After model enlargement:
    The model core has 85 species and 972 reactions
    The model edge has 3813 species and 9975 reactions


Saving current model core to Chemkin file...
Chemkin file contains 979 reactions.
Saving annotated version of Chemkin file...
Chemkin file contains 979 reactions.
Saving current model core and edge to Chemkin file...
Chemkin file contains 10954 reactions.
Saving annotated version of Chemkin file...
Chemkin file contains 10954 reactions.
Saving current model core to HTML file...
Saving current model edge to HTML file...
Updating RMG execution statistics...
    Execution time (DD:HH:MM:SS): 00:00:06:32
    Memory used: 1031.00 MB

Making seed mechanism...
Conducting simulation of reaction system 1...
At time 5.6519e-05 s, species [CH2]CC=C(538) at 0.10004984535992802 exceeded the minimum rate for simulation interruption of 0.1
At time 5.6519e-05 s, species [CH2]CC=C(538) at rate ratio 0.10004984535992802 exceeded the minimum rate for moving to model core of 0.1
terminating simulation due to interrupt...


Adding species [CH2]CC=C(538) to model core

Summary of Model Enlargement
---------------------------------
Added 1 new core species
    [CH2]CC=C(538)
Created 0 new edge species
Moved 63 reactions from edge to core
    C2H3(29) + C2H4(30) <=> [CH2]CC=C(538)
    [CH2]CC=C(538) + [CH2]CCCC(39) <=> C=CCCCCCCC(138)
    C2H5(33) + [CH2]CC=C(538) <=> C=CCCCC(514)
    [CH2]CC(47) + [CH2]CC=C(538) <=> C=CCCCCC(546)
    H(3) + [CH2]CC=C(538) <=> C=CCC(466)
    H(3) + C=CCC(466) <=> H2(6) + [CH2]CC=C(538)
    O(4) + C=CCC(466) <=> OH(5) + [CH2]CC=C(538)
    OH(5) + C=CCC(466) <=> H2O(7) + [CH2]CC=C(538)
    H2O2(11) + [CH2]CC=C(538) <=> HO2(10) + C=CCC(466)
    HCO(14) + [CH2]CC=C(538) <=> CO(12) + C=CCC(466)
    CH2O(19) + [CH2]CC=C(538) <=> HCO(14) + C=CCC(466)
    CH3(18) + C=CCC(466) <=> CH4(31) + [CH2]CC=C(538)
    CH2OH(34) + [CH2]CC=C(538) <=> CH2O(19) + C=CCC(466)
    CH3O(27) + [CH2]CC=C(538) <=> CH2O(19) + C=CCC(466)
    C2H3(29) + [CH2]CC=C(538) <=> C2H2(22) + C=CCC(466)
    CH3CO(35) + [CH2]CC=C(538) <=> CH2CO(28) + C=CCC(466)
    CH2CHO(36) + [CH2]CC=C(538) <=> CH2CO(28) + C=CCC(466)
    C2H3(29) + C=CCC(466) <=> C2H4(30) + [CH2]CC=C(538)
    C2H5(33) + [CH2]CC=C(538) <=> C2H4(30) + C=CCC(466)
    C2H6(32) + [CH2]CC=C(538) <=> C2H5(33) + C=CCC(466)
    [CH2]C[O](71) + [CH2]CC=C(538) <=> CH2CHO(36) + C=CCC(466)
    CH3CHO(37) + [CH2]CC=C(538) <=> CH2CHO(36) + C=CCC(466)
    C2H3OH(72) + [CH2]CC=C(538) <=> CH2CHO(36) + C=CCC(466)
    HO2(10) + [CH2]CC=C(538) <=> O2(2) + C=CCC(466)
    [CH2]CC(47) + [CH2]CC=C(538) <=> C=CC(158) + C=CCC(466)
    C[CH]C(160) + [CH2]CC=C(538) <=> C=CC(158) + C=CCC(466)
    [CH2]CC=C(538) + [CH2]CCCCCCCC(46) <=> C=CCC(466) + C=CCCCCCCC(138)
    [CH2]CC=C(538) + [CH2]CCCCC(44) <=> C=CCC(466) + C=CCCCC(514)
    [CH2]CC=C(538) + C[CH]CCCC(519) <=> C=CCC(466) + C=CCCCC(514)
    [CH2]CC=C(538) + [CH2]CCCCCC(40) <=> C=CCC(466) + C=CCCCCC(546)
    C=CC(158) + [CH2]CC=C(538) <=> [CH2]C=C(643) + C=CCC(466)
    [CH2]CC=C(538) + [CH2]CCC(41) <=> C=CCC(466) + C=CCC(466)
    C2H3(29) + [CH2]CC=C(538) <=> C=CCCC=C(1328)
    CH2CH2OH(241) + [CH2]CC=C(538) <=> C2H3OH(72) + C=CCC(466)
    [CH2]C=C(643) + [CH2]CC=C(538) <=> C=C=C(1236) + C=CCC(466)
    [CH2]CC=C(538) <=> C=C[CH]C(1344)
    [CH2]CC=C(538) + C=CCC(466) <=> C=C[CH]C(1344) + C=CCC(466)
    H(3) + C=CC=C(3303) <=> [CH2]CC=C(538)
    O(4) + [CH2]CC=C(538) <=> OH(5) + C=CC=C(3303)
    H(3) + [CH2]CC=C(538) <=> H2(6) + C=CC=C(3303)
    OH(5) + [CH2]CC=C(538) <=> H2O(7) + C=CC=C(3303)
    O2(2) + [CH2]CC=C(538) <=> HO2(10) + C=CC=C(3303)
    HO2(10) + [CH2]CC=C(538) <=> H2O2(11) + C=CC=C(3303)
    CH2(T)(17) + [CH2]CC=C(538) <=> CH3(18) + C=CC=C(3303)
    HCO(14) + [CH2]CC=C(538) <=> CH2O(19) + C=CC=C(3303)
    C2H(21) + [CH2]CC=C(538) <=> C2H2(22) + C=CC=C(3303)
    CH2OH(34) + [CH2]CC=C(538) <=> CH3OH(26) + C=CC=C(3303)
    CH3O(27) + [CH2]CC=C(538) <=> CH3OH(26) + C=CC=C(3303)
    HCCO(20) + [CH2]CC=C(538) <=> CH2CO(28) + C=CC=C(3303)
    C2H3(29) + [CH2]CC=C(538) <=> C2H4(30) + C=CC=C(3303)
    CH3(18) + [CH2]CC=C(538) <=> CH4(31) + C=CC=C(3303)
    C2H5(33) + [CH2]CC=C(538) <=> C2H6(32) + C=CC=C(3303)
    CH2CHO(36) + [CH2]CC=C(538) <=> CH3CHO(37) + C=CC=C(3303)
    CH3CO(35) + [CH2]CC=C(538) <=> CH3CHO(37) + C=CC=C(3303)
    [CH2]CC=C(538) + CCCC[CH]CCCCCCC(43) <=> C=CC=C(3303) + C12H24(1)
    [CH2]CC=C(538) + CCCCC[CH]CCCCCC(45) <=> C=CC=C(3303) + C12H24(1)
    [CH2]CC=C(538) + C[CH]CCCCCCCCCC(52) <=> C=CC=C(3303) + C12H24(1)
    [CH2]CC=C(538) + [CH2]CCCCCCCCCCC(53) <=> C=CC=C(3303) + C12H24(1)
    [CH2]C=C(643) + [CH2]CC=C(538) <=> C=CC(158) + C=CC=C(3303)
    C=C[CH]C(1344) + [CH2]CC=C(538) <=> C=CC=C(3303) + C=CCC(466)
    [CH2]CC=C(538) + [CH2]CC=C(538) <=> C=CC=C(3303) + C=CCC(466)
    C=C[CH]C(1344) + [CH2]CC=C(538) <=> C=CC=C(3303) + C=CCC(466)
    CH2CHO(36) + [CH2]CC=C(538) <=> C2H3OH(72) + C=CC=C(3303)
Added 0 new core reactions
Created 0 new edge reactions

After model enlargement:
    The model core has 86 species and 1035 reactions
    The model edge has 3812 species and 9912 reactions


At time 6.4723e-05 s, reached target termination conversion: 0.900000 of C12H24(1)
    C12H24(1) conversion: 0.9007    

For reaction generation 1 process is used.
Generating thermo for new species...
Generating kinetics for new reactions...
For reaction O2(2) + [CH2]CC=C(538) <=> [CH2]CC([CH2])O[O](1603), Ea raised from 143.7 to 145.8 kJ/mol to match endothermicity of reaction.
For reaction O2(2) + [CH2]CC=C(538) <=> [CH2]C[CH]CO[O](3902), Ea raised from 142.8 to 144.9 kJ/mol to match endothermicity of reaction.

Summary of Secondary Model Edge Enlargement
---------------------------------
Added 0 new core species
Created 3 new edge species
    [CH]CC=C(3900)
    [CH2]C1CC1(3901)
    [CH2]C[CH]CO[O](3902)
Added 2 new core reactions
    CH2(T)(17) + [CH2]C=C(643) <=> [CH2]CC=C(538)
    H(3) + [CH2]C=C[CH2](3299) <=> [CH2]CC=C(538)
Created 15 new edge reactions
    H(3) + [CH]CC=C(3900) <=> [CH2]CC=C(538)
    [CH2][CH]C[CH2](3296) <=> [CH2]CC=C(538)
    [CH2]CC=C(538) <=> [CH]1CCC1(3883)
    [CH2]CC=C(538) <=> [CH2]C1CC1(3901)
    C2H3(29) + [CH2][CH2](66) <=> [CH2]CC=C(538)
    H(3) + [CH2]C[C]=C(3662) <=> [CH2]CC=C(538)
    H(3) + [CH]=CC[CH2](408) <=> [CH2]CC=C(538)
    C=[C]CC(1345) <=> [CH2]CC=C(538)
    [CH]=CCC(1346) <=> [CH2]CC=C(538)
    HO2(10) + [CH]CC=C(3900) <=> O2(2) + [CH2]CC=C(538)
    HO2(10) + [CH2]C[C]=C(3662) <=> O2(2) + [CH2]CC=C(538)
    O2(2) + [CH2]CC=C(538) <=> HO2(10) + [CH]=CC[CH2](408)
    O2(2) + [CH2]CC=C(538) <=> [CH2]CC([CH2])O[O](1603)
    O2(2) + [CH2]CC=C(538) <=> [CH2]C[CH]CO[O](3902)
    O2(2) + [CH2]CC=C(538) <=> C=CCCO[O](3670)

After model enlargement:
    The model core has 86 species and 1037 reactions
    The model edge has 3815 species and 9927 reactions


Saving current model core to Chemkin file...
Chemkin file contains 1044 reactions.
Saving annotated version of Chemkin file...
Chemkin file contains 1044 reactions.
Saving current model core and edge to Chemkin file...
Chemkin file contains 10971 reactions.
Saving annotated version of Chemkin file...
Chemkin file contains 10971 reactions.
Saving current model core to HTML file...
Saving current model edge to HTML file...
Updating RMG execution statistics...
    Execution time (DD:HH:MM:SS): 00:00:06:42
    Memory used: 1036.96 MB

Making seed mechanism...
Conducting simulation of reaction system 1...
At time 3.1421e-06 s, species [CH2]C1CC1(3901) at 0.1008709340199597 exceeded the minimum rate for simulation interruption of 0.1
At time 3.1421e-06 s, species [CH2]C1CC1(3901) at rate ratio 0.1008709340199597 exceeded the minimum rate for moving to model core of 0.1
terminating simulation due to interrupt...


Adding species [CH2]C1CC1(3901) to model core

Summary of Model Enlargement
---------------------------------
Added 1 new core species
    [CH2]C1CC1(3901)
Created 0 new edge species
Moved 1 reactions from edge to core
    [CH2]CC=C(538) <=> [CH2]C1CC1(3901)
Added 0 new core reactions
Created 0 new edge reactions

After model enlargement:
    The model core has 87 species and 1038 reactions
    The model edge has 3814 species and 9926 reactions


At time 6.4720e-05 s, reached target termination conversion: 0.900000 of C12H24(1)
    C12H24(1) conversion: 0.9007    

For reaction generation 1 process is used.
Generating thermo for new species...
Generating kinetics for new reactions...

Summary of Secondary Model Edge Enlargement
---------------------------------
Added 0 new core species
Created 5 new edge species
    [CH]C1CC1(3903)
    [CH2]C([CH2])[CH2](3904)
    C=C1CC1(3905)
    [CH2][C]1CC1(3906)
    C[C]1CC1(3907)
Added 1 new core reactions
    CH2(S)(24) + [CH2]C=C(643) <=> [CH2]C1CC1(3901)
Created 10 new edge reactions
    [CH2]C1CC1(3901) <=> [CH]1CCC1(3883)
    CH2(T)(17) + [CH]1CC1(1235) <=> [CH2]C1CC1(3901)
    H(3) + [CH]C1CC1(3903) <=> [CH2]C1CC1(3901)
    [CH2]C([CH2])[CH2](3904) <=> [CH2]C1CC1(3901)
    [CH2][CH]C[CH2](3296) <=> [CH2]C1CC1(3901)
    H(3) + C=C1CC1(3905) <=> [CH2]C1CC1(3901)
    H(3) + [CH2][C]1CC1(3906) <=> [CH2]C1CC1(3901)
    H(3) + [CH2]C1[CH]C1(3897) <=> [CH2]C1CC1(3901)
    C[C]1CC1(3907) <=> [CH2]C1CC1(3901)
    CC1[CH]C1(3297) <=> [CH2]C1CC1(3901)

After model enlargement:
    The model core has 87 species and 1039 reactions
    The model edge has 3819 species and 9936 reactions


Saving current model core to Chemkin file...
Chemkin file contains 1046 reactions.
Saving annotated version of Chemkin file...
Chemkin file contains 1046 reactions.
Saving current model core and edge to Chemkin file...
Chemkin file contains 10982 reactions.
Saving annotated version of Chemkin file...
Chemkin file contains 10982 reactions.
Saving current model core to HTML file...
Saving current model edge to HTML file...
Updating RMG execution statistics...
    Execution time (DD:HH:MM:SS): 00:00:06:53
    Memory used: 1039.22 MB

Making seed mechanism...
Conducting simulation of reaction system 1...
At time 6.4710e-05 s, reached target termination conversion: 0.900000 of C12H24(1)
    C12H24(1) conversion: 0.9007    


At time 6.4710e-05 s, reached target termination conversion: 0.900000 of C12H24(1)
    C12H24(1) conversion: 0.9007    

For reaction generation 1 process is used.

Summary of Secondary Model Edge Enlargement
---------------------------------
Added 0 new core species
Created 0 new edge species
Added 0 new core reactions
Created 0 new edge reactions

After model enlargement:
    The model core has 87 species and 1039 reactions
    The model edge has 3819 species and 9936 reactions


Saving current model core to Chemkin file...
Chemkin file contains 1046 reactions.
Saving annotated version of Chemkin file...
Chemkin file contains 1046 reactions.
Saving current model core and edge to Chemkin file...
Chemkin file contains 10982 reactions.
Saving annotated version of Chemkin file...
Chemkin file contains 10982 reactions.
Saving current model core to HTML file...
Saving current model edge to HTML file...
Updating RMG execution statistics...
    Execution time (DD:HH:MM:SS): 00:00:07:03
    Memory used: 1039.30 MB

Making seed mechanism...
Performing final model checks...


Warning: 6 CORE reactions violate the collision rate limit!
See the 'collision_rate_violators.log' for details.



MODEL GENERATION COMPLETED

The final model core has 87 species and 1039 reactions
The final model edge has 3819 species and 9936 reactions

RMG execution terminated at Mon May 12 11:20:07 2025
